Name,INV No (IN0),Invoice Date_,Cycle Start Date,End date,Notes,Cycle No,# of days left,Company,No of Purchased cattle,Mortalities,Live # of cattle,Beefcor Invoice,Proof of Payment (Purchase Invoice),Average Cattle Cost,Purchase Value,Invoice paid,Purchased Cattle Batch No,Expected Sale value,SVC Standing Fee,Final No of days for cycle,Sale Date,No of cattle sold,Total Selling Price,Selling price per head of cattle,Status,Sales Invoice,Return,Unsold Cattle,Outstanding Invoice PMT,Sales Working Sheet,SVC Invoice & Paid,Additional Notes
Batch 685 - Agrifund,66723,"May 7, 2024","May 7, 2024","July 9, 2024",,Cycle 5,-678,Agrifund,103,1,102,SKM_28724051009150.pdf (https://v5.airtableusercontent.com/v3/u/53/53/1779120000000/0vlvWuLOToURBajkULvVkw/3Hj00NKDcdQZknQ9VoSXXbKApx_NTxgeEKLVVZxZNm5uEwrEzvUvHhSBZ8hyDdTut6YWwgjDJSrG2gfV9uCzrB5cGMvwmtljSmCuN6iHDKkg60yJPaxq_glZctPkcu5BsZ_my6kwb5qQ3ICIZMdKcRKbkRLSCv_xD6409kCSKRk/Iv0AGOYwUnydLYXZqAWpbq52bsxKDg5c15hwW9qIuys),Payment Confirmation-30.pdf (https://v5.airtableusercontent.com/v3/u/53/53/1779120000000/g38RBr28L68uDL465NFqTw/3Kb_bL01-aRmun-VjPQYGcNlHuCB-aAUB7vBybsSuvrzXyt49eH9oKoeEKVldmBRN3l510iSRPo68uW6V-hWYyaTjADUYl704ZFAyExuvI9ZSxoiBa5MyYuutLxV6dk7fdBxvHbXtwFYv1FhCFifucueFtr3rX2kn3iJfLdtKlPjxUAF4vdHwRh3mg0eVMDI/TnuPFVJqCVhA9ZLt7q5cx6zYi5m16HgsWMy53CDmKno),R6705.0529,R690620.45,Processed & Paid,"51793,51793,51793,51793,51793,51793,51793,51793,51793,51793,51793,51793,51793,51793,51793,51793,51793,51793,51793,51793,51793,51793,51793,51793,51793,51793,51793,51793,51793,51793,51793,51793,51793,51793,51793,51793,51793,51793,51793,51793,51793,51793,51793,51793,51793,51793,51793,51793,51793,51793,51793,51793,51793,51793,51793,51793,51793,51793,51793,51793,51793,51793,51793,51793,51793,51793,51793,51793,51793,51793,51793,51793,51793,51793,51793,51793,51793,51793,51793,51793,51793,51793,51793,51793,51793,51793,51793,51793,51793,51793,51793,51793,51793,51793,51793,51793,51793,51793,51793,51793,51793,51793,51793",R747842.67,R0.00,140,9/24/2024,103,R716370.45,R6955.0529,Sold,"Invoice INV-0029-2.pdf (https://v5.airtableusercontent.com/v3/u/53/53/1779120000000/JnqcwzuXphifA3vJrjgP_g/jQ6LZ6I-pxKNxWHHyu_gjPvtnN0AXnfWkPRHKJd78qrpr91HNfFCqkSrUmBS8TVcy876BLaPmEMw01L799CtEJpXJkwOYPYgohpsY3iDJQsvXi6KUJlLtVBf6hDisVc3xDzwxsOCHTW7zGqPZg_SDZYG7unI-HMRedo6OaLX6uM/qOE9MyCOLBBqCtAiIs9IAKMXcq7D6wc3qLBYuBAYIMA),Invoice INV-0028-3.pdf (https://v5.airtableusercontent.com/v3/u/53/53/1779120000000/UTYENz35CzK0Kb4JxUaHmw/XKqe7dVOh6ajElQhN4hhUWlvWN4ky2hUBUrJcO1UpLjV3XhvH6Y5u6JvMB9Bwj8muKzyDn8D7MoSurpCW3Mt7g7q2c6OGzLL8o86yeeMK2zl9K1zt3w4-88XHDnbq6pV4LNq9djiBZe_u0acoj9-GmVPAfPX2tlFr9qXiu9oh8A/wl2dicKCB5bAVsWTedF97t-NpOOMN6FzhajBsB1HJ_o),Invoice INV-0030-3.pdf (https://v5.airtableusercontent.com/v3/u/53/53/1779120000000/JAOUrj8RX87ZL4FhElx_3Q/sNdD3fItwoK374eqiDYinQXzcaQt-_VoQBwZQMd38ILjuTJ0JH5F-8jx1uHTfIqCtSMtCS6hcQbNwy8ggmVXY7raoENvtPb07GBHLw4xbAStmCsRpm94L0q5G7PX0gYNovBy641x2kXQ_LI-1ufLBkGvTf1Ct1ydFqjY60lsyeE/WqIdNIkHbg8n9pZTIf0Ph-R-f-sYnHwVFatjNQphjKY)",3.73%,0,R0.00,"SKM_28724071213590-2.pdf (https://v5.airtableusercontent.com/v3/u/53/53/1779120000000/HiCfA5evE9qERKLfFWxehQ/MvAuQ_X7dz0iJgTaIcmeGrLQHn1-8Tctr_BemvOVfPAlrxcx-NycwNf7GvDNkpTafWIKYWTxKDPlhURW6TceogO_abbtregMQ76IrPgK9Ij98cODpwfh4Pi9--2jXf0UocxaiH0-bvTuRGLXk38Lwn3nS2ONrKojAmsZ6DpwBcI/6Q6fJNeVmu8w6NaU3egyJDq0qOMzd90QPFvY-i-wlU4),SKM_28724072513420.pdf (https://v5.airtableusercontent.com/v3/u/53/53/1779120000000/Lu8iAdwbvR7txWQvwG9IkQ/O6wUAHyo6p23-kY4kbEu2-87wtvN0rSCME6mESWJRKX4ddgItaAevV6dDm31C1A29MRNLrWMtJjjxNmELLk9ZdQmhomAcqIxZwL8HnatQqlrlkdxCfOp4Xk68S4TG7EwzKXb54pa_2YdVj6Qfk1m0WwP6L00mtoBoXEvSgdioqA/GaQg1st62dTIRUYjtTyDRmpfUklS60AChloZWvDCS14),SKM_28724092710150.pdf (https://v5.airtableusercontent.com/v3/u/53/53/1779120000000/cfa-CtTYJIuQKOLKIksoLg/LDbQXVgAelSs6bkNXjrQNpfFZSM2M56ELdAS97Smu1SCSAiR_UAlOTs3xshp0ZUCT8nBxCz-m_5I-mQY4n4Mp52ZeO0zBwvGW6-sVWs0KO35jWPJRgLOXLJMksimwDeqrydVGrkMNLVPTznQNXrPGVxXiPnMnPvAPBUuj9FY00U/ZHq2w7Gd1vAWHhUiQaM7eVfPUe3pWC7aQkNrBZ0ANQI)",,
Batch 581 - AgriFund Dios,66730,"May 8, 2024","May 8, 2024","July 10, 2024",,Cycle 5,-677,AgriFund Dios,116,2,114,SKM_28724051309340.pdf (https://v5.airtableusercontent.com/v3/u/53/53/1779120000000/x55h7hwo8F1RCUG8by4B5A/vtcOSmsn2yYqnIJQcSL9eQJyiOK4nF9kvm1OlHBygWlcKN6nccqrvlyi_r2LlMPfL6vcF7s3PHhAKUQKW1AMu4rjPnc3qCHteGWRSvPzE57PvVvJIopR_nBbGwHNVJxGBgMtLTYC3fnZG0CibtVzKxam3EWNPEnKFCQilgORp0w/wLXgxjghnmM3sYqZZO9RF0I3BxFDtxQYSPpeJRET-hQ),"Agrifund Dos POP1_17052024.pdf (https://v5.airtableusercontent.com/v3/u/53/53/1779120000000/7TQGE2-mRbVdZ68bdAgGIA/gp1OZtIphRbVvr5xVOa7gOHriC7EX3EFmLkjfOiy738iw12V5RDrO9dKHDzOFiSFbRYzc9padjRTF5MBnday5MT-2YdtAeveaianzi2yORr91g4n1slhWEU7HH2YAfD3Snl_DjUKiwaiGqLbn281jjxf0nlR1mwMLAueTEs7XHSdD6WG3-9drO1ZO1G-B2aQ/V7E057KpRplEAJNCFu6EI-g3xYWaGoVWvl3z6i_9H4E),Agrifund Dos POP2_17052024.pdf (https://v5.airtableusercontent.com/v3/u/53/53/1779120000000/6gN04JLyEUF7gyHBTGYDiQ/YI1xY66AO5s8ym9OJsN8YyPMZM-aB5CzddYO_yWcn-Umg9F5VDkRtMRRu-slW9AzWzQz-GN-UNUrDsosKbUT9v-ysuruhZRHBaefs22-Ci8a87ZcsroX0r6iU6cHiVuOcCYVOlzjFaiI1Y_rhGgDrvSRLhFZW4-QylAUlbib-vR7uOy4yy-n_6mpUJ5UHJBH/QLm-e2FZbGjgL8lpevr7VU0JMaChbnkjRkbXMUpwsRs)",R7568.7216,R877971.70,Processed & Paid,"53056,53056,53056,53056,53056,53056,53056,53056,53056,53056,53056,53056,53056,53056,53056,53056,53056,53056,53056,53056,53056,53056,53056,53056,53056,53056,53056,53056,53056,53056,53056,53056,53056,53056,53056,53056,53056,53056,53056,53056,53056,53056,53056,53056,53056,53056,53056,53056,53056,53056,53056,53056,53056,53056,53056,53056,53056,53056,53056,53056,53056,53056,53056,53056,53056,53056,53056,53056,53056,53056,53056,53056,53056,53056,53056,53056,53056,53056,53056,53056,53056,53056,53056,53056,53056,53056,53056,53056,53056,53056,53056,53056,53056,53056,53056,53056,53056,53056,53056,53056,53056,53056,53056,53056,53056,53056,53056,53056,53056,53056,53056,53056,53056,53056,53056,53056",R939193.92,R0.00,133,9/18/2024,116,R906971.70,R7818.7216,Sold,"Invoice INV-0035.pdf (https://v5.airtableusercontent.com/v3/u/53/53/1779120000000/_4Mi9k-xdYaqEH9Nr0aQoQ/SqcQV21PjwcdbW9VuErpoG4DqYUlyIDMiruEi4QMUqfcCHxFwIONq91sCBxAyfDd3-SMCJGSdyShODoYensgmtfw5KPVZpqHNeISpKwCmvRZ8VK2a2dLQI-b9iYMmmsp6X2WjYU_WJbwDwmNJ6qKCRxp9ywTDvfMHwgaRBKqRaE/jTRxqawo-F5hDBAtxad95HbuCDTG2zsbVHWwOBhZF2g),Invoice INV-0036-5.pdf (https://v5.airtableusercontent.com/v3/u/53/53/1779120000000/4pk96p03PAV_MdVASaMQUQ/hEyjO3XhrcOMP-kPG-_exHCaJNVQmZONQj-1bulxgY-UgUZ5AVuBQyazGG4N7IHxs5VjELPE3KEEJgtZHCKpSTBGXM1gp2LoMrAJMJRD889BqL1r2y_qsZjt5L013Ap9irlblfzXY1MUxJd32de8d0HYNdxwcEaRlWjkpOGJ04k/LFTJeYeWArpWPNIUphtXaAn8aT0OQJpY_TC_zk2K5w8)",3.30%,0,R0.00,"SKM_28724071910400.pdf (https://v5.airtableusercontent.com/v3/u/53/53/1779120000000/L048pY_VAeIlGD-X7n7krg/A_1jWZkZgKmp4WdtW3mO6XKKrMSZbm6wTvolowWpAWYVGBx4RW1LX_Kd1ZzRa3Zk7DUEAmZH2Mwu0BK3vBHPADGdQSBIigOoIINGUs-GNLSiAZWBq05ngvJUcHgJWh1OnfbmgXnZk_nGOUh9Cnsv43lg9B99Z2cRF4Lmcmqi4Ig/5fNmD2qAIgzp3wB2htAeWWzJAz6nHkBsQ0SOrDZuENs),SKM_28724091915030-2.pdf (https://v5.airtableusercontent.com/v3/u/53/53/1779120000000/5NtLpii054BIS16msAorgA/puDJ_mFahKyYrR88kKIVuL2_ym5ecqSYQHmZiPBKyCAouqxyXlw5-3o1SbZt73aAY_Bdl1FieytZjaKlaCaJFCIzPhtOtWeF30w4tkInKvk04DkUiw0CFMUIc-lCW06fH1RzlPZ-J6NUCk3DfVyTfc7ICUAikQ5ZpD-nRVZ_M_c/c4Hr1x4GGRIs5zwLjH3SUhGz6WFeDu_obt_JES1NSAQ)",,
Batch 584 - SVC Cows,66729,"May 8, 2024","May 8, 2024","July 10, 2024",,Cycle 5,-677,SVC Cows,88,0,88,SKM_28724051408370.pdf (https://v5.airtableusercontent.com/v3/u/53/53/1779120000000/w6andZZZSDoxk8PnJR8x9A/6rxd4nAN5-I6MVuJaJkHN6jpFM-0ET8HFfP1rUVq401MtBmN0tDQKn3GgvYTpXaKSDX9jTHm3Ftz1IRcCCbWKKvzVbwXU-F0O6prcQMZIGF8RgIPXJwsWzxCqXrDM4DQbKBeAQlRnFPXBhBti-IsC9N_GUHkPkGRp93swsd7QqA/NGzCuMdmn3aVjRbUn58WwgM85m9GFo_KUg8z-LZBtmE),,R7762.3809,R683089.52,Processed & Paid,"51796,51796,51796,51796,51796,51796,51796,51796,51796,51796,51796,51796,51796,51796,51796,51796,51796,51796,51796,51796,51796,51796,51796,51796,51796,51796,51796,51796,51796,51796,51796,51796,51796,51796,51796,51796,51796,51796,51796,51796,51796,51796,51796,51796,51796,51796,51796,51796,51796,51796,51796,51796,51796,51796,51796,51796,51796,51796,51796,51796,51796,51796,51796,51796,51796,51796,51796,51796,51796,51796,51796,51796,51796,51796,51796,51796,51796,51796,51796,51796,51796,51796,51796,51796,51796,51796,51796,51796",R714593.47,R2371.60,77,7/24/2024,88,R705089.52,R8012.3809,Sold,,3.22%,0,R0.00,SKM_28724072515370-2.pdf (https://v5.airtableusercontent.com/v3/u/53/53/1779120000000/n34ezc-Xa8KcS-3vyViOgw/mqt2L3EamAtP5poivoS887eixMwUwFQdnOl-P5EH2PC5FK7mdRlzSILkyJ7JoXHlHqrGfdZklQ3c5-xe3alus-Si-TZu-rFnCKNmK2rZ9ovfVXGbQNhBLEg6EBC6wAqhIBEQMKpuSI9Dh72a4DoLtAnvzA9dHPOMhwfPuKAOn88/js9_WPe8u7COvWLZwOBqeu29uZr35udu14ChxXvmj1w),,
Batch 686 - Agrifund,66728,"May 8, 2024","May 8, 2024","July 10, 2024",,Cycle 5,-677,Agrifund,100,0,100,SKM_28724051309230.pdf (https://v5.airtableusercontent.com/v3/u/53/53/1779120000000/GcAUlMF2eq8miEFEDM0Paw/CuY5ziTG3ivTDu9kTADFBcIDWz3UFZTI1bSI_30nGfsFM-NBTD-jUeXcyKfX2NGYSXSOCinWstwcUL4WhtFs-0mFz5fIOs8dkOIYYmdFgOpL8HKA8voks5t_7YO2ApGa0GJQ8PUR-34yirP52EZBc-I9FsCf6qkJC61vZHRYnmM/ibHDhbcadFjMZLnseHFlYE6lI2-x_NH2ITxaMZPH-sc),Payment Confirmation-29.pdf (https://v5.airtableusercontent.com/v3/u/53/53/1779120000000/tLO5WdfS7m7PIqJpDi6Rgg/NTh2Ws5ZMl2vvzNkXC2hVi2S6UjifANEvY1VsRrEQkp0tEvmNiAGjGdasmEFntrFtHJTZ4BiI4xuk8BzFIa2nKB88VGG7VdsG3da7lF7GpjdnoYmflSe060ypv6KK2q7W0EPQbbmGQTEidqumAzpnHRePTKBgssNztLKNgYaE6eY3H9uUevo2SBRSqdBQJLY/X9aUhRywGDFNbQ41ftZgJD-3F5IHrRyFB9N2Y_rnBcA),R6818.9040,R681890.40,Processed & Paid,"51795,51795,51795,51795,51795,51795,51795,51795,51795,51795,51795,51795,51795,51795,51795,51795,51795,51795,51795,51795,51795,51795,51795,51795,51795,51795,51795,51795,51795,51795,51795,51795,51795,51795,51795,51795,51795,51795,51795,51795,51795,51795,51795,51795,51795,51795,51795,51795,51795,51795,51795,51795,51795,51795,51795,51795,51795,51795,51795,51795,51795,51795,51795,51795,51795,51795,51795,51795,51795,51795,51795,51795,51795,51795,51795,51795,51795,51795,51795,51795,51795,51795,51795,51795,51795,51795,51795,51795,51795,51795,51795,51795,51795,51795,51795,51795,51795,51795,51795,51795",R737049.13,R0.00,139,9/24/2024,100,R706890.40,R7068.9040,Sold,Invoice INV-0030-3.pdf (https://v5.airtableusercontent.com/v3/u/53/53/1779120000000/r6Kn5m0VNL0RBtw5dyAeyA/ZOXj5flwhc6eHkIO6fPiPdp8zDHBc4OGcDXmhPRWva6iH1p7SUC-5PQBYDFiaD020idKzo0BwXMOLR5VV34cTZWAIujll-QBbLle4tnsv8dZsfSWn_Kn3Dv9Mg7Xcaf_LuDG_nstakw-vWJobWdvIXp3dDg4274hvUq62HZ9mWg/hfq0bl56ScJfX3FOt5QeK6RVLESWhzHLZ5JFJlhAHIk),3.67%,0,R0.00,SKM_28724092710150.pdf (https://v5.airtableusercontent.com/v3/u/53/53/1779120000000/6K3dYqpdZXGZQ2Qg4_Yojw/yrTzi0UuCfIvEJEIFMKx78EDdB5EctawZXDqXICzHsWur7gg-XhDmzKhWeIz6al0ghHQWN6N9CIr4CKfmuCr4PTYUTM3weKZxJ826E5GR-KZxpN1iK5mNT_fyzANXZjoBLG5p5x_Q8K1NP7ITXBV2AbRlU9_Qx361QYdV-LakpQ/s8-sQq6Yc4-VSLwvTwSxe717a8KtzIn4XWP7S_GluyA),,
Batch 583 - Agrifund,66731,"May 9, 2024","May 9, 2024","July 11, 2024",,Cycle 5,-676,Agrifund,100,2,98,SKM_28724051309370.pdf (https://v5.airtableusercontent.com/v3/u/53/53/1779120000000/WrnJrx95K60u82iNB9f7aA/PUtOiGLe8Y36d0WqxXLHHQHw5AiYOQtoNLNzS4PN_lcjAp5lGSE70FECPV9zkdp7g3PO6k3u3EVJwQQDwlnDsMUTh89gVyX2blYyDyO4i51YZ3aCx9tdDMvk2NUPjCduOVxOd8b1eh0Aih3wU9yjKsTh47tNWF8ttv0O0S1DxgU/FY4mhlHXbdPdyx2kbiIDu63-LZYqZoMwQHsl6bIeP40),PaymentConfirmation-12.pdf (https://v5.airtableusercontent.com/v3/u/53/53/1779120000000/0ZDfBWxx9r1O_VFyQArWvQ/Lv9Ji8nL0HIYe3j0UgF5iRFC4SQNhSsvn1_YHl4vMbnWH9OA94zOB-4Z0RDBQo0BShWzkeXwV96ox0EcQy4eeCW8xto4iAkWnBS4mQ4w5YuDwicdFCmGiR1GA1QM55vYcNChoSOGNQXIT0wG_iLs_q4-L_CyMC3YGLE16JAarHlkIKu6Z_N9gw3nDLJy0_1f/Y534RpwHhk0F0tg_jY4jxCI1h7RCoXPEN35K5NAN1jM),R7469.8778,R746987.78,Processed & Paid,"51797,51797,51797,51797,51797,51797,51797,51797,51797,51797,51797,51797,51797,51797,51797,51797,51797,51797,51797,51797,51797,51797,51797,51797,51797,51797,51797,51797,51797,51797,51797,51797,51797,51797,51797,51797,51797,51797,51797,51797,51797,51797,51797,51797,51797,51797,51797,51797,51797,51797,51797,51797,51797,51797,51797,51797,51797,51797,51797,51797,51797,51797,51797,51797,51797,51797,51797,51797,51797,51797,51797,51797,51797,51797,51797,51797,51797,51797,51797,51797,51797,51797,51797,51797,51797,51797,51797,51797,51797,51797,51797,51797,51797,51797,51797,51797,51797,51797,51797,51797",R839844.92,R0.00,234,12/29/2024,100,R771987.78,R7719.8778,Sold,"Invoice INV-0030-3.pdf (https://v5.airtableusercontent.com/v3/u/53/53/1779120000000/3nDlNl32hGhHzVEQvR3WQA/zfV1JV39XNZmUHopXlAKceQ1A4mtusGoy945XYHEGIeISsCLWOdisTkN32-IJED4_xyClXaWIAlV8336ikqFCvkbgpAMckV_0xF991WjgHUBdRhZ502EoMDV6fbqhEDFI1P0QFF4pqGATq7VdMSByXORcWIgR8dJjrLEoyUSw6I/RM0qiLHx5FBMPqmnxP668We47VIpvbEwicvrwKyr-GU),Invoice INV-0031.pdf (https://v5.airtableusercontent.com/v3/u/53/53/1779120000000/xNaMXeuP-YFFDASFoDioHQ/CfyRMrML4z_6RzbHACH7DdjaxfjwEDCmPRHiJJShIHZrocGSAheywzFG2-hpjiDNjv5ywk4UZGfSpbfWH0Xvb7hBW_BZNe-UrmQnspTi83PX8WFelJsj4dHRtrWQ5pX0cwNTzi7GxwHa7jq6wuCyUnz-_MVkftYb33l3G0Io85o/r2zg6tgmT1DPyY2sK4gzZMsqVFFS2XHQb4x1yRZ57G0),Invoice INV-0032-2.pdf (https://v5.airtableusercontent.com/v3/u/53/53/1779120000000/JSqVUJLjF8PsWPt5lj6J1A/9hV5FhHylUYEOylIgMMmq9O7sQ91QVicgogZ75uq4sVRAsOK4ln0FcnLfkMgnX-Me4h7q1HRA24yzcZ4FGFV7FIx8-sOAK2lVoSPOvVAwncFUTy88dLEbkqlfqItgYbIOf-O_spjP2rlsMqRed99hIuFN0YLcqP-rjDGLzxnDRk/_ttioEZSghveCUqEwXY_9dPeFLF3Il-eglijr912Kqw)",3.35%,0,R0.00,"SKM_28724092710150.pdf (https://v5.airtableusercontent.com/v3/u/53/53/1779120000000/8U-ZiCZkR19_wvyUa9nIxA/VTDoIIHhxSkBVPYl97hXjdQHCg9XBA42CjJEfCDJfJzaprD4Zrvs2Us1-Q9KmhPmfBDVlqmlRmucf__u-6tQ6usZe_jsshOGLjo8lN1rN3fHubUyn-bkvtzcu6fAD--mwrvLQVTegPKButsIX_LafC4LFSvCBJ-6lSfa-yG7cik/T5txe4n-cCQvuzHHX6mCwVRkesJyMYf3UedVfVU9vb0),AGRIFUND.pdf (https://v5.airtableusercontent.com/v3/u/53/53/1779120000000/qETRoOOL1Tt0SAwa4obqRQ/wTHihpjV0FIh51mU_6AJkpLtnPx8-zk3-WvuLe1exSaU2g2sqCHBN95ZLKHmmQMvc7fXLTkbiG1wJ6dEl8aIzqziN-RLedDQOaz5jPVnr4fq7yVfHEu9fmEcj07eDEJRHFVNzNojZcWrsJY9T3NpU-DCKxbAujLM-ab58WlKHEk/7e9vY8HYEC6wpnI9WBDjsZCv_0BAwKHgbbzmq131nRk),AGRIFUND-2.pdf (https://v5.airtableusercontent.com/v3/u/53/53/1779120000000/xBsvk5ZyXwYdJFB7zVw_IQ/bE1jQrKEFvz6QzHJPQXHEBbSZVqEKPNb1ZktMDTxFnZY3Xi1IyAtQkSMhwgrilcNhaCiwkl25Pa5HxzBdxShWxRV9sKXxL80CfJbOTLlPN-Mm2gNa-aNpHEnFooK7LaY5SUNWMe0eoErhwW7R9Qs8mFRU_11r0v276OomSEJ908/Qpi4k7pCg7YCCSXq8vis03JGdLC4ARD_0CB3zH1Xm2k)",,
Batch 585 - SVC Farming,66732,"May 10, 2024","May 10, 2024","July 12, 2024",,Cycle 5,-675,SVC Farming,95,1,94,SKM_28724051408460.pdf (https://v5.airtableusercontent.com/v3/u/53/53/1779120000000/tv1mZheO2koV_eiFLwEspg/jY0Vz0GoQEGkobmp6evco--8W43fBOfNEfsdV0WyPApJTGOKFEgqZhPLuJ8OR8tO0uKYMpTwLgjf3Z754HFiScv_l3DcpBCLfAQfOoHzs8LXW7CK5m-rezyczOiEI4pkMgfdA9bnDOfWrnpjpdYxSV3BZCvaDWerH_EWx2zEfJU/XIaspGYOln5D-Qa35GHnvvh5v7tW4wCOCCr2t-Wz4z8),,R6877.4642,R653359.10,Processed & Paid,"51798,51798,51798,51798,51798,51798,51798,51798,51798,51798,51798,51798,51798,51798,51798,51798,51798,51798,51798,51798,51798,51798,51798,51798,51798,51798,51798,51798,51798,51798,51798,51798,51798,51798,51798,51798,51798,51798,51798,51798,51798,51798,51798,51798,51798,51798,51798,51798,51798,51798,51798,51798,51798,51798,51798,51798,51798,51798,51798,51798,51798,51798,51798,51798,51798,51798,51798,51798,51798,51798,51798,51798,51798,51798,51798,51798,51798,51798,51798,51798,51798,51798,51798,51798,51798,51798,51798,51798,51798,51798,51798,51798,51798,51798,51798",R700482.12,R5937.50,125,9/12/2024,95,R677109.10,R7127.4642,Sold,Invoice INV-0054-2.pdf (https://v5.airtableusercontent.com/v3/u/53/53/1779120000000/SLNlxJEP4RaFhpGf-uo75w/2tyLTriVOWlGwjH0PJVTXVROIrZuVCrY8DvUoa1hXbEZ6NrGCC2SmEKxjaXz5vEO22r5SKbTFq8MemqhC_TnQiBNQ6SqxOHBLIPuP0gUjqplVl5ZdFd-5jg1SWj_tZK1Zs2wgIGsaCuhF0pwB2Qlwy2IqCXaBwksf_yL4_CynOA/2r1AsYjkN19AzL_5N_ZwHZQbzoRNyLxnqkLGCEfa7OQ),3.64%,0,R0.00,SKM_28724091309550.pdf (https://v5.airtableusercontent.com/v3/u/53/53/1779120000000/Imaqh7v9rbY6-ql0O7KxJQ/sGF8Z5Q10AletaNUlS7KNbw9VMemmK0o8Goqe18vMZCr7rhzRT45BtLuKeOukMHXhfbzmp8QiDD-Zf25CQbiAmG32U65N-5blD6aU8uf8G-XBHwFASEDaSfORNPp-eu6I7MWOE3fkFTQVHWFxZZIaTBGP0D0j2hpHqhJozK0C2w/uTLzRIEyDpanb4oF2RW9AeiSpA0rF3c7LmmpSEKjhiA),,
Batch 587 - SVC Cows,66760,"May 10, 2024","May 10, 2024","July 12, 2024",,Cycle 5,-675,SVC Cows,0,0,0,"SKM_28724051411400.pdf (https://v5.airtableusercontent.com/v3/u/53/53/1779120000000/My4alIF9gHyOA1Dxeoe-uw/Z0h9Q8zrXaS-mltR_bC221h_g8SJEM_hlc66a_ur2AI3I57SRQ5qtfKOt-UPD3PF3mBYbcm8qiSOAMv7XWfq6Q2d2YpCFQnOU2rLslvfV8itd4CmMqEkJGQleL9FSZgj9CnE05Mjau1RnxAsj0QY6XuTvOziCpJfhcPgHJJCmgE/7YxLh2xVwMbx_tDf_tWVmI7DTIbCyUQ7A5lEh0uTMN0),1_PDFsam_SKM_28724052410030-2.pdf (https://v5.airtableusercontent.com/v3/u/53/53/1779120000000/b_h9sIc51V92nCOugKHPJA/KvRbRgVS-dSE0QLB_3WYalpLiREAnq3_AyuGzwJUIq2V5z9I-4pTp-5VKUNH0SY-rpkdTTN4EOdwTrG56V7OMKxrvm1HbPqBVstVkLx_r4e_zv0-aMu4i-p513osZb1h43dTDZxjIHl7a675M0so_STTdwpW9Gx9tR6dLmbXbEoyZJS8UgoTIpKlOZKdKeZH/P4oyKm6PpeJxzZQoM66z-bLnyDBO4GI_26ExJ2XUbDk)",,NaN,,Processed & Paid,,NaN,NaN,NaN,,0,NaN,NaN,,,NaN,0,NaN,,,"CN issued and new invoice for 199 cattle is 66894
"
Batch 589 - SVC Farming,66740,"May 10, 2024","May 10, 2024","July 12, 2024",,Cycle 5,-675,SVC Farming,100,1,99,SKM_28724051408500.pdf (https://v5.airtableusercontent.com/v3/u/53/53/1779120000000/HfLcwfvhcqR0Sh2yDiW4cw/fwZHtwTIfZYqPcOlbifKOHHtiGbi2DZ0Pp28sMeR4Q_m4CubXFWp1-1ciDCe25jtNfGJDn57hgJMq24aHWZzj7Y6Sp7BBpsQ8iimjuS9AqAgUAxZAZUAcJCN0xjfMR1Pz4q3SvfFlTCcOWNWVh_g5e2vLVKtCneCh3MSQYtIW5U/NbmTQRsBOZUk3iy4wMEZWq4xYbMfYvDXr1He2RHv_Gg),,R7855.3211,R785532.11,Processed & Paid,"51800,51800,51800,51800,51800,51800,51800,51800,51800,51800,51800,51800,51800,51800,51800,51800,51800,51800,51800,51800,51800,51800,51800,51800,51800,51800,51800,51800,51800,51800,51800,51800,51800,51800,51800,51800,51800,51800,51800,51800,51800,51800,51800,51800,51800,51800,51800,51800,51800,51800,51800,51800,51800,51800,51800,51800,51800,51800,51800,51800,51800,51800,51800,51800,51800,51800,51800,51800,51800,51800,51800,51800,51800,51800,51800,51800,51800,51800,51800,51800,51800,51800,51800,51800,51800,51800,51800,51800,51800,51800,51800,51800,51800,51800,51800,51800,51800,51800,51800,51800",R835135.28,R6250.00,125,9/12/2024,100,R810532.11,R8105.3211,Sold,Invoice INV-0054-2.pdf (https://v5.airtableusercontent.com/v3/u/53/53/1779120000000/7QRtiJjWspR6bpbwI9UURg/sojSAyA75MQh2UYXBbMYqYzMpk5sRRYFMDBFQHPZJiN2NDQ9izlWQbRU4z8-bgYFxUTYqPBpg7UXQYtalT4cP5NmgMpjMpmIWM0h71G0CW5ZVL6dym2fZPQmUGWEfspSJNQZm_BpT2Y58wIJCQlUNC_t4SB2pBkjK5euh4Xaiyc/hJFOBPgjPPTqA-CdQtZdRwd2LZ2puHsr-cEuzLLg9HU),3.18%,0,R0.00,SKM_28724091309550.pdf (https://v5.airtableusercontent.com/v3/u/53/53/1779120000000/62J8hWOkMpjMGeVEGzWxGA/_UJxn3ffLMkOzQcAYvjn-jJfczW5ZL1AkjbBymNUiBGhqlbXyxabttCP7XP3A1P24rHTAz9u0bcdJPAQ6y-mC8Tx_dOoScTjOpNkEOUMYhVyLKN7Jtl0kz1j34FBvqV03R2zba3SMXgWdIZ_ocGa0aczgkwQr9LoMkTEpK0y1fo/AGdgEMYDT-F9rw0kANAqp-nATI1t8PaLPvphKP4uY50),,
Batch 609 - SVC Cows,66894,"May 10, 2024","May 10, 2024","July 12, 2024",,Cycle 5,-675,SVC Cows,199,0,199,SKM_28724052410030.pdf (https://v5.airtableusercontent.com/v3/u/53/53/1779120000000/Orp46aTxr7ZLO28LEwNGrQ/VA8EhNgGTYBxZHlwxB-L5YdhEF83LTfoa0I0iEWMj7AV5mdj2AHeF2R7NCRwtvlZsqGR49pFvdgLAc02VGWiZV0e_MYQ01h2ScgGE1sUyt4XixMJ5SxRsvV7X9CERvTcKxMHhf537fKDybir2C1X7iqzb4XaBgcdXBL5XSei3g8/1QWRnb5jWQdaAtpSjTw-nsIarr3mo3NQ1-A9MCoINZU),,R7317.5134,R1456185.17,Processed & Paid,"51801,51801,51801,51801,51801,51801,51801,51801,51801,51801,51801,51801,51801,51801,51801,51801,51801,51801,51801,51801,51801,51801,51801,51801,51801,51801,51801,51801,51801,51801,51801,51801,51801,51801,51801,51801,51801,51801,51801,51801,51801,51801,51801,51801,51801,51801,51801,51801,51801,51801,51801,51801,51801,51801,51801,51801,51801,51801,51801,51801,51801,51801,51801,51801,51801,51801,51801,51801,51801,51801,51801,51801,51801,51801,51801,51801,51801,51801,51801,51801,51801,51801,51801,51801,51801,51801,51801,51801,51801,51801,51801,51801,51801,51801,51801,51801,51801,51801,51801,51799,51799,51799,51799,51799,51799,51799,51799,51799,51799,51799,51799,51799,51799,51799,51799,51799,51799,51799,51799,51799,51799,51799,51799,51799,51799,51799,51799,51799,51799,51799,51799,51799,51799,51799,51799,51799,51799,51799,51799,51799,51799,51799,51799,51799,51799,51799,51799,51799,51799,51799,51799,51799,51799,51799,51799,51799,51799,51799,51799,51799,51799,51799,51799,51799,51799,51799,51799,51799,51799,51799,51799,51799,51799,51799,51799,51799,51799,51799,51799,51799,51799,51799,51799,51799,51799,51799,51799,51799,51799,51799,51799,51799,51799,51799,51799,51799,51799,51799,51799",R1571314.81,R9193.80,132,9/19/2024,199,R1505935.17,R7567.5134,Sold,,3.42%,0,R0.00,SKM_28724092008460.pdf (https://v5.airtableusercontent.com/v3/u/53/53/1779120000000/-9Bdg0WaKj5Th1UuH-2WqQ/EVRb_TmgwlTxItAv_9TAc-bt-P33aiUiM3AGa-GGLQolpxs4c3IkVh9nYGy-rNIcdww-Pq_buzfeeEV6MyJKqhWhOpMxDRlodRDjFJ7ISNSzykP_vSzjpKl7Bk3upyY1F_20Q5BHP_pknyzijzCwaOBpSgcx44h3dC8KXyckBp0/DR_zGkuQy86WMekPVJMRIQvxyqKOO2Eze4yIPiirDmU),,"Partial payment of R1021000. Bal will be paid next week
"
Batch 590 - SVC Cows,66782,"May 14, 2024","May 14, 2024","July 16, 2024",,Cycle 5,-671,SVC Cows,101,2,99,SKM_28724051610010.pdf (https://v5.airtableusercontent.com/v3/u/53/53/1779120000000/2RU92UdqRpGghZBthv-5kg/O0_0dC7sW_qYzQx9QSm8WFiKLFbAoRK-7emxTsE2SK6TON54ho8wMZZlV-urCX4ZntuLTHbDWZdN-Gx1CsxmPgIo-GzBLUIa6z4wNEcZTyGycj15sQApvWTO5kvsTiiEvDkcqVskj82PtMvbm4y3G17JOj0eB5brSPB8OqrnGpM/J8W69QgDINdxmjeQ_qjznjBPLcOfa7RraQ5XL1dPC6A),,R7405.7812,R747983.90,Processed & Paid,"51802,51802,51802,51802,51802,51802,51802,51802,51802,51802,51802,51802,51802,51802,51802,51802,51802,51802,51802,51802,51802,51802,51802,51802,51802,51802,51802,51802,51802,51802,51802,51802,51802,51802,51802,51802,51802,51802,51802,51802,51802,51802,51802,51802,51802,51802,51802,51802,51802,51802,51802,51802,51802,51802,51802,51802,51802,51802,51802,51802,51802,51802,51802,51802,51802,51802,51802,51802,51802,51802,51802,51802,51802,51802,51802,51802,51802,51802,51802,51802,51802,51802,51802,51802,51802,51802,51802,51802,51802,51802,51802,51802,51802,51802,51802,51802,51802,51802,51802,51802,51802",R805329.33,R4524.80,128,9/19/2024,101,R773233.90,R7655.7812,Sold,,3.38%,0,R0.00,SKM_28724051411400.pdf (https://v5.airtableusercontent.com/v3/u/53/53/1779120000000/bzEKDXGRWQl4SU9504KDBA/2gHh-3Tjzp0BPM7wcEwd02k3yPbBI_UcTjCgpl_YGwF-UFcdgPWcSrVmwQvccQBXyjJ0vxCdmlGlkxW3gfZbzN4bIEpJrD9abZpgF9yf8SKy8aAcujZyHPm-_f7gcXCLThVx4kMFkPGgswkhi_hIcbKkxYa2oDvFrM1Wq_YOguE/aQCdfaa66qtViwULFgLaRvBzFqzCm5EtgJjeP4AF7KQ),,
Batch 591 - SVC Cows,66783,"May 14, 2024","May 14, 2024","July 16, 2024",,Cycle 5,-671,SVC Cows,101,2,99,SKM_28724051611580.pdf (https://v5.airtableusercontent.com/v3/u/53/53/1779120000000/Ys_5AMSGAFaciDA4FN5tSQ/DOePT4Nt8Guw53u7kc9VVld1EM7Nmx2z3yXyZEgbXEdtAbIZQEVmYzitnWuIQNNjSU-lVwpOfXJWh5etfamLzRtUh-PzsHyFEsz1lWZ1r3Om_JTHnF1d3D1nqEyz0_cMZWPZlVpwokNMQucDGNhI1H9NfV73G0Aiw6vsnLdv-7w/rCp4PzjLYQ6dL1iv4ok3pB874mym8b4Oyg2P7M6WEuE),,R6551.7907,R661730.86,Processed & Paid,"51804,51804,51804,51804,51804,51804,51804,51804,51804,51804,51804,51804,51804,51804,51804,51804,51804,51804,51804,51804,51804,51804,51804,51804,51804,51804,51804,51804,51804,51804,51804,51804,51804,51804,51804,51804,51804,51804,51804,51804,51804,51804,51804,51804,51804,51804,51804,51804,51804,51804,51804,51804,51804,51804,51804,51804,51804,51804,51804,51804,51804,51804,51804,51804,51804,51804,51804,51804,51804,51804,51804,51804,51804,51804,51804,51804,51804,51804,51804,51804,51804,51804,51804,51804,51804,51804,51804,51804,51804,51804,51804,51804,51804,51804,51804,51804,51804,51804,51804,51804,51804",R712463.56,R4524.80,128,9/19/2024,101,R686980.86,R6801.7907,Sold,,3.82%,0,R0.00,SKM_28724051411400.pdf (https://v5.airtableusercontent.com/v3/u/53/53/1779120000000/cZVPUVqdEJVAyVzBOzfGJw/VIJ_BY_3oc-IJe8zBppuSIePletou7RB75OAXVMMpmyXbHaibbQSM3RSpvzO1RRlRAxbDd5GqCIee-N__33b3FS6r-bhjckFFKWoiG1gjZCGpb6a4AjmLikeAYkYZYdzKleH_v-OFgBJCDyB8ZMc8zAcGaKCQAeY5yBys0pEyXI/45u9qmcuII53OLBHcANpiXgA-n3cVz530TmkjAocr-k),,
Batch 593 - SVC Cows,66787,"May 14, 2024","May 14, 2024","July 16, 2024",,Cycle 5,-671,SVC Cows,102,0,102,SKM_28724051709330.pdf (https://v5.airtableusercontent.com/v3/u/53/53/1779120000000/gLJtuyVwuPeyZUO-eUvTeQ/VtAkb_UipZikFOt74ask5DOIuYuWDb9EiLOUvLQsIqImHXKLKDJsqXRg8WKx9hf6qz1PS6qMIXY87mIQqrBdFZyqgKMTOgcowEGLHaPc-Cgd8eEnF0CfYwlOIWjJdbVLjfffxeGqikHc3z4xNq10BRUI2fdcUsNhbdgJxrPxolo/U0dl03-B89KubbRNbP64GnNqbXUvACGZdF8bGlPCS_o),,R6935.0213,R707372.17,Processed & Paid,"51803,51803,51803,51803,51803,51803,51803,51803,51803,51803,51803,51803,51803,51803,51803,51803,51803,51803,51803,51803,51803,51803,51803,51803,51803,51803,51803,51803,51803,51803,51803,51803,51803,51803,51803,51803,51803,51803,51803,51803,51803,51803,51803,51803,51803,51803,51803,51803,51803,51803,51803,51803,51803,51803,51803,51803,51803,51803,51803,51803,51803,51803,51803,51803,51803,51803,51803,51803,51803,51803,51803,51803,51803,51803,51803,51803,51803,51803,51803,51803,51803,51803,51803,51803,51803,51803,51803,51803,51803,51803,51803,51803,51803,51803,51803,51803,51803,51803,51803,51803,51803,51803",R761604.04,R4569.60,128,9/19/2024,102,R732872.17,R7185.0213,Sold,,3.60%,0,R0.00,SKM_28724051411400.pdf (https://v5.airtableusercontent.com/v3/u/53/53/1779120000000/Bn2nzoYP452QeqHFZAHi4g/s_7CNTfHhhp0ODgqZuKu4INTzeftXy7LdCPUYCl2YdGkwovgagjGDlX3Wq1rzCrKsQB1nGSDM9Xbg1ydflbyj-zRorPJSZamIZvaFq2j2k7UbaLrIp33pi0lwHn-nkxLSue10iQcWfyYMwwsTVUEdtKrfhvIQRWdNFRAJ6rXb2o/VteZpW-XBoAYtsLvgrN190d9e5gUUchIay0XVucOXNI),,
Batch 594 - SVC Cows,66789,"May 15, 2024","May 15, 2024","July 17, 2024",,Cycle 5,-670,SVC Cows,102,1,101,SKM_28724051709550.pdf (https://v5.airtableusercontent.com/v3/u/53/53/1779120000000/W05alo5cCooqLC9E7jHBig/DYiMw7ocB3kbWEVvGc4sLxzLRoB8f5XqbCuhPBM47Ufw3fqYWqS32hFYB-3zXfSLzUwlLJEMdTxWrQW-DH5qwUk2BuWfsPH7CNSqRCauiS5SVb0oYlYKqX43Tv0Rapc2GsHXdF0zOIAjkdJk4lQ8DZy9LfUUI0qd44Mc_nkx7ks/6uuPr5zhieefd0QCPFaHZLY1g1C_C0etAnC81ymB9hQ),,R7112.9666,R725522.59,Processed & Paid,"51805,51805,51805,51805,51805,51805,51805,51805,51805,51805,51805,51805,51805,51805,51805,51805,51805,51805,51805,51805,51805,51805,51805,51805,51805,51805,51805,51805,51805,51805,51805,51805,51805,51805,51805,51805,51805,51805,51805,51805,51805,51805,51805,51805,51805,51805,51805,51805,51805,51805,51805,51805,51805,51805,51805,51805,51805,51805,51805,51805,51805,51805,51805,51805,51805,51805,51805,51805,51805,51805,51805,51805,51805,51805,51805,51805,51805,51805,51805,51805,51805,51805,51805,51805,51805,51805,51805,51805,51805,51805,51805,51805,51805,51805,51805,51805,51805,51805,51805,51805,51805,51805",R782449.66,R4676.70,131,9/23/2024,102,R751022.59,R7362.9666,Sold,,3.51%,0,R0.00,"SKM_28724092009030.pdf (https://v5.airtableusercontent.com/v3/u/53/53/1779120000000/XxLaPRT95iXNXLrh9RIZjg/CUNavTPItXslUOQCTrsoBbiWUMnwQORmg1ZIRLH6S27YJ9rSb3nW4LMM7y5du2sG9508nWnqTb-zFB27KCacfRhHPCsmsy_z1j2G_31im5qzIhkag4nzXgZjWRy_ykfAVJTcpaPtMoc3fDE5X21w7-TAdMYjcx9Kyj_oyGb3vKE/LdMBLuHnoriYczVrKEZ6xVO6gYBdxOsVwXhSMjdxEEA),SKM_28724051411400.pdf (https://v5.airtableusercontent.com/v3/u/53/53/1779120000000/kIEZQR9ONfEpZ9wa3hI-oA/p_HaAvjnjrY7bz9PXo19P-BrdH8751W8R7ohBtkWqDTLMfTpsy8JkhIHOD1PPsnNAfLwpt7OphrWcjyGXDellGO6cKyT0jxGH3I-O-MHOg4sEvKFEkDl2q0SKC7-lUq4QN3ZiRsafMBw6iWsifM69lV0fswyqfn1GD8Syikj_18/5ZpSO4vaUb8hwOB2nmEGW-IGGAmD2AKW1YOqTxQiTIY),SKM_28724092615000.pdf (https://v5.airtableusercontent.com/v3/u/53/53/1779120000000/RooAEXSm1VwIGCK6dJLSKg/wlwMPSE6xxjcYKJzkcTiU3TIk6Iyvvnv1JgL9jfeC_dIxeQAP9OmkPhBZrDdrqwCqDleu4HJc1NZ5VljRQuDBRIQAxZqyZnD_F5SxMopDYBnAnblGT7tXoFHcLbICTTuw9tUYiIPkW7W-lF-RqdaoAlsqmDbEILh0Cm-xx1rUao/v7MfwYoKV-vYqQAm6Ef496174ovjM8ZoHcXNrw6YY_I)",,
Batch 595 - SVC Cows,66791,"May 15, 2024","May 15, 2024","July 17, 2024",,Cycle 5,-670,SVC Cows,85,0,85,SKM_28724051710010.pdf (https://v5.airtableusercontent.com/v3/u/53/53/1779120000000/5-tT6Q7VagOcy-2U9tixgA/vwtCOuk-9InqGy86MCvgm3Rspd2cGNZioLo9Kc2Pb6IhZ3Vzp8W6dPjWJ_CN9cpIMOm6VJJ8cQtb8Ud9NjGA3nogpTpVLFUiqqdITPCPy21EvLi_LgRscLnQr60bBXI4ZlY9C8s7r0wGCbHsm68xViL9w97XFkUuhoGiwMhEZNI/vVE-2ri95E5jEx7HzrIGTKoG3ZIEYYFilePig2aep8k),,R6463.6828,R549413.04,Processed & Paid,"51806,51806,51806,51806,51806,51806,51806,51806,51806,51806,51806,51806,51806,51806,51806,51806,51806,51806,51806,51806,51806,51806,51806,51806,51806,51806,51806,51806,51806,51806,51806,51806,51806,51806,51806,51806,51806,51806,51806,51806,51806,51806,51806,51806,51806,51806,51806,51806,51806,51806,51806,51806,51806,51806,51806,51806,51806,51806,51806,51806,51806,51806,51806,51806,51806,51806,51806,51806,51806,51806,51806,51806,51806,51806,51806,51806,51806,51806,51806,51806,51806,51806,51806,51806,51806",R592521.93,R3897.25,131,9/23/2024,85,R570663.04,R6713.6828,Sold,,3.87%,0,R0.00,SKM_28724092615000.pdf (https://v5.airtableusercontent.com/v3/u/53/53/1779120000000/ayPIU7NV33TO4q2ETGkYTQ/Kap-iXyjp1IPS_acboSkFFrFyn37YHit9ErlGDMyoZlTYoCnfNMI6BXnE5CXimRnaljdT9sjFvb4HWEVT1p-wSN45FHEzkQiBL-dFsH4zQudeqyUHv4rdgJiU4iC-d_1jHL6W9MzvDhF-3t0HLBsfgi27cjgRQqf4pLZnzBX-BU/NlRlzyIPb80WwhvcKQJzDdmP9UtNatGtxZI4yL7kad8),,
Batch 596 - SVC Cows,66793,"May 15, 2024","May 15, 2024","July 17, 2024",,Cycle 5,-670,SVC Cows,116,0,116,SKM_28724051710140.pdf (https://v5.airtableusercontent.com/v3/u/53/53/1779120000000/fU0SDLioLL1pdio4wQ8pnA/G9FejnMFOfS-CIztC3s6Cgn-yMnvu6GV1Yz2hEQlnt9CzzTvBIC-V4E0ngmz4paREHoyLIUhmAWQwDXaF-UrYeNrOCI3xzMS9Ar-IP8SHZaGau8AZO6sAZ9QCYqLfuad3GKygLV5Vzla8OlkPHMPsYe9K3eO7g9Lo8CSIq5bcQ0/G523maQDf3C7El3j9RDHVRyO5gERqH5rIoRXBx9tHhQ),,R7719.5164,R895463.90,Processed & Paid,"53057,53057,53057,53057,53057,53057,53057,53057,53057,53057,53057,53057,53057,53057,53057,53057,53057,53057,53057,53057,53057,53057,53057,53057,53057,53057,53057,53057,53057,53057,53057,53057,53057,53057,53057,53057,53057,53057,53057,53057,53057,53057,53057,53057,53057,53057,53057,53057,53057,53057,53057,53057,53057,53057,53057,53057,53057,53057,53057,53057,53057,53057,53057,53057,53057,53057,53057,53057,53057,53057,53057,53057,53057,53057,53057,53057,53057,53057,53057,53057,53057,53057,53057,53057,53057,53057,53057,53057,53057,53057,53057,53057,53057,53057,53057,53057,53057,53057,53057,53057,53057,53057,53057,53057,53057,53057,53057,53057,53057,53057,53057,53057,53057,53057,53057,53057",R965725.17,R5318.60,131,9/23/2024,116,R924463.90,R7969.5164,Sold,,3.24%,0,R0.00,SKM_28724092615000.pdf (https://v5.airtableusercontent.com/v3/u/53/53/1779120000000/4i2A3A1cXR6t3NiWZhIf4A/50-LDi8Lwsdda0axMGyhpddccJW8j-8We98wq25_yx752Ps8YeWosmGh871zy5b5e1u0zzD8BR_9525VDjggakorLxf3CTOb15jIkfEiXzeLMe5hNnIbLoZihDkcgBBiowOL2PQ4d_jaluVizxZsBAPwLnJDHOfKdDx8ZWUnkLQ/OB4d4Rx0TDiPK8GoAODaDuzSpDoogwFrS5FiAJbVwH4),,
Batch 597 - SVC Cows,66794,"May 16, 2024","May 16, 2024","July 18, 2024",,Cycle 5,-669,SVC Cows,98,3,95,SKM_28724051710210.pdf (https://v5.airtableusercontent.com/v3/u/53/53/1779120000000/p4bOrIQm-Oc-8Hqvpt7tRQ/7Kla5FpZl3CY2lMIzaTPwb8ePcTV9Ycvgs7Lanf5yCovRJkYsX_wi-HokokVR8Hmx-uFovVn0tcEljWl9haYro2kR_3fKQ-13xueQDuqn8LMmE_ZTYCEG3ZqDenhl_5lsGGktPWEX_LBBTs0ZhtYEQKT4J3bSdHgTMkHrrjmoCY/DpqqE9vidtta0JJH1BULG8A2nPSMkecPnIL8SeOe42k),,R8177.4440,R801389.51,Processed & Paid,"51807,51807,51807,51807,51807,51807,51807,51807,51807,51807,51807,51807,51807,51807,51807,51807,51807,51807,51807,51807,51807,51807,51807,51807,51807,51807,51807,51807,51807,51807,51807,51807,51807,51807,51807,51807,51807,51807,51807,51807,51807,51807,51807,51807,51807,51807,51807,51807,51807,51807,51807,51807,51807,51807,51807,51807,51807,51807,51807,51807,51807,51807,51807,51807,51807,51807,51807,51807,51807,51807,51807,51807,51807,51807,51807,51807,51807,51807,51807,51807,51807,51807,51807,51807,51807,51807,51807,51807,51807,51807,51807,51807,51807,51807,51807,51807,51807,51807",R864269.37,R4493.30,131,9/24/2024,98,R825889.51,R8427.4440,Sold,,3.06%,0,R0.00,SKM_28724092710140.pdf (https://v5.airtableusercontent.com/v3/u/53/53/1779120000000/Gosxqre2b-WhdHXNJI3dYg/eLjITqmJrB9xM-6OXsGeI7N2rD6Ui8qfxN5fHTeT8-Hk1hgtlqzAVPlGd9A95u8v_4DYI5Y5wXCVd-1j6roIXsGkyBmdtE2QexLonD2fgyPzsZ-Oytio8tI358Z6OQ_0tUHN400bvtkF9bDlExmDbrpJ7hmZXuanPkITxLxrOP8/ORcFg7qDbeVdmr3ZxfhND3yDgSEApxgdeJhj4EKrrZw),,
Batch 598 - SVC Cows,66795,"May 16, 2024","May 16, 2024","July 18, 2024",,Cycle 5,-669,SVC Cows,92,1,91,SKM_28724051710270.pdf (https://v5.airtableusercontent.com/v3/u/53/53/1779120000000/f6X63eZuj2AIfMZrbtlzOw/B6xIGCfTuEgSCR01BbDNzxB-Btc91EqJrWXCh0GxgHL8RZDjlJFaJ_kMU2k_9Hj2L0c-eaY9X6KgPbE7MQAaAw6lHSLbJfub9vqf_FcbckZcP9qVigPhjT5G11DvP2MYEhWD9SuH9JgFcq2kzOVvRzz6xqoKo0HM51RSbjO2KWc/5LynbJH-qGVpj4lRVDFHJSdGXe4lSNxv1RL8TL_asb0),,R7912.8590,R727983.03,Processed & Paid,"51808,51808,51808,51808,51808,51808,51808,51808,51808,51808,51808,51808,51808,51808,51808,51808,51808,51808,51808,51808,51808,51808,51808,51808,51808,51808,51808,51808,51808,51808,51808,51808,51808,51808,51808,51808,51808,51808,51808,51808,51808,51808,51808,51808,51808,51808,51808,51808,51808,51808,51808,51808,51808,51808,51808,51808,51808,51808,51808,51808,51808,51808,51808,51808,51808,51808,51808,51808,51808,51808,51808,51808,51808,51808,51808,51808,51808,51808,51808,51808,51808,51808,51808,51808,51808,51808,51808,51808,51808,51808,51808,51808",R802544.42,R5506.20,171,11/3/2024,92,R750983.03,R8162.8590,Sold,"Invoice INV-0096-2.pdf (https://v5.airtableusercontent.com/v3/u/53/53/1779120000000/J4WG04Tp9htTSIDzPeUW9A/5786MUD-vjDAItXnaAxInZIqElytFWD9xy1hQCp7Hudrl07UAEY2pN7LEt3fn--d2kP1ePN6s2b2k4GPOcFm4QRxi4Vrpc3eN6PNtJL_M19eK0qZUb5naw6cRbntCEETwrmn0AS7Zoki1Lu_1Z82gdYfGMRqOn3cjz9Tiu6YmgU/KcqJelCAp3_NB83okD7_OmprFN1Pm8ShcjE5NqMj2nQ),Invoice INV-0091.pdf (https://v5.airtableusercontent.com/v3/u/53/53/1779120000000/p9B9p67zY1f3hEGDqUxbTg/pzCCLVLOYfqo0CrMpB8uJRamj6hOq6xc20Lr1UpgjubRhk_9SzIe4a85UhsfRFBYiEDtgOw9zWfNa8MFpTXrI_dSvbka_CH60_XXSMk9_WLxhunXAEBMdipeKD6TGpOrE-3GuXE4eBAWQQdxvXdVzCiUWKqsIhskTP2hLQ9dwXM/0v-1K3kwBEG78t5uTNUq5SnhEL4MG96AA2NeY0uH-PM),Invoice INV-0094-3.pdf (https://v5.airtableusercontent.com/v3/u/53/53/1779120000000/A0qLRdk2m_HcdHL3QUcNIw/P3N4z_jKaNXWLH4eNgmZHjahM28OjfKROZf7-Aw1T8FBrL7VdhoGs25TeyY2MQKYCEbkdHmGWjdV16KQLltIHuSbCIKFaL-0mtQbkGeJCh5iEX_GTsMUE7pn7quoJ1lPEQKsxRNznCidzqlHRacVrqTNw8HV6pxEB-Hxrah52IM/YJCh6qhXiipdBESU9EqK5SXBtZn9TRvUy-fXs4JBIIc),Invoice INV-0093.pdf (https://v5.airtableusercontent.com/v3/u/53/53/1779120000000/ftkidfH__r4t63wuPItdXg/4n9wQjs0RVaIBtmF94HmU4zjKtvKDVsqct4ugBBtXRwDY3zKMSI8Ex9pIvvJStZjCio01f1Inl_yjj2jjW8SJ4TNPR5Loh8kqJHl1pDub44DWxcWSeuJYOwLm_DeMU5b-9JXDCBf0NwuDbTh1DNdhgvz2lk_rluMrHjLhb_JPMI/fbC6zNPOKvzIMxa2qbx_7QQkrElXLcjwnAk2SaifNOM),Invoice INV-0092.pdf (https://v5.airtableusercontent.com/v3/u/53/53/1779120000000/ItO6pw0BqUVM1dsv6RKKaA/P4H_w_ZuJn25YVgP2QyK2BglgcSgdkO4FYzaBwZGZqkJmYQEH3xgGEGtMzVSboFOHl7qFYnlRIWfSpJjtMMEyK8LLTBAfPb3ZSFAi2KIRpNdoOTJ20AJTi1Kb9_HbqG2w3R2OVuIvVp69KVDxRLfz43C2IBWXD9siuqmV7_puF8/LVdegR_TCOXyyEQZ49m-INSsqxFfg6pMjK5vRv8sUhg)",3.16%,0,R0.00,"SKM_28724092710140.pdf (https://v5.airtableusercontent.com/v3/u/53/53/1779120000000/iCj6b42gd-NIvTi8hiMDoA/ibbR0FaHrY2xFP5H9D-Nj9ju_rSL7bo_TeI38OeOYsZ9fG01zUSlDKFgXXHDYAFQjXlgAPssRVpLimcafof6LKMj-P7grCp9EELlBQzjUxurr-TUFL3A4qOuFeUnBuU-FKz7zW5Yit67CSZZ9wnXgbGx8vnqYPA3bmlqss24AT0/iypTPzrTWU0YhuKYZkwRieSP2fNS0hRo1befEcENELg),SVC COWS.pdf (https://v5.airtableusercontent.com/v3/u/53/53/1779120000000/PEye1JNN_rumFE1g273Kfw/DYZy9lHCz8l0_dp9r2TDzCQk25vblriAnVEoLEzBqtYf8neU_1DI0sZFmj1x7lMUEiycnOUWvpYkMZ_hsSsR_wDwlDVcCvT1axXVKcIIFTGYVTHvL25JRiIFNfYaqCeSI6HPWl_SzEcufntwCVPlsJ2bWYRiIPDcL3ig08jyj88/gscjkmZZYhdQ2RUy5BBdj8LrSpfuNGEv_fR4HnwkilQ),SKM_28724102108130.pdf (https://v5.airtableusercontent.com/v3/u/53/53/1779120000000/OpjREkZKvwm2r1I68eAn0w/EHB_XyYbMoocOPmVVcNMbut-4yBOiQ6AMv9K0VXy9dJBOITX4h4WnkdvAXQ98_ys17Q7mRzzb-raPKD8Jgj8z7CnL3Andr4ziXk19mnNf-2RbmFMRoYlZrKJeBvf3QUdKL4ICdd3-s-4HNPYqJhmupV97dfm1N0ph-EFey7qy8E/JEJMv3NWz4fPB1YgYbu5FzF20PfC_gWOsGug48dlbdk),SKM_28724102514550.pdf (https://v5.airtableusercontent.com/v3/u/53/53/1779120000000/5mRja3DmUTs4KkIu5ZI9-A/90QwreBPzq1Kf5QIT64vJHPgrKLope18jqKNj1C7eA_8ILvJo3RTRQLiT7bMZ6M-03FGdosCta_qkkQ2L_XQo9ibj5YJEfyXnwdIDrYdVfV_TvZXeAIs_PCsNjfdGkQi807nrq5MHqzvDzS6IpoUerVXkwaMw_tGaCam6FbIjHs/NRt0wnSeuJhwTqv45d9IKKZGr6TPPQZkfDk0Gfyss50),SKM_28724103014450.pdf (https://v5.airtableusercontent.com/v3/u/53/53/1779120000000/XAT7jZOkMWjQgpWfXaXYkg/EG_jR80wzA9iqBnJncrQxMJilDtz1LdfvtYnggD7ha1m-WMJ2Rwf9dnpQCLuBJlHsMGdalZuzyKCO6Md10jGCTVQQQmJ-P1bT7XUjzbYz5slCEL_C7ducsx4yaTBUc835j6l6NQF2sBqBllE9OHRQdiKpFLCGmKmImpPAZvM5VA/i2gN-_xd02TtGPaUcZzRHq5SHJwFq0Lu1h_MxhhR12Q),SKM_28724110814190.pdf (https://v5.airtableusercontent.com/v3/u/53/53/1779120000000/U_SVqB5a-5nnkerAav6pbA/_Kuvl9q-qXhP5esWdo7KQTPNfh2PSDwIb7jDJ7NJOi96hlog8xM2WdjF3S9UxsYRRVl75kIi4WrbB6rYOGmjotGFAs4y8U5kAhR-CkU5R8EQ9HZYijTmetX_dMULY7Etk0JER8dMOMlfCICz-T1_XJ0832Plv6JWSo-cNSMiwUA/rSV0n4IdS6JCapWbIJ3O7FoPd_kiSwd9doV9aMUjNa8)",,
Batch 599 - SVC Cows,66796,"May 16, 2024","May 16, 2024","July 18, 2024",,Cycle 5,-669,SVC Cows,101,0,101,SKM_28724051711420.pdf (https://v5.airtableusercontent.com/v3/u/53/53/1779120000000/p08z2u6HVf5LaENOjh7Elw/GKNG3jgkUofJCIz5U71HvKZnQESgQrGRm5aOpcAPl2ZvAOiVSa9Q1qgtzkSRZtFkRZVhFSMZFU8tVgoekqp-WV-c_UIglQ_6yMMjic9mCmgGs9Fb-CRs9fVZc7_82H48DFkDtB_nPl2TGfpdbgRd-vp4G0HyNr09Sl-GdqvlWB8/EngisM-NKKRpabkSa_FmdBf2de0p5gS4P61UZiQ8z-E),,R7743.1591,R782059.07,Processed & Paid,"51810,51810,51810,51810,51810,51810,51810,51810,51810,51810,51810,51810,51810,51810,51810,51810,51810,51810,51810,51810,51810,51810,51810,51810,51810,51810,51810,51810,51810,51810,51810,51810,51810,51810,51810,51810,51810,51810,51810,51810,51810,51810,51810,51810,51810,51810,51810,51810,51810,51810,51810,51810,51810,51810,51810,51810,51810,51810,51810,51810,51810,51810,51810,51810,51810,51810,51810,51810,51810,51810,51810,51810,51810,51810,51810,51810,51810,51810,51810,51810,51810,51810,51810,51810,51810,51810,51810,51810,51810,51810,51810,51810,51810,51810,51810,51810,51810,51810,51810,51810,51810",R863564.29,R6150.90,174,11/6/2024,101,R807309.07,R7993.1591,Sold,,3.23%,0,R0.00,SKM_28724110814190.pdf (https://v5.airtableusercontent.com/v3/u/53/53/1779120000000/RQTb--r3XS3N2s7xvBEymw/Bw8A92l0JUjsh6jFREf07CkTqnY2bkRw_5uhKrC_DKV7ywcfmr5365C7y-2iKsnvgFzI6yFg8iwMv9lnFrSpOHDJd4zAbuQYcGTjz6WnapBP618clFT2XuVvIBB6vobcf60YOj1XRs-Zcq6WBnkQcV3PqEZDRVjIxJussncGvlU/eFdwerQcBX2G-iDztuyT9kioZ7X-JnL2eQ3ugnvmiIY),,
Batch 600 - SVC Cows,66819,"May 16, 2024","May 16, 2024","July 18, 2024",,Cycle 5,-669,SVC Cows,95,1,94,SKM_28724052010550.pdf (https://v5.airtableusercontent.com/v3/u/53/53/1779120000000/01fil7cliNvon1pvBN9apA/3e__aEakTyVtvh6hrZOCxbUl5eZk_RfCZbc_K5rvrrm8lgH5SkMjNHly7VTTBHZxE7b3A1sNWnlNZtNJvzzabtEK896WyL8wNjJdCkAwXil8LkAzZFlMe9t9c1T05olN_mPRkiiyDIlTU5KTGerHkFosZ3-DeY0iTdGdZbTC8TE/sNBd6M9ML3hnHi-zef0SmxLGSaNFGfpU3xx2q8YbxbI),,R7767.3087,R737894.33,Processed & Paid,"51809,51809,51809,51809,51809,51809,51809,51809,51809,51809,51809,51809,51809,51809,51809,51809,51809,51809,51809,51809,51809,51809,51809,51809,51809,51809,51809,51809,51809,51809,51809,51809,51809,51809,51809,51809,51809,51809,51809,51809,51809,51809,51809,51809,51809,51809,51809,51809,51809,51809,51809,51809,51809,51809,51809,51809,51809,51809,51809,51809,51809,51809,51809,51809,51809,51809,51809,51809,51809,51809,51809,51809,51809,51809,51809,51809,51809,51809,51809,51809,51809,51809,51809,51809,51809,51809,51809,51809,51809,51809,51809,51809,51809,51809,51809",R771925.86,R2560.25,77,8/1/2024,95,R761644.33,R8017.3087,Sold,,3.22%,0,R0.00,SKM_28724080209320.pdf (https://v5.airtableusercontent.com/v3/u/53/53/1779120000000/rXgKhWAw0GWdk2DLbs90Pw/D2LooD6oP0J7SyhCWmooX43OfLX0Tcp1pPPbF6eS_Hg154yUIpVPm_Sk8OvyWekKttQrjCcUk4CNZh0Z-Gs11qKuzou6SFYJZwoF8KwAaXEtGlBeTPhfqSJgpPz-Vn4VvnNEMYdjPsxom2oO5k2nbuouoHonSzj4HkNj6HIX4TU/8ya0IQs6h-AS9LCzAfmJfPUao-5iMXeDK9LrKjGBLss),,
Batch 601 - SVC Cows,66822,"May 17, 2024","May 17, 2024","July 19, 2024",,Cycle 5,-668,SVC Cows,108,0,108,SKM_28724052011000.pdf (https://v5.airtableusercontent.com/v3/u/53/53/1779120000000/00BZOxyR0CmnKTaiRyONjA/OaGCp9RudWvosKfGtaf-rYqE1HQpzPDzOWpGuTI4C8D6IllQ-f2-r1a-bFZZ9qe1q3XoWJTSonA2VUzxeLaclOHqx_K2LGGXlM1ibjU4sPX6iPT-pd0JmIrZEhH_v_g36IG-l2wYjOIg8AaQjTfT-KdnZee-P7a69-5oT6Nny1I/O3BoYONpNjgfLTR1g1jpCsjnWs4EN-IMjT3TYiOISJM),,R7639.4241,R825057.80,Processed & Paid,"53060,53060,53060,53060,53060,53060,53060,53060,53060,53060,53060,53060,53060,53060,53060,53060,53060,53060,53060,53060,53060,53060,53060,53060,53060,53060,53060,53060,53060,53060,53060,53060,53060,53060,53060,53060,53060,53060,53060,53060,53060,53060,53060,53060,53060,53060,53060,53060,53060,53060,53060,53060,53060,53060,53060,53060,53060,53060,53060,53060,53060,53060,53060,53060,53060,53060,53060,53060,53060,53060,53060,53060,53060,53060,53060,53060,53060,53060,53060,53060,53060,53060,53060,53060,53060,53060,53060,53060,53060,53060,53060,53060,53060,53060,53060,53060,53060,53060,53060,53060,53060,53060,53060,53060,53060,53060,53060,53060",R911044.29,R6577.20,174,11/7/2024,108,R852057.80,R7889.4241,Sold,,3.27%,0,R0.00,SKM_28724110814190.pdf (https://v5.airtableusercontent.com/v3/u/53/53/1779120000000/dsUwMXC3Y3q-gjUmC_JSBg/IzRitpgqYVMRwQC9uXb_E70vf31kQS45TmLEgb-oWVQB1UNDLjfNclOIeq6SIUshxXyv6cYwjLPK526_TOeI8OxrFoT4f9wdFZgaCL1yYBgbPARz_x3zdPnOU2HgCXkrEvjkOCrEbWpy2yxEPNBZjNTYLZvPMt43BVh7q3ziKwY/Esp8z6IQtDcxp7eihGopak7T0q6r1DUkqFQoL1DxW5M),,
Batch 603 - SVC Cows,66854,"May 17, 2024","May 17, 2024","July 19, 2024",,Cycle 5,-668,SVC Cows,101,0,101,SKM_28724052211240.pdf (https://v5.airtableusercontent.com/v3/u/53/53/1779120000000/dm7g4oxxmT-mSAE6xbu9Vg/W5dvbKM-WyqM7FC1MrliIku8zIF0ekDDXvO44TyKG4vIqlXPBj0-hug_DGdkwiyr_d2iMy7Wmt36MQrapCzoiI1WBLFySsZwYOoKii4X2GMKIf7HqwBgBGSkSZiuljDoHaHlnBB9O3AfWm1FcNeebrL25FNZXiTe84w163Uttls/D9FeozdusjVxIQCY0KmXPhqVy7d9KWn3atGn5JJf71k),,R7755.1136,R783266.47,Processed & Paid,"51811,51811,51811,51811,51811,51811,51811,51811,51811,51811,51811,51811,51811,51811,51811,51811,51811,51811,51811,51811,51811,51811,51811,51811,51811,51811,51811,51811,51811,51811,51811,51811,51811,51811,51811,51811,51811,51811,51811,51811,51811,51811,51811,51811,51811,51811,51811,51811,51811,51811,51811,51811,51811,51811,51811,51811,51811,51811,51811,51811,51811,51811,51811,51811,51811,51811,51811,51811,51811,51811,51811,51811,51811,51811,51811,51811,51811,51811,51811,51811,51811,51811,51811,51811,51811,51811,51811,51811,51811,51811,51811,51811,51811,51811,51811,51811,51811,51811,51811,51811,51811",R818921.41,R2686.60,76,8/1/2024,101,R808516.47,R8005.1136,Sold,Payment_Notification-416.pdf (https://v5.airtableusercontent.com/v3/u/53/53/1779120000000/tTw5-MbPmn0THPCvmy4LHQ/dLeRiLo7Ut7Df32JtJ0cBswAZIdnCEpCenEwpDQoXPuQAFGX8-UYFBNF3CTqbDJ_5MWqp3DxbDH6hCPCm5lAhhRl1gI8ddJ3TyZ6Li87RzyoQp1wrzX4VnBtXAw_F2wjgdBPyWb0AUHt1l-iuxN2wAyzNh9ZblECpCvC_BuErai90-bGEwWlN1-qnCG_9p90/QV3uyDjqdnBL0AsfteTCm9Xndk0FYRQ3HJUnAcdejgI),3.22%,0,R0.00,SKM_28724080209320.pdf (https://v5.airtableusercontent.com/v3/u/53/53/1779120000000/YUS8uLSAaRMJHd6UzPpBEw/QNSaTbHvMPuVcPK0ZHmUlHipHEnvIvqZ08JmkuH3FtwgaM-iqDP77dq6r6BJnKXMSE-2kxvFXDszhbxQuA_GbALzCU-_8E94zp9DBn7XuuQVXCxaNBYMwX13eOduVBT2P8_DdBjbS4Kn2bT9K65qpLpeIgCeaIaOJ61H_yExcHo/m3wy3eMpn3nmM9u8v2I50-t76v101JZo_41fqkegVbU),,
Batch 604 - SVC Cows,66857,"May 21, 2024","May 21, 2024","July 23, 2024",,Cycle 5,-664,SVC Cows,94,1,93,SKM_28724052211520.pdf (https://v5.airtableusercontent.com/v3/u/53/53/1779120000000/dYd9SB_jHfjBb1K06sbeqg/MNRpi1iGnJse5TF7M41m9CGgGyaPnme-BZy6pNyh4aF8he4rok2HK6DbverpDc81qabMPXEZNCntv0dnCzOOpuwn4o9hgm_C9TkQ6nJbJ0Lk0csdLzvbhVTIz7pqQR4zHoUlAf6on3uz3d8LICOITC-tYCLSb-scPARjjMHlm9Y/oyXSfwedAVEJp44w691ZSUsWOZ7ixilFMe9W4Z44lUQ),,R7699.2645,R723730.86,Processed & Paid,"51812,51812,51812,51812,51812,51812,51812,51812,51812,51812,51812,51812,51812,51812,51812,51812,51812,51812,51812,51812,51812,51812,51812,51812,51812,51812,51812,51812,51812,51812,51812,51812,51812,51812,51812,51812,51812,51812,51812,51812,51812,51812,51812,51812,51812,51812,51812,51812,51812,51812,51812,51812,51812,51812,51812,51812,51812,51812,51812,51812,51812,51812,51812,51812,51812,51812,51812,51812,51812,51812,51812,51812,51812,51812,51812,51812,51812,51812,51812,51812,51812,51812,51812,51812,51812,51812,51812,51812,51812,51812,51812,51812,51812,51812",R797423.25,R5593.00,170,11/7/2024,94,R747230.86,R7949.2645,Sold,Payment_Notification-417.pdf (https://v5.airtableusercontent.com/v3/u/53/53/1779120000000/XriIMb6Gzqjk1aC7FgHdTA/cyEWsDPBtOxt7bfKg2nKXVoJbrnvEhoA2B7IzmsfaRceEtxLzRJtnnprRfhjoqx9m53s6voiAgCtCrfZDZsQ8AsG6DqjeWLpdL5CxZx_w7nA9UlTtipQMtLrpL5Ads24xT_pkWdpAp1DiyfECCAd7Do-xp3qOzenn2URuKG_3XV3f32DggbwXIIPymmvi-at/twVHXi3Dpgi2ihnYDUBSkCt5Ve2Eucmore0g1k-9OJ0),3.25%,0,R0.00,SKM_28724110814190.pdf (https://v5.airtableusercontent.com/v3/u/53/53/1779120000000/RE17LqW4l3e4d_IVqYx6xw/kxo9CSAdNuiqO1IeR790eYd_Q9mv8pJLD_eazrTznbEQGIzg_B8uHHUVCit9UKxjeHyd17TOK3bZp9wexTg0zZPxRmQLL1e_u3ub6pRyqsq-YLqKtPn1hhB53vtcrGtbTNpfIrt4S0wCGkc1vpkM7IbAZRvM9rgWHVjnKRg1t5g/yULDRGqangtWv1E7FTLqx_I1XZMQSbxJqd32eP355Zk),,
Batch 605 - SVC Cows,66858,"May 21, 2024","May 21, 2024","July 23, 2024",,Cycle 5,-664,SVC Cows,98,1,97,SKM_28724052211521.pdf (https://v5.airtableusercontent.com/v3/u/53/53/1779120000000/DZ9ibymGjoAyC2etRzW9Cg/zTeswxIivxNkCAitQFXWWaSC5qJEq10t5NEDcG0RUAFiyOC1rpATJn-kPKVKn_2bYYpzuK01unh1KVmqvF2hCkCN9CWX122tTbRj2lqpopNN1vu-FWRnHMAy-6gpQ2O_Soo_c1iB2eSQOYxVw6D853q_ACfDJIdycgGbQUVPpro/b2LHJns3-k2aGtaCeDwDfcD25K1oq4B4GnD2b-aXUyo),,R7581.6768,R743004.33,Processed & Paid,"51813,51813,51813,51813,51813,51813,51813,51813,51813,51813,51813,51813,51813,51813,51813,51813,51813,51813,51813,51813,51813,51813,51813,51813,51813,51813,51813,51813,51813,51813,51813,51813,51813,51813,51813,51813,51813,51813,51813,51813,51813,51813,51813,51813,51813,51813,51813,51813,51813,51813,51813,51813,51813,51813,51813,51813,51813,51813,51813,51813,51813,51813,51813,51813,51813,51813,51813,51813,51813,51813,51813,51813,51813,51813,51813,51813,51813,51813,51813,51813,51813,51813,51813,51813,51813,51813,51813,51813,51813,51813,51813,51813,51813,51813,51813,51813,51813,51813",R818659.20,R5831.00,170,11/7/2024,98,R767504.33,R7831.6768,Sold,Payment_Notification-418.pdf (https://v5.airtableusercontent.com/v3/u/53/53/1779120000000/Nn8dpvF704gsXEzDpvCYJA/K_-tKZ0C2HyOJenu2HmswG21RnyOficAYpDtM1ZKxfbllJxyOOSr6GuiQBw7wkE2TVgrK2uc01-KweX7LtL12KFESQRhP2qn0zRml9t75--dZMst2Otky3hAJV0utGlAMbwKcItlDSbVZuBfCoVVPk1spdWXFBRS9yXKF0x73cpn0YM1c2-1dG6UUWnXUcn7/ECCoSEecj3YKtnOyNhlSt7VA1ucA_rHh9vJ3UxEcV6w),3.30%,0,R0.00,SKM_28724110814190.pdf (https://v5.airtableusercontent.com/v3/u/53/53/1779120000000/0dLA9Vl95T2NI03G7wIVQw/DXqHntnnGprz6OfJRSTWQwmuc9JmFGhpd4V2FkfVYVOQ59J5zc0WB0bOKtmDPNmYV-_WVV-f4b-d1DC81Mv21L5toB5eethPNCeHQ83e0-nZHCk6iOXl2oBr6XQE0gVidU21QNN3Brsi4GluU1tNMHrdTeCuIXZVEe-SFBTf_yQ/NZ9X2FUlcwHRX6on1tpLF_b8jQKZeKjfq713aX3RxEg),,
Batch 608 - SVC Cows,66859,"May 21, 2024","May 21, 2024","July 23, 2024",,Cycle 5,-664,SVC Cows,97,0,97,SKM_28724052211522.pdf (https://v5.airtableusercontent.com/v3/u/53/53/1779120000000/lY63R3bQmbo_6_Lekh9ZCg/jYRT_GV2l3060-scgVEhRJPiViSAqkeMLX_rSaIMkWFo9r4-lPIxhwCoCxOX1JFMGQrgBHLBueG7o7rq9afXciKjkU5SNGOx4LfTxiZciz9PXDESfgKaUL0tQZ5heTZ0SVynVHmSGGmI4aNCNdATYAR9WNiGkCiaOvMH5An16kI/-DtaQEiKwacJAlKXZyLT-1Zy-f_gFcumj-pew2KARYc),,R6129.1029,R594522.98,Processed & Paid,"51814,51814,51814,51814,51814,51814,51814,51814,51814,51814,51814,51814,51814,51814,51814,51814,51814,51814,51814,51814,51814,51814,51814,51814,51814,51814,51814,51814,51814,51814,51814,51814,51814,51814,51814,51814,51814,51814,51814,51814,51814,51814,51814,51814,51814,51814,51814,51814,51814,51814,51814,51814,51814,51814,51814,51814,51814,51814,51814,51814,51814,51814,51814,51814,51814,51814,51814,51814,51814,51814,51814,51814,51814,51814,51814,51814,51814,51814,51814,51814,51814,51814,51814,51814,51814,51814,51814,51814,51814,51814,51814,51814,51814,51814,51814,51814,51814",R655059.04,R5771.50,170,11/7/2024,97,R618772.98,R6379.1029,Sold,Payment_Notification-419.pdf (https://v5.airtableusercontent.com/v3/u/53/53/1779120000000/kj4Zxf6kd37CkpxfvsYLkA/BKTE8aX6sENR-YX8Gr6CQ2mkkcEB6QLt2-Rwfov5j_ik28gFFAx2iDc1R9hDqUcGo1xTPHauG3XCqnJidhtOxUt-4dPex_gkoGnq3-9uU6gtYMDk4COHNq6g26yMtJh0-wyxCs4QpqUzfSvve3lNn_51PEf5y2wPuwPqoOKmT1wcvyOfYuA7dn14x-uBI2L6/Stap9P2q8kD8NK6p4atJ48JZaXGnPtPZezZosGs7yWc),4.08%,0,R0.00,SKM_28724110814190.pdf (https://v5.airtableusercontent.com/v3/u/53/53/1779120000000/5Hl9e5IDGiuR7NouOLtopQ/ncStWbwMDSSTrs_4jT_jnU5eyi9NLRbbyPUbbyhCBZ3HkkBYZEFd179-U0kkbkqR4c5bq3F62ELOF9sgd7Y4icY-H9xkqcTW3xVZlk_-gRNifGOrAwqfQRTeb5JZILO2O2Gn8vf8T6sYCRPvy33Vs1Bp7bCSrhOMKH5ftePPSPw/lsbT5FO43xkuyLFLQFb8_8-1TISLzlDZBblgR26BZWk),,
Batch 615 - SVC Cows,66902,"May 22, 2024","May 22, 2024","July 24, 2024",,Cycle 5,-663,SVC Cows,117,0,117,SKM_28724052711190.pdf (https://v5.airtableusercontent.com/v3/u/53/53/1779120000000/Qpj9E17aivr5pkTQrUQvpw/EtvV1nPxhGXJX81C_fCNdZZp9myKB0zsJpD2-sd9cbgSXqJkpjGjyhXELZa2HJgcXsuGwhEUhcwQAVVEvWaALVrdeQegMYU9CKkoUBwZvcniQ-IWp-M7s4LCfw-O7U1SxfKxOgyTGqYNdB9f1KzUzf--9KSAzGnoOjAMrJ4oesw/l6eVffbp4FWRrsYWodg2GGo5AEPi3T2DKphyK8b4mHY),,R7766.5697,R908688.65,Processed & Paid,"53061,53061,53061,53061,53061,53061,53061,53061,53061,53061,53061,53061,53061,53061,53061,53061,53061,53061,53061,53061,53061,53061,53061,53061,53061,53061,53061,53061,53061,53061,53061,53061,53061,53061,53061,53061,53061,53061,53061,53061,53061,53061,53061,53061,53061,53061,53061,53061,53061,53061,53061,53061,53061,53061,53061,53061,53061,53061,53061,53061,53061,53061,53061,53061,53061,53061,53061,53061,53061,53061,53061,53061,53061,53061,53061,53061,53061,53061,53061,53061,53061,53061,53061,53061,53061,53061,53061,53061,53061,53061,53061,53061,53061,53061,53061,53061,53061,53061,53061,53061,53061,53061,53061,53061,53061,53061,53061,53061,53061,53061,53061,53061,53061,53061,53061,53061,53061",R1000669.71,R6920.55,169,11/7/2024,117,R937938.65,R8016.5697,Sold,Payment_Notification-420.pdf (https://v5.airtableusercontent.com/v3/u/53/53/1779120000000/9UHDBuO2bAuYAB8qo3Bqbg/cukDMx2XisyjoAIKVYam2KcLI3dYEf_q24VPL7m0Em-LHjjME3DfWjPN9tM7pMnMAw2Q_0eFzTjxbqlQav5Fgghjt-2LUTo2Eo0RGSgsTGYkVwwbcCe8eOQ89F9FW38jnGdXmzAbU9_nM4lynCSLZUB8eXEo_Owu_-ljCjq9SsPOgm9yWR5oNGha75VCqHUy/sY0oGOi1H8DKEolGyVM_1j0krWp6Xnk8jyrbMdvZAmk),3.22%,0,R0.00,SKM_28724110814190.pdf (https://v5.airtableusercontent.com/v3/u/53/53/1779120000000/i3Hh2-VXBRM92Ag_RTcA6w/Ny2x6So5ejITNcgpaXHLQLIlZHLYkccLN9ZK5kFhCBc5VKb9N-C70vgtH7UQLmLiNZabQGpOWEriuTByCKmhM1YHe5mWFmc60jJu0Vw3GoYqFdlUBUlKUHSHT8YnFYDCTGDn8Gbf3wE4zp1h_KO-ffnvOH6-lkQau17wKi3KI5A/YWWDJhqIWU3o6n3THOdJFIIxmgtfBaDkeQRr842I7w0),,
Batch 616 - SVC Cows,66903,"May 22, 2024","May 22, 2024","July 24, 2024",,Cycle 5,-663,SVC Cows,116,0,116,SKM_28724052711230.pdf (https://v5.airtableusercontent.com/v3/u/53/53/1779120000000/oEd0CBHulU4HIaCmOhCztw/c2RMClnqXY-7k2a_L02LgZ7MvLUq54s1kvrD9GueNJin59YGcWH6KSVH_T3J7wjkeI5SjdUaI27NFuQjmOM-YuDKbUOgDtVicRcB2xhsG5btDQj4Z0yvNkVCg1MEN-fcqVpP_jJL4tX98U_pMvG3qg_OulK6jEIyhWXJrP3RjTk/xmdvadteubYMEDRW3BCusOwZ0SHpggun0IjiaS5wdec),,R7814.4711,R906478.65,Processed & Paid,"53062,53062,53062,53062,53062,53062,53062,53062,53062,53062,53062,53062,53062,53062,53062,53062,53062,53062,53062,53062,53062,53062,53062,53062,53062,53062,53062,53062,53062,53062,53062,53062,53062,53062,53062,53062,53062,53062,53062,53062,53062,53062,53062,53062,53062,53062,53062,53062,53062,53062,53062,53062,53062,53062,53062,53062,53062,53062,53062,53062,53062,53062,53062,53062,53062,53062,53062,53062,53062,53062,53062,53062,53062,53062,53062,53062,53062,53062,53062,53062,53062,53062,53062,53062,53062,53062,53062,53062,53062,53062,53062,53062,53062,53062,53062,53062,53062,53062,53062,53062,53062,53062,53062,53062,53062,53062,53062,53062,53062,53062,53062,53062,53062,53062,53062,53062",R998236.01,R6861.40,169,11/7/2024,116,R935478.65,R8064.4711,Sold,,3.20%,0,R0.00,SKM_28724110814190.pdf (https://v5.airtableusercontent.com/v3/u/53/53/1779120000000/bqRLtoe2N8RKnUoLz438Wg/BEolvvJE69FC8IIknLAPof3mYqa_hhJ4OOyQVFikZg0DseuJKnmEgvxvcBJSKwIAjuVjNoyK3k4Ey6NWLl_CGlBkjbWbLvpM6ycrOB4DaColEcwTwc7A2nLNid_Ecv7LcUpxo-WcD--55sLNQkZvnNrRtI8yHMHOBqqRRvPgCv4/p9AOnKUpuRyLK21oduwBrbb7jACY6FVzrjTnZZiiAfE),,
Batch 622 - SVC Cows,66910,"May 22, 2024","May 22, 2024","July 24, 2024",,Cycle 5,-663,SVC Cows,101,2,99,SKM_28724052713160.pdf (https://v5.airtableusercontent.com/v3/u/53/53/1779120000000/cZJGFEJ0N4pkEvjNsYTmvw/IuS28d84fD8CJZcHUrSFIcneoBVgYOtrDiAC9QsCzEi84STKuNh-0LdsnlyRiLS1lrUCLIg1KJuWiKOgd9uR6sJW9CuMTMg0ae98MhuvkrOAEuC_4sB8fMTYJ7fBDKlGyVDHkFX0eNm3ueiYgX23Sml_3-80Sn3vIHxRUsy5M44/6kC9GLoMRWehaGbX_ZrvUeHSWRR5KBmsU0WKdXPKsKw),,R6511.0673,R657617.80,Processed & Paid,"51815,51815,51815,51815,51815,51815,51815,51815,51815,51815,51815,51815,51815,51815,51815,51815,51815,51815,51815,51815,51815,51815,51815,51815,51815,51815,51815,51815,51815,51815,51815,51815,51815,51815,51815,51815,51815,51815,51815,51815,51815,51815,51815,51815,51815,51815,51815,51815,51815,51815,51815,51815,51815,51815,51815,51815,51815,51815,51815,51815,51815,51815,51815,51815,51815,51815,51815,51815,51815,51815,51815,51815,51815,51815,51815,51815,51815,51815,51815,51815,51815,51815,51815,51815,51815,51815,51815,51815,51815,51815,51815,51815,51815,51815,51815,51815,51815,51815,51815,51815,51815",R727335.56,R6256.95,177,11/15/2024,101,R682867.80,R6761.0673,Sold,"Payment_Notification-421.pdf (https://v5.airtableusercontent.com/v3/u/53/53/1779120000000/uUfG47TqIXLiPi3MbIlkPw/wZN4mexrDbcimIEDc2qDtOciGZ4jn1gJilE2GaEJ656V6pf2a8c1yc4a47KpuicLyrQKSh2qPxbEwq9BB2C3Uc-Mcrvujrs68l0OUPkpO8dH5aCKXAOHsg9VQzz4XB2sdqE41QND59IfUXSRNEYLcS6WJhBdGtnmNRmZD_SdSvK_OegymbAIKGZatNgD9WgQ/CaGn2FCGZhimfMgApCTj1AQ3l0ALoGHIPh3dxzJG76w),Invoice INV-0099-2.pdf (https://v5.airtableusercontent.com/v3/u/53/53/1779120000000/BvmJx9T1CSGP5T6fRbcPZw/A0mfEuFamUxIkCFFoCJ-mrtNYnHXGphgMQtcyL2e0fhnqDsoR4QpJzE8ZAUa-irV1kxV4L59KcrpZDx7NxPyJAhv4glg8OrwPMt_K4PL9H2plsHvjb4Tk3e_MOjqidSUkWr0wQQmUKmu_lp8vBXVoP2M5y--YXi-tuaCKBLcnRk/zs5GBy-tuzwUSMoeKbCwI0zhC9IcJByQMWFwuU2yFH8)",3.84%,0,R0.00,SKM_28724111814420.pdf (https://v5.airtableusercontent.com/v3/u/53/53/1779120000000/tSs9B8sIQwVCHQD7IpBcUg/dK4o3bPRxtJ-wMhRQsKOaUKEArpo_K6tQD4go9GKVbj98_xvdvklxEWtbcsgyFTcrfYJi7-8wm1qal6KZwoVxdB-hFKaMl1szXVr8ywCjD8-X2X4dqJdzxqHnzMszNRnMv3qYZ7VLfKbw2BirCF8Lu6uT3Ggtr3pTcHlUhUZ6QA/X5lYrxgoJYXY2aAcFXwvLACVQjGqNt5NRdimbq-iCtA),,
Batch 612 - SVC Cows,66899,"May 23, 2024","May 23, 2024","July 25, 2024",,Cycle 5,-662,SVC Cows,97,0,97,SKM_28724052710540.pdf (https://v5.airtableusercontent.com/v3/u/53/53/1779120000000/vBq9Q8W-U0sCi9NT85xieA/FhvsOpwcCLLvwaJKu0ljMDe-rDOnW9dW-2ltgLqvXRpcrPUhc4jOeY60khvzr5m3br_8fZmJHPGyGSpmRd2QaAkrCaWdouMiXhi1fL1VJcIfJ1N14OF8ZTBCuJltzsuIPx_9umLdMXwvQ_fdtlp_Ut-F9Sdq_3j8vwa95zLRsjM/Emy1BvLLDBuI4m7hGw_vsk7rJCd0t2vJG3YvZFNVyw0),,R7112.2635,R689889.56,Processed & Paid,"51816,51816,51816,51816,51816,51816,51816,51816,51816,51816,51816,51816,51816,51816,51816,51816,51816,51816,51816,51816,51816,51816,51816,51816,51816,51816,51816,51816,51816,51816,51816,51816,51816,51816,51816,51816,51816,51816,51816,51816,51816,51816,51816,51816,51816,51816,51816,51816,51816,51816,51816,51816,51816,51816,51816,51816,51816,51816,51816,51816,51816,51816,51816,51816,51816,51816,51816,51816,51816,51816,51816,51816,51816,51816,51816,51816,51816,51816,51816,51816,51816,51816,51816,51816,51816,51816,51816,51816,51816,51816,51816,51816,51816,51816,51816,51816,51816",R762615.42,R5975.20,176,11/15/2024,97,R714139.56,R7362.2635,Sold,"Payment_Notification-422.pdf (https://v5.airtableusercontent.com/v3/u/53/53/1779120000000/Jzwwh5duYWNQUhdJ954--A/na6DFb7XsUm-su5Xy5B5PgvNM69aKj9hIMdApCMOvfdoyDx2ftybQMwAl9Dv-y0DidyfxBaTcBC81ac9EaE6E7w56eSevOdWV_hV7zGcwRjpypM3ttobrmaUPcXMnjegqHoxBBhwgvQxsmeuOITNRZZuPd1qiHo-t1Kmrd3qXZXUANECkBzEEC8WnG1DecsQ/46VEWte1wi6hUpcy0Z91luDNMqpDFReYZJC2M1pUn_A),Invoice INV-0099-2.pdf (https://v5.airtableusercontent.com/v3/u/53/53/1779120000000/2iipsBodX5z2K48PXclb2A/1_bebi4gvPgONBh00fn1YJvAiIU33iuEZLJpdyytkOJzqQD4XnOUuFHeNdg10Np6V8pJnh_TStkRxTRhlQbUHlOWSFnSH8P_fj9OC20ey56V6_u8XDZ6INzK0PsW3gExRj4OsgAmW-P5HUkz3XIwSPz_t2P8RKv7PXCvWydLF08/sUF4TKkXQuuG_riAH-0Y9O0bkCuqSKkAMZYrNgyqelw)",3.52%,0,R0.00,SKM_28724111814420.pdf (https://v5.airtableusercontent.com/v3/u/53/53/1779120000000/5uLMGbQMZ8s7DauYd2Dxwg/0JlU0qes5hNhZ0nrUYVa8sdGyCz8lrQ-z9sb6rjlR59kK5kRDkwV1xWUYKIIE1uJZbsCJnEWXrs1YIDp5Tdo79ecPSZBHLqYnrxUa4c5JyCqSL0QyM6rKuJJxuzquXYXC4OuBhUszlxT6huyAaPHEW-oVgbGd4t66mmqwhwmtrg/W5F9ibR28Su72hSZZn8GDCJXIDSjotC1OEKLO4TJH4g),,
Batch 613 - SVC Cows,66900,"May 23, 2024","May 23, 2024","July 25, 2024",,Cycle 5,-662,SVC Cows,104,1,103,SKM_28724052710580.pdf (https://v5.airtableusercontent.com/v3/u/53/53/1779120000000/PQEJGklqcbNE8Jsu77eYmA/EEZ7ChgYIrbNCrom9vyT6E9WjIOw8TKCD26kgu3_G3JsB86KryqnkYQ_BkE7kLLC3NrmZRDYn-wffQS7OS_Grm_dphjHGmDXzAylZzHdKXkBxmViypZ6MxY5y02ug41PxushwGWHOh1s8Zw3mgQAS7mzTXdAH7qqG498hKKeE10/wln4PLOZKs56y_PGsYZENy8M9A3-koRPmNNM3S63arM),,R8054.8913,R837708.69,Processed & Paid,"51817,51817,51817,51817,51817,51817,51817,51817,51817,51817,51817,51817,51817,51817,51817,51817,51817,51817,51817,51817,51817,51817,51817,51817,51817,51817,51817,51817,51817,51817,51817,51817,51817,51817,51817,51817,51817,51817,51817,51817,51817,51817,51817,51817,51817,51817,51817,51817,51817,51817,51817,51817,51817,51817,51817,51817,51817,51817,51817,51817,51817,51817,51817,51817,51817,51817,51817,51817,51817,51817,51817,51817,51817,51817,51817,51817,51817,51817,51817,51817,51817,51817,51817,51817,51817,51817,51817,51817,51817,51817,51817,51817,51817,51817,51817,51817,51817,51817,51817,51817,51817,51817,51817,51817",R926017.15,R6406.40,176,11/15/2024,104,R863708.69,R8304.8912,Sold,"Payment_Notification-423.pdf (https://v5.airtableusercontent.com/v3/u/53/53/1779120000000/mWh2VNsJdp1HT9jbLtrNuQ/gPhniZ-UKnBQY8elb09fXTfNmZRzAZ8Yoo5L-bx8q-JlD6IR81LBbtOScfZOdq_PMMfEBaNWfDs0nVjzeTM9joMCl2hrPMR5uzPcRL0J9BW_Bqe2evT-6kgAD1UCePvdpfTok7g27qqCyX7fYfv2SZ0_BYT03ZIbkXysHT0L_rYB5eYQts5GSzVlQWYiafaY/h6v3s_SkN65E6FrmfFWGXyYPzGE8SkBTRjwrLGcbKfA),Invoice INV-0099-2.pdf (https://v5.airtableusercontent.com/v3/u/53/53/1779120000000/Gam9dI4WqXLgQJ0ngvSoAw/HXIlAOsEXxTFiQL58Uj9GRXOsVkdEeKdelaNKzsE5reT_UVMXaLVFozhfzdXpJJ81sHGhAU84amo4AlTD_JtZPUOYk6Qob9IDwOGE6LE1jVSl5b8mjZAiA8ssGuheZAcVHd0qxyTeHvv4AZi9BY4cDuI6p8R2TL8XLC0rIUnqsQ/mjKLx-ZhxUVCO9cLDwsQcYNK78vljKP0DFnIofdr0-E)",3.10%,0,R0.00,SKM_28724111814420.pdf (https://v5.airtableusercontent.com/v3/u/53/53/1779120000000/M1Vk3goHJ1-tV8YIocdcMw/Hn1qNET6e6FORNvv-azCttODVoQ-HcqV2w3Z7bHWbS4c22C9z8b8h62H1plVaNyrHStr56asaI-Y9ETMMeyaBfUXW8nZz9amxfRQPGepEHHjEmg_m39nOuWMEcn1CsX6uGCylCFFfqay7Jy-BDuSqJjjfjpX_H8UedtTSgChLQI/zTh6A4qwobwNI_xZ8EssXuPyxUIR0vlrwvyhiYrMC5o),,
Batch 614 - SVC Cows,66901,"May 23, 2024","May 23, 2024","July 25, 2024",,Cycle 5,-662,SVC Cows,96,4,92,SKM_28724052711070.pdf (https://v5.airtableusercontent.com/v3/u/53/53/1779120000000/VyWqJXhse5P2WJkyUW1W1w/bLrNx65U5a5Koc47_doCyPo6U2XM_W49TqkFB1N3yUK6zadsduHhbj4CrWTnY6cxA_fHIVkUegGv2orPaR9WD9lsXrADDH8sE6BBsgdkWKGJHo8bk0_3hbmwEHeX_xG5hJ0jt_gg9QTKx3ZES13Nk_nas-XsvmzIg7qio4QDKmI/sWJhc9MIMTpqaGC-OhDhvMqS6m7iLsSMntvBfezpvGQ),,R7575.6923,R727266.46,Processed & Paid,"51818,51818,51818,51818,51818,51818,51818,51818,51818,51818,51818,51818,51818,51818,51818,51818,51818,51818,51818,51818,51818,51818,51818,51818,51818,51818,51818,51818,51818,51818,51818,51818,51818,51818,51818,51818,51818,51818,51818,51818,51818,51818,51818,51818,51818,51818,51818,51818,51818,51818,51818,51818,51818,51818,51818,51818,51818,51818,51818,51818,51818,51818,51818,51818,51818,51818,51818,51818,51818,51818,51818,51818,51818,51818,51818,51818,51818,51818,51818,51818,51818,51818,51818,51818,51818,51818,51818,51818,51818,51818,51818,51818,51818,51818,51818,51818",R803932.47,R5913.60,176,11/15/2024,96,R751266.46,R7825.6923,Sold,Invoice INV-0099-2.pdf (https://v5.airtableusercontent.com/v3/u/53/53/1779120000000/DDzeRWmMdx-9b7vyWZPIkw/e-VlCo8MTJd9f_9ZekNH633RIRxDXItlA3TSqq_4Zd9Fp6kilgAqipgPW-vap_plPwpl5l1ley5oAZVYzWGMkunm1dvKlxDPACXAg45YpLjTtFzSN7pQb6YqV9jK3PNuanG_e3LZcceM87YuCNUgR5fILF5ei6t1BQ6HOGVl5Sk/KFujjlbX3FpXXqLO0FDTM18gP1_wj4UCmXvabM1D3p8),3.30%,0,R0.00,SKM_28724111814420.pdf (https://v5.airtableusercontent.com/v3/u/53/53/1779120000000/Dax_ejA7PoUmMqhAHV56Sw/twMyC1ZOEkiG4NnMVSDt-Yf2wbDa-PXgcgZbu6-vV4BkMMzn0vR3zoD3Wcqwu6fVnJKRh2lneKaOYttHPzy5IJP-DnnMtfwhegf4gfHNNdXeYyCGTcvMz51bwnVyyUBy6bFk0U0x4O5dqNxxgBEV2HDTmd-1Rd4Tzyzg06x386A/eSTZKkhDmkPsHQSe48IDJ8It_AQWBK0qmrmQqueSFmc),,
Batch 617 - SVC Cows,66904,"May 23, 2024","May 23, 2024","July 25, 2024",,Cycle 5,-662,SVC Cows,32,0,32,SKM_28724052711360.pdf (https://v5.airtableusercontent.com/v3/u/53/53/1779120000000/BD-e3ELM-su_GFvF4PZ_LA/7OSxeWYvKQeyBxjbpTvdGe3-HeDVQrWjgVb_HKXx3FovYvExeFPxotRV3MmTYLd5VwEhGKMa2KCkOP_mjO1pp4_QvblZAbyPm5PzDN_QcHzUivRypugniADetVAshfvLnJVhZglliYUjyJA7sKY6HAC0lWBxXBQQWrb7sAB_ci4/yrW6d0MIi-Wbk4LZxXRaHyrm2r2DNO_KAZedu4vTGgs),,R7581.0038,R242592.12,Processed & Paid,"51819,51819,51819,51819,51819,51819,51819,51819,51819,51819,51819,51819,51819,51819,51819,51819,51819,51819,51819,51819,51819,51819,51819,51819,51819,51819,51819,51819,51819,51819,51819,51819",R268165.37,R1971.20,176,11/15/2024,32,R250592.12,R7831.0038,Sold,"Payment_Notification-424.pdf (https://v5.airtableusercontent.com/v3/u/53/53/1779120000000/VtKKfgUz7Czqddc_SHeARw/9EYzpEwkCiZNyqOHl1ANK4EjWFKLFC9J7OOvmHkQpW5lhxLGiLBDfhh1O4_Lh1GOIxo4Mbb3pDmx6-LH0wRvRcpgsEt5DcRa9zPYHOe7t_L7J3AnycHYKVRD2VsNaRGwuOE_dAGpHsaKsWYYCFJh_lvaKRruxFRdEE1fJbYhFKPL2nTRgqR6UrdMewAvFnQG/qrTLB16657HjRJko2gFLXjkgAKjW3T0o5cM4qFLdl0k),Invoice INV-0099-2.pdf (https://v5.airtableusercontent.com/v3/u/53/53/1779120000000/E4UwwkymhLNuNIt1JvCpWg/sF-DdygLVQedP4mBIVu-a9O-AnXnzE-GFSy1KHYTyvhsfzYrI3h7opEfXZPvnMziKizqqtOOlTvJEAmz9_wW7xz7Gh_IHbnNZ_Wg4BAdlBXSUQSuS7lgRNMKDLOIkRpblcYlbSeAkLffpkY4uMeqPIsKWoV76BP8zggJqsokVPw/7Ni8zTlaDd3m4KIShm6laEIu75htB-44XqhwV3xKDsI)",3.30%,0,R0.00,SKM_28724111814420.pdf (https://v5.airtableusercontent.com/v3/u/53/53/1779120000000/0qXLSouaoOERVBOmK2wWiA/nilywGAkhkeDf0heEy8zFSvhww2EPHUJL7pH05StFhVZSUg4sDnaX187-TeEmM2r5hQ4E3JNkKnMn-zXtSQK0pMkbrZ-5g3KIp-i1bmbqAV1oEwQq1_LxbXLzDd4NoSQTigyJ5vpjNPif3YHlVnN79D4dr_SNbdBj-Mf3up1nMM/NI_3RIAa3p4RzxIAvlboFDTAtALRMYphP9RHVw0k0VA),,
Batch 618 - SVC Cows,66905,"May 24, 2024","May 24, 2024","July 26, 2024",,Cycle 5,-661,SVC Cows,44,0,44,SKM_28724052711410.pdf (https://v5.airtableusercontent.com/v3/u/53/53/1779120000000/BObDKhQtVmOA9rKABXGMKg/YZ4SBv6OwrZrmDd7UVR9hx8y29ZQAntSuYFbREHsctkG8nDH8uJUBKUQncpTDIbYQ-9sOyWKK0nhVmDaBuMJrFIVitI9Zv4jLdsK3hYO0Xxdcv9iM5CYAqAU50TCJSqssk5ad0HLPs5TSaxPTbSeQESXbztylLiBFT41RFZtyQo/jlLZNNe0QfD9Is-93uIVdYPr5cDVsomaSWE-WOTtv-E),,R7188.9516,R316313.87,Processed & Paid,"51820,51820,51820,51820,51820,51820,51820,51820,51820,51820,51820,51820,51820,51820,51820,51820,51820,51820,51820,51820,51820,51820,51820,51820,51820,51820,51820,51820,51820,51820,51820,51820,51820,51820,51820,51820,51820,51820,51820,51820,51820,51820,51820,51820",R349469.16,R2695.00,175,11/15/2024,44,R327313.87,R7438.9516,Sold,"Payment_Notification-425.pdf (https://v5.airtableusercontent.com/v3/u/53/53/1779120000000/vurApJs42pHy-fzKJJIT9g/0-vcUcRvPXflqFgb4h0xJAs7Nnk3uV4ZXcjez6gRyH-0d8zcmLE8ZFSOBv56KmVp7znrrATW6-dHwB7Hnf08mDU78HghNiQE6gufsacKCJad2FYQT-1Eh-Tj4oPTEaYvX7cQHxwU_3kbbGNkALHF2IT3M-AR_-j6sZ6Xo-U676tQacDvybyw-c2uYCPH6Jve/UuhWioz0e3i0DTWBpH-h6aBCXHllJXjzysGdPhw41xQ),Invoice INV-0099-2.pdf (https://v5.airtableusercontent.com/v3/u/53/53/1779120000000/zBm5e95Gp-c4Jv0V1OyPRg/sak81WJ3jfrRFJOHV_8xipPXzpG1KdyID8es-AZMALn02w1b0xpcuvWNsfIMEcY_cGD3R0sfUGSOnAB4uEcJXquJDxuAGLaiDjysB0YPQMpUD9lRVTjL1kUOORnfPqFPcFfItfDp-1hE0JcAWYfXgw60QTiAqCpANmZUe7R2KGE/mxKuWnwIec-JhkJAXrobT5sPToujMNM8KyWiOfU5pdQ)",3.48%,0,R0.00,SKM_28724111814420.pdf (https://v5.airtableusercontent.com/v3/u/53/53/1779120000000/CFXrDA05_vM-csrpW6tRZw/4AcV4iRiXCZ3rbxDQWjfHIBsYx_Z-68V5uoSA6M4gC48on_QPuPpP1cWW_5j_-rkAVKBiWIZ9vVgRVLGcPJGfqRtJ7L-zfy0ZFqntasPcSC5UiV_K21ZWBrq3Q6ds2EB272qa4fC1zU7OK9rzSLvHtCQViPiXvLImzILLPxYils/GZljx3TDl_agWFW755Gn9kX-gRtmy9nF-vSAL4xEOmw),,
Batch 620 - SVC Cows,66906,"May 24, 2024","May 24, 2024","July 26, 2024",,Cycle 5,-661,SVC Cows,92,6,86,SKM_28724052711470.pdf (https://v5.airtableusercontent.com/v3/u/53/53/1779120000000/XFf7sb0jhKKjU9K4V1cCQw/KVdm6O6mlfN60BJF9tgPI4IQF9S635TuFK1CkdSjqSEq4FRtzWPlq6HPl_A_oe8PHY19Xfoc6imWYZBsTzZ9bLFduW7A4Hg04z-U35qls1rkt31T4w7u3VKKU4o-H8xbpFY5pR2RTLRjR4WWYOCds_oYc2rsoeXS17SxETzTNVI/HlKz9NmH0WxzwcJSDuDtx523SvZ96ctcTfaTP4SOMG0),,R8226.2611,R756816.02,Processed & Paid,"51821,51821,51821,51821,51821,51821,51821,51821,51821,51821,51821,51821,51821,51821,51821,51821,51821,51821,51821,51821,51821,51821,51821,51821,51821,51821,51821,51821,51821,51821,51821,51821,51821,51821,51821,51821,51821,51821,51821,51821,51821,51821,51821,51821,51821,51821,51821,51821,51821,51821,51821,51821,51821,51821,51821,51821,51821,51821,51821,51821,51821,51821,51821,51821,51821,51821,51821,51821,51821,51821,51821,51821,51821,51821,51821,51821,51821,51821,51821,51821,51821,51821,51821,51821,51821,51821,51821,51821,51821,51821,51821,51821",R836143.74,R5635.00,175,11/15/2024,92,R779816.02,R8476.2611,Sold,Invoice INV-0099-2.pdf (https://v5.airtableusercontent.com/v3/u/53/53/1779120000000/DN-aWSv1TiXuBpEeZNqBwA/2W4qp7IWvg-1pZMzacUMLR2muceVu1Wd64I9gUKWf7GK-BYTIM_lOBFXL-7NOlvza77UmIbmkPUgo7TDfOa6RAchJTInqVm6mtN7K-xMftHz1w_dPpJvTS27LfSwgmHWBYupIDdn2sk6zZSo08Ct1SdiNv5EWBXitdwC_aVFoks/UeGOQl20nvuPZfVzGBBpJ9Z52w4dCOxvB3xhjdXXsYY),3.04%,0,R0.00,SKM_28724111814420.pdf (https://v5.airtableusercontent.com/v3/u/53/53/1779120000000/pr_WxA9eKPjDwKQuZ6O1zw/N9LH4_5ZINhrkOfO5Wre8XulMbdcLzDcsxq1pAe_N4BHrIJlX7_8Pyqf44Lo1jr4ii5ZtvzDuYdbNgmQfgKzK3_2_BXeU5OignGRushkbZQ9p2okGufNbpAjt_Z5e53lw6fUbRpah89tbk2tvK6QYulI15MY5gQ93CO6fBt3a_Y/pqzXkp0S4Bt-A5Q5cY-yQO7dBUw0n3C26GHmGVls2gs),,
Batch 621 - SVC Cows,66915,"May 25, 2024","May 25, 2024","July 27, 2024",,Cycle 5,-660,SVC Cows,98,2,96,SKM_28724052809290.pdf (https://v5.airtableusercontent.com/v3/u/53/53/1779120000000/WMIZmXtz1UEAoGuEBSGvzA/6WiAVXkcD7u7hRiNGVdsXXuyqtdMX4m5WCXAzRLgzMAZJEhAvak6IVjk79HulfZYWjbqEKcsaHUYkTLkWB9hIH5BHedjOd_GZZtV6iHts9vBrdGS9zYUxZhEgms-iKU-g9RPSgH-BOkZ7fb4-HKvwz7LeGMJdz7iIewoQge3Wyc/YbTgKL9eXtAgy-nZbnwIWKlga6UJeT0PAcaTHpCrLLg),,R7603.7665,R745169.12,Processed & Paid,"51822,51822,51822,51822,51822,51822,51822,51822,51822,51822,51822,51822,51822,51822,51822,51822,51822,51822,51822,51822,51822,51822,51822,51822,51822,51822,51822,51822,51822,51822,51822,51822,51822,51822,51822,51822,51822,51822,51822,51822,51822,51822,51822,51822,51822,51822,51822,51822,51822,51822,51822,51822,51822,51822,51822,51822,51822,51822,51822,51822,51822,51822,51822,51822,51822,51822,51822,51822,51822,51822,51822,51822,51822,51822,51822,51822,51822,51822,51822,51822,51822,51822,51822,51822,51822,51822,51822,51822,51822,51822,51822,51822,51822,51822,51822,51822,51822,51822",R778197.19,R2538.20,74,8/7/2024,98,R769669.12,R7853.7665,Sold,,3.29%,0,R0.00,SKM_28724081211290.pdf (https://v5.airtableusercontent.com/v3/u/53/53/1779120000000/2pXGZVLOGEURG_-NjQMfYg/vbCCV3uZXnYEiVbOSoDyyLZGSvoBK10m9DkkGQp1q8KRn0UhpCRQZ_LiNEH811OJq5UZOqBNFQT5nt4hFNnX99JG7R48CBYc-_5IU5w5YbbGajXsDfzYGCmktj7zjifIMP_CgTKcV3Tp8-lE45az7X-3S7-x2sGSh0OZgv18MMM/-FWdJcUQmlqWMTgqhIIkFvPFsfpKPt49dd18FIBK-jE),,
Batch 623 - SVC Cows,66939,"May 27, 2024","May 27, 2024","July 29, 2024",,Cycle 5,-658,SVC Cows,63,1,62,Scan_20240530 (2).pdf (https://v5.airtableusercontent.com/v3/u/53/53/1779120000000/XTuxNZCxBqsquYdAmeAH9w/n9CmJaOefAyRDl3fWz3GbP8VxucFz0eSkfjsozpolHIrBhQPIyRraSfbwP1RDD1k5BcoBVDAtSQQLQtzuK_xaznib4nNRPuq5tnxO3uWwoEEAPbFovMoD0jGu-q6_tRBTBs7BFBQSqtzIael0Rr1tDyozXMyEmNzom7m5PSLIL4/3F5zzsTtBShbVte9DwSlQ8-2w7xC78I-74rLkRxCJtY),,R6864.9129,R432489.51,Processed & Paid,"51824,51824,51824,51824,51824,51824,51824,51824,51824,51824,51824,51824,51824,51824,51824,51824,51824,51824,51824,51824,51824,51824,51824,51824,51824,51824,51824,51824,51824,51824,51824,51824,51824,51824,51824,51824,51824,51824,51824,51824,51824,51824,51824,51824,51824,51824,51824,51824,51824,51824,51824,51824,51824,51824,51824,51824,51824,51824,51824,51824,51824,51824,51824",R478858.24,R3946.95,179,11/22/2024,63,R448239.51,R7114.9129,Sold,Invoice INV-0100.pdf (https://v5.airtableusercontent.com/v3/u/53/53/1779120000000/ZMvs0mj8LD0jHkBS4iWEag/A3oLYjrUHSfB1Hd4fd-AaaOlAlhkXAFQUo7VzBerCF5gEhA2DNPYfbxkmAE7TEvdLTU_VTHG1nxIuAr8JEuw9UB1IAW_TP3PIs0MopzauhKb3BkDTwEoD1bfDutNlpbYa5WR1U6G9esYEuE_j49f9r1auHpcbr5vml8dBxqcgpk/SfDK-AUmsBiS_H97wZ7YCZe0LCjAsdn2UEG1zw3hmz4),3.64%,0,R0.00,SKM_28724112708440.pdf (https://v5.airtableusercontent.com/v3/u/53/53/1779120000000/cEn__SkpX4iR70LzDJHB7g/HFNtmthR0-ZOS4cIbmW4adf0syh2PAVKFVt9jM0tuf0Q0Fy9eWH6qJGEoBo4qICmVIcNs6kBJYfumbw6i4k6dQESO1h-7QqpIfHpTPvSUe1n-MwnmeuNvn_2R3Gow0G_x9lKji1euCkddxiGPkGFLxebUEpGq7d2R3_5B_JzyzE/nZ3B-xPSoGwqhuK-RozXJnhaCq569tKXVlTROilrG7Q),,
Batch 625 - SVC Cows,66938,"May 27, 2024","May 27, 2024","July 29, 2024",,Cycle 5,-658,SVC Cows,96,3,93,Scan_20240530.pdf (https://v5.airtableusercontent.com/v3/u/53/53/1779120000000/y6hgHG88vNaQNFEEtMhpEw/DGtWRKuYo9yTbCs27zONKDxuByO03cnoQs0r2ftzISmisFJI6vuRS_HKgHuKjyjY0mplA9vFWCdC89sKbG4fKZgwVwv1hdVZAEChk2BEit6QAkttvMIONhIMPJG2fXDOLrt7ZJ3Zk1a-fJnNvJtuJUka2xac9kLBOBhGIiGNcDI/bRTatx1ncMnlKe30F7YEBFfuiyJD-aQvsoq50ztXeNs),,R7501.6438,R720157.80,Processed & Paid,"51823,51823,51823,51823,51823,51823,51823,51823,51823,51823,51823,51823,51823,51823,51823,51823,51823,51823,51823,51823,51823,51823,51823,51823,51823,51823,51823,51823,51823,51823,51823,51823,51823,51823,51823,51823,51823,51823,51823,51823,51823,51823,51823,51823,51823,51823,51823,51823,51823,51823,51823,51823,51823,51823,51823,51823,51823,51823,51823,51823,51823,51823,51823,51823,51823,51823,51823,51823,51823,51823,51823,51823,51823,51823,51823,51823,51823,51823,51823,51823,51823,51823,51823,51823,51823,51823,51823,51823,51823,51823,51823,51823,51823,51823,51823,51823",R797368.47,R6014.40,179,11/22/2024,96,R744157.80,R7751.6438,Sold,"Invoice INV-0099-2.pdf (https://v5.airtableusercontent.com/v3/u/53/53/1779120000000/gbfwxcjZ1vtZIlxPqAQp2Q/66MDQA9NpSVBiNNp4ROMU8Re9sbAyTrDgwMe0_oX-TAtoYLVLKzhXYwXprwcCPmnlNCMuTXmioG9ISNkRoF5-25tOyfrjLelfqxrDOcOnSSHPkFhUox4SwsBP-EiWADT4x87-4pLzKTXXh3vjohOa9100hKIwzs0eDuKv7RUq6o/JFu8dJllx-fADc5jDopGQxi_GhQVhvkFJwYs9CuT_Kw),Invoice INV-0100.pdf (https://v5.airtableusercontent.com/v3/u/53/53/1779120000000/MOuynE2RwEvvDRYjNXkFFg/4wsz30uNHH4nzdDNWE2jvy-7W0XCQFxdJySKaQiIGF5vtYhr4M25BvLvyQDcU2wVDjEg48DfXQ_FH5sEn3JB-vizq4DXCB1p2DYqF7RO4I6FZoAJTLOaz83sHNRYGTINcClawMY40X5-QKMSmprd_eSBoKHdT493YaiwYIPr7Aw/Xjn0LwvyrspF-u_R_0ljh2yX6N5nPwuK0iwtQNurh5A)",3.33%,0,R0.00,"SKM_28724111814420.pdf (https://v5.airtableusercontent.com/v3/u/53/53/1779120000000/vXWpiDC6cFNo6s_o72kidA/B4TTA1Ds1taGY4R-lTO8D7LvIhvJss3htu6z1skaKms5wTNCcgEkyX01llGpNzR0-QSPLYvcEoV87naX2JqkqvdMG0rM-VxSybb4ygTEh9zrYszO_fzKlpLMbFzDdhjRulSGCLbTqzKYWmSA9KY0UTgyhcPhLhI_hIECTFaZLfE/pqqnCBVqfMjA3bH9ukRRK03Ya5LwKtWrgIQbl7CPUb8),SKM_28724112708440.pdf (https://v5.airtableusercontent.com/v3/u/53/53/1779120000000/-QMUmljPHLI3b4TgPd3XmA/22UWUmi0MSUR5_n9iIcaYgKraFPFGscSuJDv8PDDBruRcBGfposY_Lu9UJQUMYom1gKN3ScSE4zLTTZwaTG155l5-rAbiYC391BvUz_ntwjwwDKcUWXKsCxI3VE26aV_RX-ymQmQjC4qfpB8phWamTIv70KXiReahBd_tRxbqDE/0Y1BgCwXc8HRehIpwYaonMbUA494eabudbdcKKpECMA)",,
Batch 626 - SVC Cows,66940,"May 27, 2024","May 27, 2024","July 29, 2024",,Cycle 5,-658,SVC Cows,39,0,39,Scan_20240530 (3).pdf (https://v5.airtableusercontent.com/v3/u/53/53/1779120000000/0jD5SCijl29_nqwSn0J2jQ/ScfHYAbrcTM-zcyVRLyDMEcXbuRTpe-TcG0L88IWRn462FFLiEVFjA5blOCKdtBlKGp0CAb4t-t-3dnDbSj4i_UJllODEMPdoX9y6UDS47WJl4YYLtPCI8ZNCyvg-obfoFeGsbnSHLO4JkK8CfYchX5DK223Fa1pRzZRAw6Frko/gjmMmizGPQRzb3WZtJMn6xoKXpLAENOnufxE-TFMQn4),,R7691.5044,R299968.67,Processed & Paid,"51825,51825,51825,51825,51825,51825,51825,51825,51825,51825,51825,51825,51825,51825,51825,51825,51825,51825,51825,51825,51825,51825,51825,51825,51825,51825,51825,51825,51825,51825,51825,51825,51825,51825,51825,51825,51825,51825,51825",R332129.37,R2443.35,179,11/22/2024,39,R309718.67,R7941.5044,Sold,Invoice INV-0100.pdf (https://v5.airtableusercontent.com/v3/u/53/53/1779120000000/i8p9eDMotfUt6mW3zNyTfw/eBsOz9VNHSxyxm4ODbYUFJuJNb9cUddqFE-jLEXnjaxAHgbwmN7XYnlEI9A_c7u-THTn0aiZOCNsOguEK8c4h9vwJoCZNgxmX6t9Pk_sYfnfPeYB1IFVohiI9aQ3aGMFgELJ6OCzPxJkbV6sr-7NBj06BhctzxOu_PSkbpCDqE8/FpXp_sYxry-dAv_dq4hGio1uXk5JYuoGeDYGgqzCVaw),3.25%,0,R0.00,SKM_28724112708440.pdf (https://v5.airtableusercontent.com/v3/u/53/53/1779120000000/Cc8GLgV0kkKt4eafC-kn5Q/4Ct1MEfKZZIOFU_Qv7GsTkzdylVoP8zmA5PFGQhU-Uu6TOxh9NXm2OG_NBNkRS2Z0_wsK59ZbuC7aUJekeVaUdNbZlaEiakfe6V3RyKrZDisEHVUeNScmDLAVOT6-tPOWpDFDPzlxyEpOD5u7udLCqiKcS0B4_3AGHrsPbqngcE/qxrH3TCukhZs-CJkSw_AS2kaFzrmrwEacoPI6wNJCN8),,
Batch 628 - SVC Cows,66957,"May 28, 2024","May 28, 2024","July 30, 2024",,Cycle 5,-657,SVC Cows,100,0,100,SKM_28724053015290.pdf (https://v5.airtableusercontent.com/v3/u/53/53/1779120000000/FuWMGFQxn32nRsJFxHgpgw/o4wcgllFX0FYnSW80wPNiqu8iiQp0PsyeJuamaZELEkL09qS7ZJmNnNf17dR2FXHgB4QKpnNE5e6unk62t0Ts1ClOCoycsHRtnmKRRCk17E5nz5N1andBFpi2qMg-kbwFVkYgPTlqXaLWuTMk8ehE67kfufL2k-MyFx-Mn7QS0s/qoccb8faGXK8r272PaUyaLbsCgg_OGO_30gxiPwR5R4),,R7686.4170,R768641.70,Processed & Paid,"51826,51826,51826,51826,51826,51826,51826,51826,51826,51826,51826,51826,51826,51826,51826,51826,51826,51826,51826,51826,51826,51826,51826,51826,51826,51826,51826,51826,51826,51826,51826,51826,51826,51826,51826,51826,51826,51826,51826,51826,51826,51826,51826,51826,51826,51826,51826,51826,51826,51826,51826,51826,51826,51826,51826,51826,51826,51826,51826,51826,51826,51826,51826,51826,51826,51826,51826,51826,51826,51826,51826,51826,51826,51826,51826,51826,51826,51826,51826,51826,51826,51826,51826,51826,51826,51826,51826,51826,51826,51826,51826,51826,51826,51826,51826,51826,51826,51826,51826,51826",R801328.99,R2485.00,71,8/7/2024,100,R793641.70,R7936.4170,Sold,,3.25%,0,R0.00,SKM_28724081211290.pdf (https://v5.airtableusercontent.com/v3/u/53/53/1779120000000/yeGJcW7WnFXk7aMoOpET5g/IlZWYENxPn7EcNnU6I8eaBy13BLTUxr8MEGRGBPOmbtqjYtnTyKTpx3ydEEOUWYDna0S-LL1fpgzef5mY7PFHH0KeCWM12j_IHpzuR1zuFDIEmaVwVwrGqHsMTtNMhnp0Pf3cLpPoOGL1BAuYqquUe-OPECMS3YBzFfpC8EL6A0/JiAbgvDFtyrNYGO53zdPJgfV2neyXs-W2_v6_XA8s7U),,
Batch 627 - SVC Cows,66955,"May 29, 2024","May 29, 2024","July 31, 2024",,Cycle 5,-656,SVC Cows,99,1,98,SKM_28724053015040.pdf (https://v5.airtableusercontent.com/v3/u/53/53/1779120000000/xxX9F1S7uaVOH8Uuryi2aw/r2GJ4TzBq_jqac7wEB5A9iuILDi9KDh4OwQDwF-PgLF4-QcsQttnOSg5mReLVe13ioAzJg_DVYJh5HjpMsg1FRLSSMpahyUhtOvFx7LZFWEmW0BxbuNzQth7uMAqGP50iopeSanFnIsm63wMlC3szVbpqbch0C_vqncin1FHx54/RQZ2V0OmtD4wbk_lJThScQE8PAJ_aCYZ1jE2-OW5UR0),,R7471.0271,R739631.68,Processed & Paid,"51828,51828,51828,51828,51828,51828,51828,51828,51828,51828,51828,51828,51828,51828,51828,51828,51828,51828,51828,51828,51828,51828,51828,51828,51828,51828,51828,51828,51828,51828,51828,51828,51828,51828,51828,51828,51828,51828,51828,51828,51828,51828,51828,51828,51828,51828,51828,51828,51828,51828,51828,51828,51828,51828,51828,51828,51828,51828,51828,51828,51828,51828,51828,51828,51828,51828,51828,51828,51828,51828,51828,51828,51828,51828,51828,51828,51828,51828,51828,51828,51828,51828,51828,51828,51828,51828,51828,51828,51828,51828,51828,51828,51828,51828,51828,51828,51828,51828,51828",R818044.19,R6133.05,177,11/22/2024,99,R764381.68,R7721.0271,Sold,Invoice INV-0100.pdf (https://v5.airtableusercontent.com/v3/u/53/53/1779120000000/Nrom0WbZ2SbIHCYbxkNxtA/J47rQaK1EzaxRAfFE-3eRWi6hpiq9lC509jum12jBNGKdNWwZyl9BPDYmVWGlOcOLBViH_TZciLpCWM11RkRYouGUdOaTVt3GXwyYxNTDyfUV1Yn_ohsR60Q5XMhqF-mOUCdJYMlL5jYPrERYsa2CsMdcYS0b1GwFrEaGyecDYU/e7B5irpPIK_v-8iTj13i0fHTPLz4I7hALzJNeK-QdHE),3.35%,0,R0.00,SKM_28724112708440.pdf (https://v5.airtableusercontent.com/v3/u/53/53/1779120000000/5_Zhqt62vYZ6f6vSatqV4w/mbW0LAnScXIS3pLdxXvuyQ23AAyU9qvPxzccNjrmPowUR3F2zIKAOcebfrksN3owM29SX6IxJivV7NteZDtjnm1nEu7VXgGP2BGMFN_LZcXUmLyKFO6XuFC5jUL9HZHDR1OFJgecuL6tR1MFOTjucVaw7P7tDEpGpIkgFnnhTlc/xANIEhyN7zg4KBNKIYFT3gzI91P1fbM8RIyD36qek_Q),,
Batch 630 - SVC Cows,66959,"May 29, 2024","May 29, 2024","July 31, 2024",,Cycle 5,-656,SVC Cows,112,1,111,SKM_28724053015380.pdf (https://v5.airtableusercontent.com/v3/u/53/53/1779120000000/30RzEyYgW2P6PnxfOAlSpA/TUjA5XsZaJPkRZZ6pneT2Csg7oHKcuG3L2h-05dMgFhS3MUlBHeT9op_qlMN4Jf9_HiFs0olTctVowBxVREZOt6VhFCa4tU2h_brgMpmWvoGAKjS2-DtW4ilN8P_3iP1nO_eD61rPsfkNk9o_9p0WPWHiA5xNG2F11SkQa0AiP8/Ovi-goEuegdx4ES1Zf-oTddORetqapn1HN1sE4UDn-8),,R7572.6047,R848131.73,Processed & Paid,"53064,53064,53064,53064,53064,53064,53064,53064,53064,53064,53064,53064,53064,53064,53064,53064,53064,53064,53064,53064,53064,53064,53064,53064,53064,53064,53064,53064,53064,53064,53064,53064,53064,53064,53064,53064,53064,53064,53064,53064,53064,53064,53064,53064,53064,53064,53064,53064,53064,53064,53064,53064,53064,53064,53064,53064,53064,53064,53064,53064,53064,53064,53064,53064,53064,53064,53064,53064,53064,53064,53064,53064,53064,53064,53064,53064,53064,53064,53064,53064,53064,53064,53064,53064,53064,53064,53064,53064,53064,53064,53064,53064,53064,53064,53064,53064,53064,53064,53064,53064,53064,53064,53064,53064,53064,53064,53064,53064,53064,53064,53064,53064",R938046.95,R6938.40,177,11/22/2024,112,R876131.73,R7822.6047,Sold,Invoice INV-0100.pdf (https://v5.airtableusercontent.com/v3/u/53/53/1779120000000/syoNJP3FDhuG85EUbvbo5w/aGRCbb-TACA9HzVwsSBDt7RGC_v-e9cdbaSJzUT1Xe1p05wZYpncPVNWyJw_wFMCApehezdRN2kFEdWeLSyRLF27lIJTG4hjFGXu8sqjN9pfEzrpDWSqZ6bjp1Jg-TBtKg5gnbwgNtNDpxPzQSTbYFMPRrXYtHGn1fKyQ30oV5c/4ljEORs3e01whCkG5feeZ-bj0W4b7l9kLa8fWg--lms),3.30%,0,R0.00,SKM_28724112708440.pdf (https://v5.airtableusercontent.com/v3/u/53/53/1779120000000/0zhH8WTgInTZaMv1drGZvA/0UpONenxcq-9BXI-wT0QaxOJHXMOaa_IYf0IJlV8eyq2EftdrzwnZIFWTY1Plj1amnk_lD1G9EoqFy9nuQit5L-MQM43pF3oek5zgXHhHj-2K3zvGWwkmSXq8Oj1NuKAUcolVGLB00JBYdwAr-qXlqax_8UhfYmkoFrHU9hYfxc/YfGFuHJ59t4uxe2gt7Scs3Eofex5D0KZApaNd9E0eW0),,
Batch 632 - SVC Cows,66958,"May 29, 2024","May 29, 2024","July 31, 2024",,Cycle 5,-656,SVC Cows,113,0,113,SKM_28724060315310.pdf (https://v5.airtableusercontent.com/v3/u/53/53/1779120000000/YmHfjp_LTH8_Sb4GOXYW6w/CsAimlGfE3usb9TjyFSH6uvAVhsWK0mWgiztjZwEQkQS66fpFMOJfGVrMt4ib9XQ9Dikk-40ORPZX9-YuahZeRxK0eeW2DPccRo8ioJN9vz78t7SorXaT3z4NOMNh2VPtqLsYpNeHiZovwqB9fqkc9nNiunX1TCKe4tu2hDZILo/oHb2oB3IyheFO5qqel1nNk7Y9Xys06BXOnWpYIvLCvY),,R7592.2739,R857926.95,Processed & Paid,"53063,53063,53063,53063,53063,53063,53063,53063,53063,53063,53063,53063,53063,53063,53063,53063,53063,53063,53063,53063,53063,53063,53063,53063,53063,53063,53063,53063,53063,53063,53063,53063,53063,53063,53063,53063,53063,53063,53063,53063,53063,53063,53063,53063,53063,53063,53063,53063,53063,53063,53063,53063,53063,53063,53063,53063,53063,53063,53063,53063,53063,53063,53063,53063,53063,53063,53063,53063,53063,53063,53063,53063,53063,53063,53063,53063,53063,53063,53063,53063,53063,53063,53063,53063,53063,53063,53063,53063,53063,53063,53063,53063,53063,53063,53063,53063,53063,53063,53063,53063,53063,53063,53063,53063,53063,53063,53063,53063,53063,53063,53063,53063,53063",R948880.61,R7000.35,177,11/22/2024,113,R886176.95,R7842.2739,Sold,Invoice INV-0100.pdf (https://v5.airtableusercontent.com/v3/u/53/53/1779120000000/ahEfbASeA1B6KrtDWebZUA/CeVZaxkGuB9UXJQMcTDdzP4lsfP56fvvYXiz-ri5Ey2Op8NfJHIHtxEVab6ahLsnpymsUOWdvsrk1ryOTD79yDbS8WJ6SIcA_cRF_rgcJ6-ioU4ITI89vhpBzCQv_8rN4Y_8U4Iig4Z59blfBhI4a23LHkNEQiIbXvY_Jj6hZ4s/v9zeU_tsUPUPrA1AP9DLbYztIdQnZ9CvcnxJGWn-vRI),3.29%,0,R0.00,SKM_28724112708440.pdf (https://v5.airtableusercontent.com/v3/u/53/53/1779120000000/_6VrPs4TaXnuNUYz5HnF2w/wjqGci7h57AKnKscPSTTb2CMqHeSZEDMMaER4K3lH_AtMoz_iCDfDa7sffOWGrx-PcBkVkcTbiMktO-pfVy95CSF_vU8yfpH2rfex1kt8Y4Lo04d_GyElxmdMEuzt0G833ZYC2s-_atLZOPMuLwKDTkr3NxVtlLsUBYEMY_71bI/CWM47GnrxVKaG9jdlMYKaVn485Y9tnD_6MNApjZgbzw),,
Batch 633 - SVC Cows,66974,"May 29, 2024","May 29, 2024","July 31, 2024",,Cycle 5,-656,SVC Cows,102,2,100,"SKM_28724060315370.pdf (https://v5.airtableusercontent.com/v3/u/53/53/1779120000000/WzcAWvqx5H2fzyRSOPwkmQ/SW6_VTLv-uHD_w3M5-4uqubyXb2yVdNJhlCqJqFSb8SdPKpZrJ6WQACMNPb_pB8K-dcJ3YocCITDpEjAsO4-IiKGKsfFy6LNoph_JdhWfAXX14VfXC1PCxPdVjAnXhkL_r2c9YyihmkX_9KB5acOsTRYjBX72X6YzLMI8iJ8-qU/XA47Vg00DCDfdXLtOCC95LHrRw2xGXxnaHFYA-HSYJo),SKM_28724060514100.pdf (https://v5.airtableusercontent.com/v3/u/53/53/1779120000000/PN_UPZJ8YAnr-C3zG0I7ZA/ilEOye7drCUxu0IydrVAMdbo5nHzQcSfB9G8-6xex-Y-iSiEuR2bDYOwpb8HJwBkdX2iXkBZv9Z7q9FVR7HtfTpfQnG8QgBV1UtIsUoyHV_YkPw8iYPgFSEZAxD5dH2uyCCNTBu8PUazGTee0MYKC_qV5W9IlUaKA2deJ8C19WA/zxn5nkULROB-vdSGtX_11Iu4PPVm7tI2k5KpFp1K0-k)",,R6895.2853,R703319.10,Processed & Paid,"51827,51827,51827,51827,51827,51827,51827,51827,51827,51827,51827,51827,51827,51827,51827,51827,51827,51827,51827,51827,51827,51827,51827,51827,51827,51827,51827,51827,51827,51827,51827,51827,51827,51827,51827,51827,51827,51827,51827,51827,51827,51827,51827,51827,51827,51827,51827,51827,51827,51827,51827,51827,51827,51827,51827,51827,51827,51827,51827,51827,51827,51827,51827,51827,51827,51827,51827,51827,51827,51827,51827,51827,51827,51827,51827,51827,51827,51827,51827,51827,51827,51827,51827,51827,51827,51827,51827,51827,51827,51827,51827,51827,51827,51827,51827,51827,51827,51827,51827,51827,51827,51827",R783358.28,R6783.00,190,12/5/2024,102,R728819.10,R7145.2853,Sold,"Invoice INV-0100.pdf (https://v5.airtableusercontent.com/v3/u/53/53/1779120000000/yG1Qr-jNsx-UkhWUGsVOfA/zdMBNbAQ7SZKX3WZapW0sRf3wEyIZNvdHhNOUTB-jYKlpBcwN2cYmJGX61FvD45QNNqhRZpEpuVPVZuTPBo1YAd99qhwskcQBKClZLey1idJ2w8EaiZrzk5jM5HZXgcupkIgJp_fewC9WCZwtXIq5Wlsp2nwYv4TBhghPUwNTZ8/8UZ6GVK7jcZvpN6PTbCqp10wOlGoqyohanPEHNIky98),Invoice INV-0101.pdf (https://v5.airtableusercontent.com/v3/u/53/53/1779120000000/eM89qUOjFeRPrDlvmb7_mw/ZkPcQd1GwRCGkYCV19ILIQn1l_1O7RyJg71S2-KBFXWmQMYcOtgrXWgPkDTGFkgq65LR-N8Wszee5BfIARGPRSZg4P05FZ331vkgn95AmNfWU9AoX60Fqkb39JVbepip1c7r6SrMtKDGkjOaTy3MvXFLljnmWO-IQJeJzbgLTsQ/OL3Tsh7rzdQykwxB5hWz0LjatlAmTJ_kORYRzeWTkUo)",3.63%,0,R0.00,"SKM_28724112708440.pdf (https://v5.airtableusercontent.com/v3/u/53/53/1779120000000/p39KUM2oqvo4yHbzYzUUTg/pHA0PSYK66TGM00Rh_LT3x9c3YuwQtWfQz5D27607OWIRswx5FMYeiW2qs9ZzggoP0iGmUhmHcWYlymZ-MmG-tXcB4O3RMmTjJifhQF3BdXKzrsfaiGBFiqXpUYUAPSIg9bcBt7nyWTcAPL_7Zs42MBQgT_yKM-9rSf4uq61I1s/Fac8a3pRhClsy3FoFlEJ0cSFIby7WjA1C1vU3ppG8Ek),1_PDFsam_SKM_28724120611240.pdf (https://v5.airtableusercontent.com/v3/u/53/53/1779120000000/QdrvcG6IbhaUYRT3JElzAQ/6t8oqsC1caADgC65t8l8LlMcp4fF6GRvEbipMhGIpTQV02qzFyvfBvdjMpK5iSRKZZ1rbUfPIVsgv0u1qHhP4qA7cvH-uNHr2gYszAwIVM2zz1htJ13vc_lBQAipKVzsl68B77xblZDhzBrqgorSeAO5unw6U8RfQIWNrKgzUg4elqVGErpKkrWh-62QEV0K/DclrIa6Io6BuY6-yH-ZYch1-LLyWTCxIf6LH99WHXlg)",,
Batch 631 - SVC Cows,66960,"May 30, 2024","May 30, 2024","August 1, 2024",,Cycle 5,-655,SVC Cows,97,7,90,SKM_28724053108240.pdf (https://v5.airtableusercontent.com/v3/u/53/53/1779120000000/zDEDMNBNPr9lfokSj9Wubg/GKTGdiONAVvuPKFa5zvqhueQ7i1pRsK8xYNMfUtouTiiOQYj1-W3B_yqERxZg21NXLFCcHkAkynO9xX1d6RcoQi3GuF1E3mRPaDn_EUXCucrKetv6WzaKM6SmqFAVNJ9U-w3jATAFimvHp1uifM-04YY8U0e1NnBMESIoSoXgBs/1_fsI4ep9ogHj39gjdx3l53fWIrFuWuRjtiS443iGiU),,R7513.3345,R728793.45,Processed & Paid,"51829,51829,51829,51829,51829,51829,51829,51829,51829,51829,51829,51829,51829,51829,51829,51829,51829,51829,51829,51829,51829,51829,51829,51829,51829,51829,51829,51829,51829,51829,51829,51829,51829,51829,51829,51829,51829,51829,51829,51829,51829,51829,51829,51829,51829,51829,51829,51829,51829,51829,51829,51829,51829,51829,51829,51829,51829,51829,51829,51829,51829,51829,51829,51829,51829,51829,51829,51829,51829,51829,51829,51829,51829,51829,51829,51829,51829,51829,51829,51829,51829,51829,51829,51829,51829,51829,51829,51829,51829,51829,51829,51829,51829,51829,51829,51829,51829",R811295.15,R6416.55,189,12/5/2024,97,R753043.45,R7763.3345,Sold,Invoice INV-0101.pdf (https://v5.airtableusercontent.com/v3/u/53/53/1779120000000/fVr_YI0pFtYpJR-k7Edizw/elQ3rXW0rGbMfWDg7QdUmXfE3E_Wr5I_DKdp0eum1JdywJpwgvsbWcEHlt024ecK9Rzxuez3OgtbIVfqdcCc30cXs_hsccbIDAYrecitD05hCecmarFDUTr441Bc1EphE3YZWbtnZilTuJfL5_wnq2aRgpBGOe8XyR8e0SzuE5s/FYoCClAlQKv5zLMtUMNduFfhCpjBYJiDs5q_2Pgb9QY),3.33%,0,R0.00,1_PDFsam_SKM_28724120611240.pdf (https://v5.airtableusercontent.com/v3/u/53/53/1779120000000/Il7pxUOJLbJsFNkTfsmmmA/VZH8jrEWBawj_OvQR275PdSrUhc7GYrmzRMmaIompXNKo7Vb-sAIksy4HjecyQVYaqOoFWigD0Menzv47N5NoqxbuE_uJ30b06uT79pkp_GQMs0OWibonB_zOnyuSYsg8aJc5P4ZpIrQLXTR0kS4nlXC4Jh5I3MiuEVXYmJmRlhY1W6_SrmwvkqL9seqpPdP/0-4giLJeS-M1qU_ArezN16-T4KWoVNs4dsC7e74eXZ4),,
Batch 635 - SVC Cows,66989,"June 1, 2024","June 1, 2024","August 3, 2024",,Cycle 5,-653,SVC Cows,76,1,75,SKM_28724060414021.pdf (https://v5.airtableusercontent.com/v3/u/53/53/1779120000000/prpDacbHx2QG7OiN76izNA/UL4RJKQbmTq0EbW3tlBhTn9fbIuOhO_jttxLuDbnUbKxVhErC_1-zT2dvR7pgwT4iTWuIgHDBhQCoYkvGsPNUKkbTPXW1X_jBJBXQN37uR7JzJMW2HPRGGaN8q8nj_mHpzmjgNc5xN4zgwdN_0lGcrfhtzqv7cG3IbsVNwKhzTI/ygXydVvoSzZzL9kqPjE6t8AqXVQ0NkRcRnqWlSBN-gY),,R7537.7630,R572869.99,Processed & Paid,"51831,51831,51831,51831,51831,51831,51831,51831,51831,51831,51831,51831,51831,51831,51831,51831,51831,51831,51831,51831,51831,51831,51831,51831,51831,51831,51831,51831,51831,51831,51831,51831,51831,51831,51831,51831,51831,51831,51831,51831,51831,51831,51831,51831,51831,51831,51831,51831,51831,51831,51831,51831,51831,51831,51831,51831,51831,51831,51831,51831,51831,51831,51831,51831,51831,51831,51831,51831,51831,51831,51831,51831,51831,51831,51831,51831",R637034.41,R4974.20,187,12/5/2024,76,R591869.99,R7787.7630,Sold,Invoice INV-0101.pdf (https://v5.airtableusercontent.com/v3/u/53/53/1779120000000/fpfVeoTZML_VVyCMliLacQ/ksfFMZkJrc7T2Ye3sBNpnbvXaYSZuDUxL4FHTs36NPxk0CYjFciWdJgAqI4avKbdn3QS-UTzM9U3G_0loHYnAyn-ca0Nw9sKRjvvZHFr26WLPLrl43FSdgH--GtfAYnk4c1KBDrKM_U9_eE3E5BQt0uXz9n9ErH9_uUdsNxZp-Y/JU2gmfWzIeOV_3D_hgU_k8gB1cRgwAZCIwknngaPe8M),3.32%,0,R0.00,1_PDFsam_SKM_28724120611240.pdf (https://v5.airtableusercontent.com/v3/u/53/53/1779120000000/BS4_H0PgXL37Qz4eZhi1Gg/Ut7uFzI0hrmGTVqsV8A4joAsP8Boqp2E5T5q7X61Rxk5AHJVfGA66aRcZZfn6tIMNrmN-vlpPsgS0MraDXeOJoJacn8lNMze06bSmF7b1A6TUjqzvtfDsaG2s79hyEiEYu9_jLkJr9fRsNHGYPxDG2s8c5_dhh7jTHAv0taY7r623qDgKk4d9XipBOiIEi18/n0Mg7l-JjuxXTR9g7SXDkkXAs6aSlh-jAVAiv6S0Qpw),,
Batch 636 - SVC Cows,67067,"June 1, 2024","June 1, 2024","August 3, 2024",,Cycle 5,-653,SVC Cows,203,0,203,SKM_28724060713200.pdf (https://v5.airtableusercontent.com/v3/u/53/53/1779120000000/TcEjkk_aiJr4lvYiurdGUw/DF8OdsHYIodUuH3L3CAGpWazHAUVpUGt2kn28Fr3B3uV69fbv_EPId0X1GP-lWcQ5zV_nn780u7ylZF0kBpjqpXO5asWBKfWGk_URi6UCZBoivWUdTg-_2vsS5QTBlTo9oC4v5iIXAclA2httlBdiheTzJr8NWSSpSLN-bY6y4M/nxhZAqOrCE5VPBxWV4KU-zdNVLBOiNCkUlBiotQHQC0),,R7663.8743,R1555766.48,Processed & Paid,"51830,51830,51830,51830,51830,51830,51830,51830,51830,51830,51830,51830,51830,51830,51830,51830,51830,51830,51830,51830,51830,51830,51830,51830,51830,51830,51830,51830,51830,51830,51830,51830,51830,51830,51830,51830,51830,51830,51830,51830,51830,51830,51830,51830,51830,51830,51830,51830,51830,51830,51830,51830,51830,51830,51830,51830,51830,51830,51830,51830,51830,51830,51830,51830,51830,51830,51830,51830,51830,51830,51830,51830,51830,51830,51830,51830,51830,51830,51830,51830,51830,51830,51830,51830,51830,51830,51830,51830,51830,51830,51830,51830,51830,51830,51830,51830,51830,51830,51830,51830,51830,51830,51830,51830,51830,51830,51830,51830,51830,51830,51830,51830,51830,51830,51830,51830,51830,51830,51830,51830,51830,51830,51830,51830,51830,51830,51830,51830,51830,51830,51830,51830,51830,51830,51830,51830,51830,51830,51830,51830,51830,51830,51830,51830,51830,51830,51830,51830,51830,51830,51830,51830,51830,51830,51830,51830,51830,51830,51830,51830,51830,51830,51830,51830,51830,51830,51830,51830,51830,51830,51830,51830,51830,51830,51830,51830,51830,51830,51830,51830,51830,51830,51830,51830,51830,51830,51830,51830,51830,51830,51830,51830,51830,51830,51830,51830,51830,51830,51830,51830,51830,51830,51830",R1730020.43,R13286.35,187,12/5/2024,203,R1606516.48,R7913.8743,Sold,Invoice INV-0101.pdf (https://v5.airtableusercontent.com/v3/u/53/53/1779120000000/KvF8aLy1lZQ18rgjW1iAjg/uPw6uau3fkGE7KATxPW5cwEiou4oxli-LFLuAQrY_M7aA0_tszYWliY1KpT_ctWwxz2xJ0BOtZDg_nuauzPx2KlQfF7KNMO1W-XrZXGvf1V4qMl-sli1AuOzmDmN9QmBccKZmwPiKFLC7pZVYYm_OZ5X4gieikg4a8mSC-oYKyw/0oZlTa2348kD1nb7JLcpAk0XpwOyLJd83kO2ovZBMvg),3.26%,0,R0.00,1_PDFsam_SKM_28724120611240.pdf (https://v5.airtableusercontent.com/v3/u/53/53/1779120000000/TCQFIjXUO6szHNRnpEj5_A/BFTqrPgcrt49QjhfydGLAqtPMbc-3KEgZHL6KsJLmMoNBpqal3h4jwg8AmaZBei6iE3DHTlMDVIvNw0wzl-7SywTLrE3hCjdHv_-vOYW0PnvwW5O6VEqQIrCXecuH-Vdz5W46zpg6hs2GB2I5z4YUZmr7FvlxCaDefQwxr460taXOv6aaXWLDlUt-4aL_q9W/gqku8RrLgTbb7_dg71KaICUswd3BphEspCgozAwlGzU),,
Batch 638 - SVC Cows,67070,"June 5, 2024","June 5, 2024","August 7, 2024",,Cycle 5,-649,SVC Cows,111,1,110,SKM_28724060714100.pdf (https://v5.airtableusercontent.com/v3/u/53/53/1779120000000/8MuwmX5IVbY1ZQj0mTBjBw/9CrrKcJ45WcP03ymwSd0rfhGW1sGRcgOM0adS2jK2Sde4E5Mv5dPbm6aKHIhxX8slSsBjQjg4l45Jwp-cVAGRDWi59bPwxX1r7AiNGxGNjj_lwkHIhh4rXe-LDotRJ0528p0IMjFRP3Lj4hpRC8opUJuxNTjtDt1L2aThr48EFs/Md1j9ZixuFvV9Pxdw6GGP13Ke0qDpLmMLmNf67FsRpc),,R7833.7365,R869544.75,Processed & Paid,"53065,53065,53065,53065,53065,53065,53065,53065,53065,53065,53065,53065,53065,53065,53065,53065,53065,53065,53065,53065,53065,53065,53065,53065,53065,53065,53065,53065,53065,53065,53065,53065,53065,53065,53065,53065,53065,53065,53065,53065,53065,53065,53065,53065,53065,53065,53065,53065,53065,53065,53065,53065,53065,53065,53065,53065,53065,53065,53065,53065,53065,53065,53065,53065,53065,53065,53065,53065,53065,53065,53065,53065,53065,53065,53065,53065,53065,53065,53065,53065,53065,53065,53065,53065,53065,53065,53065,53065,53065,53065,53065,53065,53065,53065,53065,53065,53065,53065,53065,53065,53065,53065,53065,53065,53065,53065,53065,53065,53065,53065,53065",R967979.93,R7342.65,189,12/11/2024,111,R897294.75,R8083.7365,Sold,"Invoice INV-0101.pdf (https://v5.airtableusercontent.com/v3/u/53/53/1779120000000/Du_cXWPtDaDHYadIKOeW3Q/zVliwqNbq-LjonwZ6-lEq1uK0k-eXZDJ6HFO0FLOQA_obDjVazDXYOnstXeJBqUe4wVlDIh3sSMKghKrr8pNl86Ss-XzRks2SM02HARO-zBLNqmc6eQg4s4rYz7zqwkdyv-tadEyoJhFtItDsgUrY6jnro6I68k2fro_fn6VFj4/G4a-6tFdY8vLi2ATiPGnaCBHPRv3Hf4YhSEs_sUxeUo),Invoice INV-0102.pdf (https://v5.airtableusercontent.com/v3/u/53/53/1779120000000/mjk14jrw5OEgwaX5QLsz4A/4a83xNfPXhFWiZP_PUaIKxiqHKzK3nPlvDXiyJYqFEUFcnc1RsWUgjn-sSYRZjVXZa_snRcFz6ghITLFWtT5tuRcpCHoDCP7sj8OhpvD_skLnhmVNQBP9yCi9UU3WYMpvmpQWVCiW4HHIPHbv632X9AG3NbQweRHv4KLiSDfiRk/Yi_zN2BV0SHDmT9x6xbRdi_P3B3-M1gRZ--ehQyl44s)",3.19%,0,R0.00,"1_PDFsam_SKM_28724120611240.pdf (https://v5.airtableusercontent.com/v3/u/53/53/1779120000000/K4w6xo0nJaZIKLWYgQ5Rsg/rRivA_oxP-t80hje0ylITPvFc4pvs_7osuvEJwDrh0F1E53v_DSh1GLzDjbz0drn5UWZwaNH_2KpGv0XMR6lNgboDxHgfIlBcAfJeWEFFaHeIjlYFfN6lqgAxZSSZ0a5a1HRLuZQe6Ej04H2fmZaBVnM4YKm-mq5mIldziLfG0VlyBQaAu9xJfPol1PmeF3w/Un9FC1rJw5hUtQpBerYtY-prbKy5vE60IoCoZW7_Dzg),SKM_28724121313380.pdf (https://v5.airtableusercontent.com/v3/u/53/53/1779120000000/chtrB_90F1uyjQ60v9qeXw/i1wGkyeAHOgoF5yaXn0DzJbujxBWiCJsA3vM4vmp0I-elhjACIpR5aX39T2nvA5VvZJIVW1fpNp8Wx9AXrwy8LbjUW8NjBzLNoN4Ijk4vy9JEhAoCkK9l195sX9CtFXdyHxHYu4Vc-EsVVFPHNNQ_7QzWTeUPgu4Xmr9voYxsIo/S_x8HnpEZp4CBxQCwLkoUGydhQ1Kp6C9R3B3Elj8-Ns)",,
Batch 639 - SVC Cows,67078,"June 5, 2024","June 5, 2024","August 7, 2024",,Cycle 5,-649,SVC Cows,96,1,95,SKM_28724061013310.pdf (https://v5.airtableusercontent.com/v3/u/53/53/1779120000000/USh_3FfZhkxyR3dxmwVRgw/IoifZjg3QiPnbhxZvNSaj1cKyMwilKjJh4stZc6G2pzS8sTHIAay4mVjoDhCKKO-uVZLxI8AMkbx3Azs9v_16ydLsEtFCF8P6v8J88EHOFSUsJyzNsEUhtP7bh0dSVVD3yUdoZ9rAFw45mAE5ihloEt4wdaWAKdeJf9JEImDXw8/XUb_qN24HMnPVIm-q6EazWb3TI4EnlaE00wI8RyImCA),,R8171.0636,R784422.11,Processed & Paid,"51834,51834,51834,51834,51834,51834,51834,51834,51834,51834,51834,51834,51834,51834,51834,51834,51834,51834,51834,51834,51834,51834,51834,51834,51834,51834,51834,51834,51834,51834,51834,51834,51834,51834,51834,51834,51834,51834,51834,51834,51834,51834,51834,51834,51834,51834,51834,51834,51834,51834,51834,51834,51834,51834,51834,51834,51834,51834,51834,51834,51834,51834,51834,51834,51834,51834,51834,51834,51834,51834,51834,51834,51834,51834,51834,51834,51834,51834,51834,51834,51834,51834,51834,51834,51834,51834,51834,51834,51834,51834,51834,51834,51834,51834,51834,51834",R817780.48,R2385.60,71,8/15/2024,96,R808422.11,R8421.0636,Sold,Invoice INV-0085.pdf (https://v5.airtableusercontent.com/v3/u/53/53/1779120000000/s5jyY1QaHtO8vwnhErTHYw/S3tOu1W34QokYkgGm9a_-XmW-I_yFfk6Io3CKkPMIv8bczAR2eK46O0KEOFu_-fMlxY-XSqkti5EDfF0SGnZBcxKaLYBg4Rak3qZM9vY9i3UUS_g7FV9PfhmYWcRJ91j-ZLrC-n_mnO-4rzdXRMvkWum0LQa7DnBUH73Sdnl8XM/S_rNUEv-Z2emdWBPF6eXFHPG37qAtMSeMnExGbsVkgA),3.06%,0,R0.00,SKM_28724081613430.pdf (https://v5.airtableusercontent.com/v3/u/53/53/1779120000000/CLVQIUIYs19m0cTO33q7uA/ol9nfpig_IO1aNl5paW6Fkeu4X8tzSS7mzAWePQOp5z0ROeTihGwVIZYz0EH1PjdEbSM_1cFh1fUdKV7maykhMUNGRJkdJEi4lPvZAsToh1J4MH22-V7od8NkJ-TS8zIt57NYJ9q-3ymfCZQj_AEFSbwUOgLnNvJjJwX2YiC-S4/yPV5jGFFpUvgfrEpq8EGfJEobZR3fw6go-v548Rn2qU),,
Batch 637 - SVC Cows,67069,"June 7, 2024","June 7, 2024","August 9, 2024",,Cycle 5,-647,SVC Cows,90,1,89,SKM_28724060713570.pdf (https://v5.airtableusercontent.com/v3/u/53/53/1779120000000/D8nNrV32kLrwlrYaHqr8bw/5hLycRanmBVbguBd--7kef8vUSvgduVbGshR1Yu2GAjkL9DoiAZtLjKASZWIKpSpGyjMfhHrNZEaQ4POSZtAOs_B34w-Joip65_ZIR8Ei2sdQzio_HhuvVpB9-Q0Nrr65EC3TQqn3t8UpSBo5p7vMfn43uefgFAICsGtC0USbjs/s9i2ADqHvWvqjJtvvvl22yjyy1S32pyhx4a-6nlCn-k),,R7473.7147,R672634.32,Processed & Paid,"51835,51835,51835,51835,51835,51835,51835,51835,51835,51835,51835,51835,51835,51835,51835,51835,51835,51835,51835,51835,51835,51835,51835,51835,51835,51835,51835,51835,51835,51835,51835,51835,51835,51835,51835,51835,51835,51835,51835,51835,51835,51835,51835,51835,51835,51835,51835,51835,51835,51835,51835,51835,51835,51835,51835,51835,51835,51835,51835,51835,51835,51835,51835,51835,51835,51835,51835,51835,51835,51835,51835,51835,51835,51835,51835,51835,51835,51835,51835,51835,51835,51835,51835,51835,51835,51835,51835,51835,51835,51835",R703253.19,R2394.00,76,8/22/2024,90,R695134.32,R7723.7147,Sold,"Invoice INV-0086.pdf (https://v5.airtableusercontent.com/v3/u/53/53/1779120000000/S25sgYkEqJ4bxszAJ6Pr7g/eiy6tnFO-vcYwWxzGwcxG4gy_xX471TyMksy-ssXe6Kcr21EZEomRJWivPhEjCkLQe25maClrKGrXftsk-jg3BTEgOyACflVk_vaLPmn0PD1uyr_x2TCmkiZ8xprXK18xi9cc9a8NzeFpula0NXHu3wUp5y5rA_eG9HXx_RB0Y4/srO_7JBf4z-gIPgSnckf9-csOb6YjtD0YjwTqNmxGyg),Invoice INV-0085.pdf (https://v5.airtableusercontent.com/v3/u/53/53/1779120000000/ljiMifb7StSXT8DPbUIjWQ/KLDMnNjOhQDuJ8hx5pmdUyBHsSzOxDT9OcghNNHHdxitFp0rcusajcCHRi_wJR59BW1U9lzIlD-C1cPfl-UQXx85xtA9nFVhhp4K3Nq-xbW595ugO_NOd5Npq8YKgheb3SuzmgEpWNjpUqesTZIRYhFjrNsN9OLj9rSset1ZnFc/tqjX860oCN-inWsnv1-4_NLlcJmWWeXT5pHSX_K8sYw)",3.35%,0,R0.00,"SKM_28724081613430.pdf (https://v5.airtableusercontent.com/v3/u/53/53/1779120000000/GtEV_4-fY2DS82ETRzLG4A/XKh6IJ9f4Wgah7Wt7mzmqz2IvBiXDGsXoJDFSZntRHQePXtIe_hWjAKt0W6NSaBVrdFTrNQ6e1lqQA8yhEIgYWmhHhyQonaEpo6TYYAQpX3pmWmDjkt_BAye8f7JgL33zPO7c7yjXCcg0-4stoJmX462iNr8RZ-j1O0S1vNmdFw/N2Is5rXVZ1SLoR5X-BAZwvG5N7rQS4-nb-0lAGbYfdk),SKM_28724082308050.pdf (https://v5.airtableusercontent.com/v3/u/53/53/1779120000000/i4zXZkY0YdvCgxKIDqUGLA/wnKLbCYLxY-G0EIDV6FOIiEyUepIjUofTR0qkTvrijpIIEwwULOucJg7G8NOpOPkGMNczrCZ64F7F32nQUNm50EpbZF_IZ71Gf8IZJCUHWmyDt8OJXqIVM6NUQEbXV9WlIEu9FqhG3JOFNnSpsA8z6BBQbN-ANPauiBvFd8ufQY/APuhT8fTNwQ5zLYdINBVL9AF-p4jpUeByLkzkTetauk)",,
Batch 640 - AgriFund Dios,67103,"June 11, 2024","June 11, 2024","August 13, 2024",,Cycle 5,-643,AgriFund Dios,0,0,0,"SKM_28724061210120.pdf (https://v5.airtableusercontent.com/v3/u/53/53/1779120000000/riFpwqhWXHsjzCCIx4l3bA/FIfwv8jU3YCzxu_8p4GpoEJrXicdQ7m-EVWqEvuVm8cYQ5Sz9f05vUbGdbaKubtGjH-9K08UT0XhkvoDWYragCntzMj8ReTMnMuK7k9B7pdFjjovbAn81F766NkQVxm3U-3DciwlCerw0mNyeIAlf4ISjFQ7ayQ-ACMge_Q1isU/F8sVlB0_1HXq2WrMSRLYb4pS1MZHm-8J-Vf1f5quT8U),1_PDFsam_SKM_28724062511080-2.pdf (https://v5.airtableusercontent.com/v3/u/53/53/1779120000000/zUkNVjEIJVNmyigdq-UCSg/Z0regRZezMF1eZT51Ogv9NNdcN_OwXwqKVW1GIJNdYDIsqYkprrNbUBfLfhfkEoBvKMwyePuolLsLfFjLEjh-prg3j9MYNFq-2OV6VqZIc-eiSizpPSfVqI6w9aijXjAP7OS7_4GgKqKgmTSM95RqYQhh0teXb0b36pWlS_PTxodwkaA0QSsb6lkgNcqDsKQ/EUljwDZwFjtOkceB6rs4sx0KjMuyyTJ5eMB86dCXW00)",Payment Confirmation-28.pdf (https://v5.airtableusercontent.com/v3/u/53/53/1779120000000/vpj5V6vV5gGACaNuDquuuA/tkPuAruyGaJckOtYbBy0HnObSpJQNXMHwn9XKbpK2SLHGnVv-SedIsHtEUVl7iXjske6FgQBqH8C3C0x2V5ohgdHj7LtIUhhyNHemAoHrxOLPOa3vFiGAVt7KgH0prb6cYk4Jmgqcn1NQlPnhhOegh1v3Mokp7LKRvMEwg5SBW45hyFlvOqmAjt2VbqKp-4c/gdN074-UaeI1GAAi3fpjXVuy-mN7Fc9Ru0JxWSQxREo),NaN,,CN Issued ,,NaN,R0.00,NaN,,0,NaN,NaN,,,NaN,0,NaN,,,"CN01604 was issued on the full invoice, the new invoice is INV67267 for 99 cattle."
Batch 641 - SVC Cows,67125,"June 11, 2024","June 11, 2024","August 13, 2024",,Cycle 5,-643,SVC Cows,64,0,64,SKM_28724061315500.pdf (https://v5.airtableusercontent.com/v3/u/53/53/1779120000000/9_TTU3yeZivIeOyiSAhjnA/dAOKgCNcT68-VTb86GWj7wSwA5N4fxjU23hFT9Lm-UfTQ_qGJQN_2a0Cej7AtmT2amkbm_HBrYfA3TSl-8P9pPh3W31a5WsohNmHoy693jRqvQwOnLutUsozxeVZi1LnCKP36UHSIQjKP-rN3nIbYvtF-ESsBdsbg-wVJxRi_xk/O-S3UTTxqRmYGVp8PO8l_AY4zHflU7gGwRb19wNPj5c),,R5570.7125,R356525.60,Processed & Paid,"51839,51839,51839,51839,51839,51839,51839,51839,51839,51839,51839,51839,51839,51839,51839,51839,51839,51839,51839,51839,51839,51839,51839,51839,51839,51839,51839,51839,51839,51839,51839,51839,51839,51839,51839,51839,51839,51839,51839,51839,51839,51839,51839,51839,51839,51839,51839,51839,51839,51839,51839,51839,51839,51839,51839,51839,51839,51839,51839,51839,51839,51839,51839,51839",R371900.77,R1612.80,72,8/22/2024,64,R372525.60,R5820.7125,Sold,"Payment_Notification-450.pdf (https://v5.airtableusercontent.com/v3/u/53/53/1779120000000/FrJSkiqWUGGLxsRuX9L8Kg/h3PA13RUgICNpmblGysmhkzZpC8b4pKRm6tZZ-ySNMQR2-Rpmsiv7fsKEuGj_IQDNufQHxDiuGmvwgwgPqd9jScxvrq4jp98Do8WCyj1SM0STB5MjwwhW0NZoUp5L1ZjAn4Kthgel6NsEusW9AuoJ0v44cNlpGtzGuofR-VscqGRD1tgMxPAVde997GfqzuW/iyVVkeuxUhUgKZHu1-8RIJr-cne3PIUa4_beKpUFC68),Invoice INV-0086.pdf (https://v5.airtableusercontent.com/v3/u/53/53/1779120000000/Tm0qETAfDkdfT52zj4iylw/sfE105WMs-3o_j5ipGxdP-eT3azGNlG5GzxwYhtgjQbNMAPbqHwFoUyM8Poy3jPZyhE4v0qLlDu4PGf8RtUJa5OqgQm_0nSF9lmVrwGFwx4mK5uBgncFTrsLjVB08lmgGTxZOL3Z8gQIXdHwYQ5MD8W4Orr2XlG9adb9kkFvxhQ/t3UEBwLgy3jRr76c2-wAdfH9Xmb3Jg98jkICWwx3lvs)",4.49%,0,R0.00,SKM_28724082308050.pdf (https://v5.airtableusercontent.com/v3/u/53/53/1779120000000/Aftd2vGd9GQ0DPxNkK9MUw/Z2enCfLXbt82jYmsOJloX1m0AIRwP9lAPuymzoir0hNE_6MTXTXlhfbflk_cbtjdmufeWta4FxkDn2-MccYcRE3Kdn_uotoJP_VJtiYZY5mGHDppb0Ffs0X_198MDTxSZxISdSEGx9aEG2c5F4vX7X3vOnZkRr_BcgwU0Q6ywTY/7j_nbxnYZqtBHt09fwXYIfpxjm-vwqSOl1rQ7c4QOtY),,
Batch 894 - AgriFund Dios,67267,"June 11, 2024","June 11, 2024","August 13, 2024",,,-643,AgriFund Dios,99,1,98,2_PDFsam_SKM_28724062511080-2.pdf (https://v5.airtableusercontent.com/v3/u/53/53/1779120000000/9QhVwgynG6UnARFT83zCuQ/nl0YgP-pWbNa8TLCi_WaYZa3LJjYZSs4SeHaE90Tg9s0_fdrnIDaKoBWAmexg6nXpEIkAFPANXQzCV96Re9We61ZU8aoA2L9cixRO3ifJNTWd-KtsgE8s0mH2BXU4gDy7NPxJl9VhQd3UdcP__CiUE40_04kKykrZBXbWwiWdIEiJVNERwTKriRb6ZBvXWLM/h-3Fqd06kSK9aawFEDj9CM8Ql26A5ATVoqh2WIriLBs),Payment Confirmation-28.pdf (https://v5.airtableusercontent.com/v3/u/53/53/1779120000000/vpj5V6vV5gGACaNuDquuuA/tkPuAruyGaJckOtYbBy0HnObSpJQNXMHwn9XKbpK2SLHGnVv-SedIsHtEUVl7iXjske6FgQBqH8C3C0x2V5ohgdHj7LtIUhhyNHemAoHrxOLPOa3vFiGAVt7KgH0prb6cYk4Jmgqcn1NQlPnhhOegh1v3Mokp7LKRvMEwg5SBW45hyFlvOqmAjt2VbqKp-4c/gdN074-UaeI1GAAi3fpjXVuy-mN7Fc9Ru0JxWSQxREo),R7597.2859,R752131.30,Processed & Paid,"51836,51836,51836,51836,51836,51836,51836,51836,51836,51836,51836,51836,51836,51836,51836,51836,51836,51836,51836,51836,51836,51836,51836,51836,51836,51836,51836,51836,51836,51836,51836,51836,51836,51836,51836,51836,51836,51836,51836,51836,51836,51836,51836,51836,51836,51836,51836,51836,51836,51836,51836,51836,51836,51836,51836,51836,51836,51836,51836,51836,51836,51836,51836,51836,51836,51836,51836,51836,51836,51836,51836,51836,51836,51836,51836,51836,51836,51836,51836,51836,51836,51836,51836,51836,51836,51836,51836,51836,51836,51836,51836,51836,51836,51836,51836,51836,51836,51836,51836",R834238.44,R0.00,209,1/6/2025,99,R776881.30,R7847.2859,Sold,"Invoice INV-0040-3.pdf (https://v5.airtableusercontent.com/v3/u/53/53/1779120000000/6W4W5AbwtrrdvQF7NlY48Q/Rhc_CUmhr-GmxB01etuyPagTOUPAgIRegRcKPaeMbuSlyji6yAyg_7f2v9eWMfDta7eU78HbTXr4xpTooVpwAAaum6eDZp561LVFhBxRqj_0ILXByEQgc2ZsnxDA2JIHDw21iV9R7lciBfUJdIW8MfQf7P2P6-mhrkifkFJFRls/dwLnv-w0CF20GI7jg9EPioOKyBfYLpyNxIk-O2c31jk),Invoice INV-0041-5.pdf (https://v5.airtableusercontent.com/v3/u/53/53/1779120000000/Pa1lflN72YOwkklytjMWtw/_MkTzptvz7yWxF7lelBNMmOpzwW1QN1_6Plb7FFhYrrcfsShH2f871L2x-4SdZt1i_BJ0ivInxccGJE4BHh-XByzDGaQUguoMi0A6gpradmWuJDuxyx3iSefrtbk95gmKmwkHFwwntM1ZjYK4JvOQq6eRn8tFMNRYfiuey-V_OU/BA5aRRbdQCNCzPX_zTsoW5OeCc4n3SGrAcMEPnjHtrI),Invoice INV-0042-4.pdf (https://v5.airtableusercontent.com/v3/u/53/53/1779120000000/Mo01UMcyNG-kbTKi5xGQhg/bnQR30t7K5s6ROlcjFNfa23HkMN4gUVU05oGIN6FJJ22inXQAYPLUUXB9Hep6GnUekbm0sWrzlXQ7QAnAg8jbtDu3ai11FZsuYbxLhtNhtaLn9dOCO-dgYbQadGtOubRsDZD5kLcA17HpTIIQtl5co5B9f0tW5kBfWESze7jSAM/PDs4mMw5_LgRwB_5tzOGXrzNQSmjIqu81ts_Tw8EaUs)",3.29%,0,R0.00,"SKM_28724122315340.pdf (https://v5.airtableusercontent.com/v3/u/53/53/1779120000000/CtDlmV0TnjryRGQ9ZCEXTw/hOmDpi0pSPhNNUB8BQehQqLgJkk56_cZ3MgChydqrgkouzeAf-FCTOYlh_SVGu2ngt7puhHBafuBkBvx4sw-GbsWof6XyzP-7-1tXPP2sQ1jxHKMfG5yJylbJzdZvX7UtyTtUh0zpTlIwYwUZu_DGySYMzKoUSWf-z5nuy9Wouo/j8za-wRh4GBkfe0kn6yYQl-W_YkoIMRnTjJ2zspfeas),AGRIFUND DOS-2.pdf (https://v5.airtableusercontent.com/v3/u/53/53/1779120000000/pBeFqeUNhk8aIGSDO3q88g/Vu6jjisa3M0rHVSF7DKA2v_HuiLB--16Ccd8uaAZHCVFbd42swrwRMTnyCOA9_r3kQwlpMzM4wQ7OqWMs0bcwKDf_vazTQQcGxw-2vQ9E9T-Ouy83qCHH0UOoXOOiN_6TqtWUwOGf0fnUBDR7TvyNcb6ZIjGR4CuAZ-_APkkIX0/ibOay6jgm2BeDSIwkt-bUMuxYIOnYRCrpTa_krw7tJk),2_PDFsam_SVC FARMING & AGRIFUND DOS.pdf (https://v5.airtableusercontent.com/v3/u/53/53/1779120000000/YMnt_yZ5gJtUqZ3Imlurlg/vwobRj-eRjuoewaslEaRfN1BrmUViAmpPglEk6XZpELkB71UCLUkkTFg_J96j5LHJ28qDeWqOViGnc9gj2QqAPHYh0HmJQnaEqveLmZSYtwHELN5gJO4CCrTLSPrt-kDIMw-Qe2c6LxB-NYwEg6cmJPOhdGabsMGQl2mTdeko_-OVQMksPQaIkzbpMwNHbps/w_O3-a3GRZPK0rpCFhBJYMOivutUeI3qA3wXqmQODA4)",,"Refund due on invoice, overpaid for INV67103
"
Batch 643 - AgriFund Dios,67106,"June 12, 2024","June 12, 2024","August 14, 2024",,Cycle 5,-642,AgriFund Dios,95,1,94,SKM_28724061214220.pdf (https://v5.airtableusercontent.com/v3/u/53/53/1779120000000/h__w5385HEzCqCW1zfb-gg/W1t4u3DQczm-64K-C_JA0WCp_jvpVl0FXC8pR8x3l73NTmIEog-W0gEt6HUcLzDTJsqs0W5HCol2UqNMFi6D6nXtc9LgxOGGFwqopcvuG5R6nx_NUddi4DTLb7uqNwso1QagQI6Stz42CBYMnQD6gjjlWdgRsAI-UqKDM33nV0A/NWul5qdw3z_h5whfbGRUbHmOeoKrKZy9TFKpVp0zFpE),Payment Confirmation-27.pdf (https://v5.airtableusercontent.com/v3/u/53/53/1779120000000/gnqkVXaltzCKOjbDkdZ95A/oryxSZ2DYzGnRhCs5s9sDFoJ8Ab8A9IxlT2z-as2RZDJAkpCMeAEHjs4FKjrkoeLJRmnLcPmujaalLWOkkWs8wb5c8gwxeM7Cppbq5QhsVeWDepTY8cUsf2GCSpxrK4DYwptMHy1-IKmPSD4pMlYmuTj8TJXNaKFGHmULi2Z9zVfwJn_ifqK93ueKN1cCaLn/fJo_Pjwf4bNUvKxMqNSnm3-j-b16i0uaJ1kcrWcyGqQ),R7700.0547,R731505.20,Processed & Paid,"51840,51840,51840,51840,51840,51840,51840,51840,51840,51840,51840,51840,51840,51840,51840,51840,51840,51840,51840,51840,51840,51840,51840,51840,51840,51840,51840,51840,51840,51840,51840,51840,51840,51840,51840,51840,51840,51840,51840,51840,51840,51840,51840,51840,51840,51840,51840,51840,51840,51840,51840,51840,51840,51840,51840,51840,51840,51840,51840,51840,51840,51840,51840,51840,51840,51840,51840,51840,51840,51840,51840,51840,51840,51840,51840,51840,51840,51840,51840,51840,51840,51840,51840,51840,51840,51840,51840,51840,51840,51840,51840,51840,51840,51840,51840",R768449.64,R0.00,98,9/18/2024,95,R755255.20,R7950.0547,Sold,Invoice INV-0036-5.pdf (https://v5.airtableusercontent.com/v3/u/53/53/1779120000000/1NZGaSu8L4qdHc5AQLC3XA/WRrWbx0KSE2w96doDRF-Pz-qMgLDqxxN5U9-nJEL9eD7d4ezpk0NUBpfw5NAjWA-XlQQg_ZALuokG-XRO-5TWH-X2so1SFEw4NssRWX_96eWaublgCmH-bnMb2TNDmhsuMBENylTAw_KU4daf5HSza-N_g9RSUpKQz00VIScBWA/rb3nhZ8RVcWhLW1QjvguTy-W-4NPwXzLPcHmmMjdYTk),3.25%,0,R0.00,"SKM_28724092009030.pdf (https://v5.airtableusercontent.com/v3/u/53/53/1779120000000/r1Wy3zDRTKL-d6Zc8QQlWg/n8jvLO3S2onPi-BtyydJvmOlR6fywPpZun5iqZJGDKiYyjfJmdTBck1n764Vl54xEkd7kH9cvk9WfHsGY1xL5Y9uxskm6cXTStlNGmUww6HUsFWAqrIuV6OukW-btSEsIugvP9enG7tsXbqG8ONU-wlh-wevA7JpqxQMgFGikLQ/bPqdiNTuVPVzYWfk_w3UiwP-Pgej4LCN7W96_wyhudU),AGRIFUND DOS.pdf (https://v5.airtableusercontent.com/v3/u/53/53/1779120000000/kqPC2s-tjk9JD9Z1zbnwNA/ReO0DQJDzpkIO7MABxCKs7sBng2ixA_1y06IkvoEHC2vcGwlcc2DorNdERevHvN-RngL2hLiemOF-bisQHL1rWi3vt1Bv92jVYni6ALb18S_yAptgztT83espX6fHQjrASwffMffjG_ViwuWOs_UenAt1J1Pj6tTNBW23MIM7i8/Y3uFzSbf99a_-QeY2znhLMbHHKhZKuzkG-lzqarHAt8)",,
Batch 645 - SVC Cows,67128,"June 12, 2024","June 12, 2024","August 14, 2024",,Cycle 5,-642,SVC Cows,99,1,98,SKM_28724061409430.pdf (https://v5.airtableusercontent.com/v3/u/53/53/1779120000000/p0DYY53WgI8MqocyemdWzQ/SNRuX3mQfsU1dKGIeFDx5DvKUP635lUEyRG168UHYw3WAS5ae1UyJiNZj60ed5zF4jQNzYEko76meBp6uI4OHZd4vc3zUvM3lsYdws4wNPknvOYlgv9-hGQPC2vpkqjfc8eJctgnk15AHsu-G8xycuv4QDEUhiRAaGYeIyOKTio/5yKXrQEvQxPH87Q2saX7GH2kMnL2ol4iED3HMBtGJY8),,R8021.6468,R794143.03,Processed & Paid,"51841,51841,51841,51841,51841,51841,51841,51841,51841,51841,51841,51841,51841,51841,51841,51841,51841,51841,51841,51841,51841,51841,51841,51841,51841,51841,51841,51841,51841,51841,51841,51841,51841,51841,51841,51841,51841,51841,51841,51841,51841,51841,51841,51841,51841,51841,51841,51841,51841,51841,51841,51841,51841,51841,51841,51841,51841,51841,51841,51841,51841,51841,51841,51841,51841,51841,51841,51841,51841,51841,51841,51841,51841,51841,51841,51841,51841,51841,51841,51841,51841,51841,51841,51841,51841,51841,51841,51841,51841,51841,51841,51841,51841,51841,51841,51841,51841,51841,51841",R880712.89,R6306.30,182,12/11/2024,99,R818893.03,R8271.6468,Sold,Invoice INV-0102.pdf (https://v5.airtableusercontent.com/v3/u/53/53/1779120000000/R2jbmNiyVrWhxoPXs1TS1g/F70Q0LwdNfVibJyUz_XtsOtH_zFv9grGkhsiOW4a0QbZ7EE0Y-nGXf_ESUQahycderyWuiuxX5oMZISPzZ2mid6qKZaNpVRuY0OEySWYLCr8ApkejjrJQH7lubXeSHHlDQi6RAHrDJrSkT-6YWEtV88hv648RTznU8dPRZfBmDk/u5id3SRU4OLdCUT2Gwwfogw55BX3VthfTTBS3I2Z2a8),3.12%,0,R0.00,SKM_28724121313380.pdf (https://v5.airtableusercontent.com/v3/u/53/53/1779120000000/LDaMJZWgCLvz29tHDAIeOA/rH_5RFoyodrSQWSMPRaLeYDsbgVx3Uodpc56bjIXzdG3u_0z4v8u5b-HK5QN5z3bxExgvSstMQFyha1XNhvH9-cHWeXnoq4GQipWH5fZU0SzmTBqh0LwbWLE1GNKCWFQglb_8Fyv6q30TA4B2KWekh3PYv0yswf_62BGLcGZTj8/AB9i3XQIfZ3wC7V5apXg9OTZvrG6-B98rlZ3xpq6NLU),,
Batch 647 - SVC Cows,67132,"June 12, 2024","June 12, 2024","August 14, 2024",,Cycle 5,-642,SVC Cows,119,1,118,SKM_28724061409560.pdf (https://v5.airtableusercontent.com/v3/u/53/53/1779120000000/Kp70uC9gL9FFT2WD1p95IQ/tv74n8N5ToO15VQ71wUfZ9i3Q4tQEViR-kaRMcPhoQHk1PKpfhn5pignDwIG-wbtSMwtIsVipUbPgsEe6dGZ0HopF0Zbpn2DRWnJZFrYJKgFVSfZTsAVsmi7Ys1KhiEQyjbJh5RQz9Gy0k1nynenqehhZ38BKB9pIzSdSibXO3Y/yjguPfXBqWrJhWM5PvFPsaOeFE2BBg87ub9aiSeoNaM),,R7455.3668,R887188.65,Processed & Paid,"53067,53067,53067,53067,53067,53067,53067,53067,53067,53067,53067,53067,53067,53067,53067,53067,53067,53067,53067,53067,53067,53067,53067,53067,53067,53067,53067,53067,53067,53067,53067,53067,53067,53067,53067,53067,53067,53067,53067,53067,53067,53067,53067,53067,53067,53067,53067,53067,53067,53067,53067,53067,53067,53067,53067,53067,53067,53067,53067,53067,53067,53067,53067,53067,53067,53067,53067,53067,53067,53067,53067,53067,53067,53067,53067,53067,53067,53067,53067,53067,53067,53067,53067,53067,53067,53067,53067,53067,53067,53067,53067,53067,53067,53067,53067,53067,53067,53067,53067,53067,53067,53067,53067,53067,53067,53067,53067,53067,53067,53067,53067,53067,53067,53067,53067,53067,53067,53067,53067",R983901.45,R7580.30,182,12/11/2024,119,R916938.65,R7705.3668,Sold,Invoice INV-0102.pdf (https://v5.airtableusercontent.com/v3/u/53/53/1779120000000/R2jbmNiyVrWhxoPXs1TS1g/F70Q0LwdNfVibJyUz_XtsOtH_zFv9grGkhsiOW4a0QbZ7EE0Y-nGXf_ESUQahycderyWuiuxX5oMZISPzZ2mid6qKZaNpVRuY0OEySWYLCr8ApkejjrJQH7lubXeSHHlDQi6RAHrDJrSkT-6YWEtV88hv648RTznU8dPRZfBmDk/u5id3SRU4OLdCUT2Gwwfogw55BX3VthfTTBS3I2Z2a8),3.35%,0,R0.00,SKM_28724121313380.pdf (https://v5.airtableusercontent.com/v3/u/53/53/1779120000000/f8YvyKUEBfLwyG3ymtluZQ/GpsZ2vzDkMNN_EoKnDEq0e0KpKQRoLn-QwatGEgtH7UPoNqMKUBGrQSspaaID__SBoRdAIiUDWYUIOK4CjsTypbkNQrk-jWdT4x5swktoVEJF0-ZsVyHdbvUkQcqTyinJC9L9N2675pI8lRUCdDcEypEs22TE21hDAN26B4BXbo/GjKmdLgPYSIodXA3NIfSmyVl2TnVFl3MH7ktAeWtYtc),,
Batch 648 - SVC Cows,67133,"June 12, 2024","June 12, 2024","August 14, 2024",,Cycle 5,-642,SVC Cows,118,1,117,SKM_28724061410020.pdf (https://v5.airtableusercontent.com/v3/u/53/53/1779120000000/5r2fjbjA4IM5EzTQZbHsrw/9L_HO0YSStKRUrZHj8IJopIx4uiIe_fKr0t3dOsjLN-DKaBNfCc561_5xMLFyoXiupwUeGPVOle0BfD8kUAgOnB8lLktPoTIWzpWcHrkj4YuHbEmPN38AbCu1JwwrS6hWmIkzq1kdk2tvpLE_v5ksUnDZQl1pXu7hP4CWBN8pDg/3EEzDheu0FwuPcwWta8CtERh2dlDoMK2VoQCL35kBgE),,R7389.1153,R871915.60,Processed & Paid,"53068,53068,53068,53068,53068,53068,53068,53068,53068,53068,53068,53068,53068,53068,53068,53068,53068,53068,53068,53068,53068,53068,53068,53068,53068,53068,53068,53068,53068,53068,53068,53068,53068,53068,53068,53068,53068,53068,53068,53068,53068,53068,53068,53068,53068,53068,53068,53068,53068,53068,53068,53068,53068,53068,53068,53068,53068,53068,53068,53068,53068,53068,53068,53068,53068,53068,53068,53068,53068,53068,53068,53068,53068,53068,53068,53068,53068,53068,53068,53068,53068,53068,53068,53068,53068,53068,53068,53068,53068,53068,53068,53068,53068,53068,53068,53068,53068,53068,53068,53068,53068,53068,53068,53068,53068,53068,53068,53068,53068,53068,53068,53068,53068,53068,53068,53068,53068,53068",R966963.48,R7516.60,182,12/11/2024,118,R901415.60,R7639.1153,Sold,Invoice INV-0102.pdf (https://v5.airtableusercontent.com/v3/u/53/53/1779120000000/R2jbmNiyVrWhxoPXs1TS1g/F70Q0LwdNfVibJyUz_XtsOtH_zFv9grGkhsiOW4a0QbZ7EE0Y-nGXf_ESUQahycderyWuiuxX5oMZISPzZ2mid6qKZaNpVRuY0OEySWYLCr8ApkejjrJQH7lubXeSHHlDQi6RAHrDJrSkT-6YWEtV88hv648RTznU8dPRZfBmDk/u5id3SRU4OLdCUT2Gwwfogw55BX3VthfTTBS3I2Z2a8),3.38%,0,R0.00,SKM_28724121313380.pdf (https://v5.airtableusercontent.com/v3/u/53/53/1779120000000/ylubhre17weCS4Aqh79sYQ/93oJU0ASu7uANOwnko9CicbKhIwFV4wXbPMOZFwZ-o2-ah0xg1JvXpwetouwTmhJTzSvb_Cf4aJIkopVlYsY9yjOrL10R5wBLH0EIcCQNulCXmBDCDXnEBwoLRm7rhH-E6JyanEPDz50ELkSIQmtmL5ZJuf3Hr1xWggY7EZTW8o/uaW4EZRBVYzF4Vbk6xHLwQ-QiJuOQ9KTznPuQ7IyHmU),,
Batch 646 - AgriFund Dios,67129,"June 13, 2024","June 13, 2024","August 15, 2024",,Cycle 5,-641,AgriFund Dios,104,3,101,SKM_28724061409500.pdf (https://v5.airtableusercontent.com/v3/u/53/53/1779120000000/ScPv3-El1ut8zeWZHqsW6w/SM-yNV62_KdbZNoPJX3jiIeNXqJJa6gPfKZrzK8oPTTc-btZDFkToA5M-lMzKUlFKSs1FR39U49yDUGWVHaAcO185eiwqDSKt3Ucn-VDJwDjFo3bNek1-Hao9ghcNqM-Bth9H4B8QfgmUPzMaUAgyYemHywT9GtIW7w4tqZk5xc/iczrtHxeYbbkoelRCS70VJ6LYu85CR5SbHQ2QLZkRxw),Agrifund POP.pdf (https://v5.airtableusercontent.com/v3/u/53/53/1779120000000/eAkNfHavEAYoYnB2VSBxeQ/zbvOEoPV3INKznHl5USAyPCGiGbRsbTJKvveYdwYeYud8Lf_cJ0JNTdMQOxZo6shA9INPILmjTG1LBxDvH8J5-FcgDVONbt776ZvoXebnawAO0cds6XSHlNDmNDctlKWrzOXLWlGPacpNVotenBrSkL0rFkavntjVGKyMIe_iGc/73hguq_0jwN5njhrP2xgHp_KXpSWjO9NQ0I1jslWlBA),R7431.0785,R772832.16,Processed & Paid,"51842,51842,51842,51842,51842,51842,51842,51842,51842,51842,51842,51842,51842,51842,51842,51842,51842,51842,51842,51842,51842,51842,51842,51842,51842,51842,51842,51842,51842,51842,51842,51842,51842,51842,51842,51842,51842,51842,51842,51842,51842,51842,51842,51842,51842,51842,51842,51842,51842,51842,51842,51842,51842,51842,51842,51842,51842,51842,51842,51842,51842,51842,51842,51842,51842,51842,51842,51842,51842,51842,51842,51842,51842,51842,51842,51842,51842,51842,51842,51842,51842,51842,51842,51842,51842,51842,51842,51842,51842,51842,51842,51842,51842,51842,51842,51842,51842,51842,51842,51842,51842,51842,51842,51842",R818641.68,R0.00,111,10/2/2024,104,R798832.16,R7681.0785,Sold,"Invoice INV-0036-5.pdf (https://v5.airtableusercontent.com/v3/u/53/53/1779120000000/rYhzO4w1sp88Y-2RYjdhNQ/T4yhZyKCQc7Pv4BE285MwR4rzcrm-k3wP6YZOsNiPHtTKGj9mfDlE2W7OiMjUEVj-mqtmCLiKsV26kj1Y2oMj5msXV2rQByKNXpFmo3p4B6HChz_nq-uXg24MkfFPxZVjCnhCL8BULqXnxLRlpq7cQKbOYbQXB4aBOe9bb-BUaw/ezBjSHQAXc5SvBOQoLhp65-qkXjViR0se4FR3hvSutE),Invoice INV-0037-9.pdf (https://v5.airtableusercontent.com/v3/u/53/53/1779120000000/jetQtbqFkKcUc5fHiKQCSg/d0CaR5T8Hl5ntNr7tgPSiNipxY36TosQ6TNwHPp6LHKgOFvzJf8YJ2Dro-hQ1vI01uwO22BZAZABOsPtKPXJfOnxTDYetz-kfWPfpum_fV1MnUEjYVyUeNSVo18YI9SI5_Qpq2O93uL0s1gWQOYMS5eh7TMOizucRgACFerGlEQ/ZUH4CKMCqCzVYX_7h4cwr0mB2lSXnrwl-ReEM2GaGxE)",3.36%,0,R0.00,"SKM_28724092009030.pdf (https://v5.airtableusercontent.com/v3/u/53/53/1779120000000/oYAoSue7db_4ewAnZ_9M5g/dmh6KKHcVjy3Xxds5gFK4Huhjs8b9otfOQMhOFQcyawt-Fef1kOIaqzfhLvKBab8vgqrSscDOVEXx2FbWnEWv5u_Jd6lv2H06OTZzeJ-A4TV1Hrsh8NTt5ZRhfU29_Gd642QVSFlCu7fwBO2zoggj08mZG4nQHDSw923qxGRRso/w4iAIgZhqOCNzobrkSqKrKjAN5QSaQfbNEFkjQrW6uE),AGRIFUND DOS.pdf (https://v5.airtableusercontent.com/v3/u/53/53/1779120000000/a8X-NM0EpyUkJ0mq59wbTA/ISHhFW4G_9wXKHO2sHT-jrov25vl3zTqeAV8-7U2KYFGUvJf7o4-PuL6p8CouNkd7jX_o4yaqbQZtzFfoSQwKVY-H6ppk2UJGWS2YnY3Rc0RhTpwQEkl7oGRaTmSkmpWWfG3MORTcCB1KViqv4XS3vXUdiQJ0RVDDfm3QwilNDM/m4LIFoGeDfPp3ToGaz7O14pw699XSuzAIHAON7rrMW0)",,
Batch 649 - SVC Cows,67139,"June 13, 2024","June 13, 2024","August 15, 2024",,Cycle 5,-641,SVC Cows,93,2,91,SKM_28724061411170.pdf (https://v5.airtableusercontent.com/v3/u/53/53/1779120000000/hGZrLaBRXNlSXuMoktKZ0g/TMss1OGaT2Yla3KRblWKzyzfqiPHxYGV24CWohWwtw5PF6Sb0zl-wT-KMBFGC3lvBI0myB1cG_W_aoFseg0xfU6WXF-r-hI8GTtnxftxCvtCrq0vgikEHxuO8rGSLV9F6-71NSrd0RVVHWzGD1ZOoJHFzoet12TENdiUeILAPeY/Zf50WoSD9E0Xb7Pkk9gl63H-A8Lkl7GC3VioPDx0Zrs),,R7703.6837,R716442.58,Processed & Paid,"51844,51844,51844,51844,51844,51844,51844,51844,51844,51844,51844,51844,51844,51844,51844,51844,51844,51844,51844,51844,51844,51844,51844,51844,51844,51844,51844,51844,51844,51844,51844,51844,51844,51844,51844,51844,51844,51844,51844,51844,51844,51844,51844,51844,51844,51844,51844,51844,51844,51844,51844,51844,51844,51844,51844,51844,51844,51844,51844,51844,51844,51844,51844,51844,51844,51844,51844,51844,51844,51844,51844,51844,51844,51844,51844,51844,51844,51844,51844,51844,51844,51844,51844,51844,51844,51844,51844,51844,51844,51844,51844,51844,51844",R794113.16,R5891.55,181,12/11/2024,93,R739692.58,R7953.6837,Sold,Invoice INV-0102.pdf (https://v5.airtableusercontent.com/v3/u/53/53/1779120000000/R2jbmNiyVrWhxoPXs1TS1g/F70Q0LwdNfVibJyUz_XtsOtH_zFv9grGkhsiOW4a0QbZ7EE0Y-nGXf_ESUQahycderyWuiuxX5oMZISPzZ2mid6qKZaNpVRuY0OEySWYLCr8ApkejjrJQH7lubXeSHHlDQi6RAHrDJrSkT-6YWEtV88hv648RTznU8dPRZfBmDk/u5id3SRU4OLdCUT2Gwwfogw55BX3VthfTTBS3I2Z2a8),3.25%,0,R0.00,SKM_28724121313380.pdf (https://v5.airtableusercontent.com/v3/u/53/53/1779120000000/3LAF2hQ_x9j3v6CDOiZkdg/UBD-suyA20uVuXIA3ZTqrOBs228Me_Xy-gGa3NNoSdPyMCzRkLnrLCBKef-tozE_WqyJ4jvweMbbWloGjGlAJOuDdKb7I_0MYNn6zvdBVIFOneEJFoBLgxL3Jp-6Dxk9oteqlT2MCLYvwG-a2eQ2ITSRCBhbaPKkoWiCSGAfnu8/XUObWFPEYui022NruLozkuTkWCJ26eRKMMw5qQU3Fnk),,
Batch 655 - SVC Cows,67198,"June 14, 2024","June 14, 2024","August 16, 2024",,Cycle 5,-640,SVC Cows,93,0,93,SKM_28724062107580.pdf (https://v5.airtableusercontent.com/v3/u/53/53/1779120000000/ZFeH_Ot0cGTgZdtzk8sF9A/55ZJoqwFkaRbhUsGeDv2uRxda4dmjF86PhtFXbFuQ4JjRF0mAPKtspOMHt87KXtVRLjoDGBDByo5BDh__12bCYR-ihVkZzXeuslWEShBwuDOFcJSJjvMBXP5vvRaQ2PvpPVycquWg3SNcfCx8d3EGAYYX14X90f7BuVklY8wXdY/zQbEzL1WH_pNE76yHCwEWCbitvHBFvLo1avbEXYk9NQ),,R7650.9814,R711541.27,Processed & Paid,"51845,51845,51845,51845,51845,51845,51845,51845,51845,51845,51845,51845,51845,51845,51845,51845,51845,51845,51845,51845,51845,51845,51845,51845,51845,51845,51845,51845,51845,51845,51845,51845,51845,51845,51845,51845,51845,51845,51845,51845,51845,51845,51845,51845,51845,51845,51845,51845,51845,51845,51845,51845,51845,51845,51845,51845,51845,51845,51845,51845,51845,51845,51845,51845,51845,51845,51845,51845,51845,51845,51845,51845,51845,51845,51845,51845,51845,51845,51845,51845,51845,51845,51845,51845,51845,51845,51845,51845,51845,51845,51845,51845,51845",R830020.30,R9048.90,278,3/19/2025,93,R734791.27,R7900.9814,Sold,Invoice INV-0117.pdf (https://v5.airtableusercontent.com/v3/u/53/53/1779120000000/P6hMz9bjqMCsivblGh1pRw/cCEX0kC54TbQAUjPsQ0woJq2W3Jxk4Hlt3TmnyBKMFfJg-5ug4L5Kw0jmqYTjWshhadt3IH4lGwhYw6kv59U_uxTyB7tIx2v96gNrKe-gAVGVwQUTR6CAIMYwU8chB257S_i7RZFozLxAP2rlsHxSWeDBu09jKuo7tYiDIjXFcc/_i6tDtvlZwX3ulWJyAls0_YQoWpC2rLHRcYb_PRDE9k),3.27%,0,R0.00,"SVC COWS ADDITIONAL CALCULATION.pdf (https://v5.airtableusercontent.com/v3/u/53/53/1779120000000/rC9oQBe6cFPNtVn3vch5fw/ZHVAxKehjLAr6Y29TkcB_5aEiFlselU6QhNfAyoE-kKWxoMN7bPqzREQAx3WP6zvYidlFy-LHk2ccTQEXa9DlpdviMf2K7RrUi9k7i1gywZR_rxI9Bz8aYoBszmdetY8YOYezlzEbQaBV6Hr3oXydFDcCh9oiU4JoWqpe3vmsMs8aF-Ud9zM87yG2zqbe5U_/2SPd3mp0RPXrV-HIqvN8rJsuY99uRZ5mEZJqb4ilyeM),SVC COWS-6.pdf (https://v5.airtableusercontent.com/v3/u/53/53/1779120000000/JDZEwFniclz6XqPQ1Lg2Jw/aXjhqzcUwkqf4NZYDAk0wtYjR_rtKSbYZFg7nzpR0HEOkJSyykq-K4Rrjx-IXo2j7RmvWAUV2l9WDzBWDX6jQbQuGXMG_zotLqOsXp2DZZ-1Guvy2Qj38hE9j0qJe4Y6pnsQWOPZLGBUn3Ydfpq1-uLsy016ghi5hjr7RMnrX_w/KV5uYGFATkZQhyZG90o5_1uMakC2mrLu3BmU7CGh-CI)",,
Batch 654 - SVC Cows,67194,"June 15, 2024","June 15, 2024","August 17, 2024",,Cycle 5,-639,SVC Cows,0,0,0,"SKM_28724062015460.pdf (https://v5.airtableusercontent.com/v3/u/53/53/1779120000000/6wckHzg6rGbgjw_8NL5d2A/Wm3i00zs4LzQmJeF5nfGubrPUPTp4n-7A2Kq6uzu483iZGuNYwG7Y9q3N4P-WJjfq5OIfizYjDlXW1dwHzC-ecQOheY98ZIWxh0NOj1JPcYXXWsEOHFf8SesuzC-We99TXr7Mr1zYiIdusoApSrL-dYzn_UbM3VMoyWSQctBV2s/tVi-qlLd7dr_NrRviGP-ITeQ4ZAqjW43XqkVS-UAPkM),1_PDFsam_SKM_28724062109020.pdf (https://v5.airtableusercontent.com/v3/u/53/53/1779120000000/tCk7B6tsiFDBqCzQnnHsFQ/Pr5M0QjSMTQAd8mGYUAs6r5PlwC9a_D-i1HarA3XCdRCrqesL3JVn2L9KTShU9CYPgxnIgcDYMISC38tO3KOfR-JmhAF496fcUp7klkqAtrKfwqdRylY89E2i6tpAZilCP_IM2i4aZE5XtvoSASrv1I1qsqeOOoN_ldwoTWXisGbUM-vAwUT48OSdM3pGtek/9ryu4KhI-mvSyVbRtkfL4LAcpNrBFEfDBviGy-Et8vU)",,NaN,R0.00,,,NaN,NaN,NaN,,0,NaN,NaN,,,NaN,0,NaN,,,"CN issued on full invoices. CB011603
"
Batch 656 - SVC Cows,67201,"June 15, 2024","June 15, 2024","August 17, 2024",,Cycle 5,-639,SVC Cows,110,1,109,2_PDFsam_SKM_28724062109020.pdf (https://v5.airtableusercontent.com/v3/u/53/53/1779120000000/GV2Ows0JCpEESfON0Hn3AQ/CK0HA4loTQ4-km4EQTMO1CnbnPWzpOX2-1ydUlrZBTTNQ6qcec0F_j65jR0JsaflvOYvNOJ5I_OWv7Fb-0HaIUGcqxXmKH32ZxLTV-J0S0sJNu0CwA2oCzFlfsqQbS4fHnVyA1ZPziNKCvKzfNUfPS-UgLhfwXPxihuh8JdFUPAMyUecXzCgYGxfYau7drcT/MIclnFBELe1SqH9F9WEegQ34SHQSYLhsSb3YKSDp8Q0),,R7578.2405,R833606.46,Processed & Paid,"53075,53075,53075,53075,53075,53075,53075,53075,53075,53075,53075,53075,53075,53075,53075,53075,53075,53075,53075,53075,53075,53075,53075,53075,53075,53075,53075,53075,53075,53075,53075,53075,53075,53075,53075,53075,53075,53075,53075,53075,53075,53075,53075,53075,53075,53075,53075,53075,53075,53075,53075,53075,53075,53075,53075,53075,53075,53075,53075,53075,53075,53075,53075,53075,53075,53075,53075,53075,53075,53075,53075,53075,53075,53075,53075,53075,53075,53075,53075,53075,53075,53075,53075,53075,53075,53075,53075,53075,53075,53075,53075,53075,53075,53075,53075,53075,53075,53075,53075,53075,53075,53075,53075,53075,53075,53075,53075,53075,53075,53075",R922980.36,R6891.50,179,12/11/2024,110,R861106.46,R7828.2405,Sold,Invoice INV-0102.pdf (https://v5.airtableusercontent.com/v3/u/53/53/1779120000000/R2jbmNiyVrWhxoPXs1TS1g/F70Q0LwdNfVibJyUz_XtsOtH_zFv9grGkhsiOW4a0QbZ7EE0Y-nGXf_ESUQahycderyWuiuxX5oMZISPzZ2mid6qKZaNpVRuY0OEySWYLCr8ApkejjrJQH7lubXeSHHlDQi6RAHrDJrSkT-6YWEtV88hv648RTznU8dPRZfBmDk/u5id3SRU4OLdCUT2Gwwfogw55BX3VthfTTBS3I2Z2a8),3.30%,0,R0.00,SKM_28724121313380.pdf (https://v5.airtableusercontent.com/v3/u/53/53/1779120000000/qtU_8rWuSDCwGISXF_dEjQ/3ft9NbDGDRykfHjNxuvefA1UjvsvGPzMRqX2ZVaoHleLb3Uxmuw-kYYBwCm8IKsHQovl14mv6PlMnG_ac3Smog7tX53_a5nsTrdPqkpYdvlbIaaCxudhzeehq6io2U8BXsub4kaFw3u70TlcjER6S74qB35faLYnpCDnXE5ShnM/tsA-ZTGpGyKhh7Xj61S0DCPKYwrU4PkOF-YAN1kJwOk),,
Batch 650 - SVC Cows,67188,"June 18, 2024","June 18, 2024","August 20, 2024",,Cycle 5,-636,SVC Cows,105,2,103,SKM_28724062008550.pdf (https://v5.airtableusercontent.com/v3/u/53/53/1779120000000/s9Tjfc3_IfNwzE9mrcpr7A/z9ym7VAXYkeUIv-gjKxvTneJxkm0v3-zYolZaHXMp8lphb2iHebFRQlvJWa3wxC8M34hAsbE-duHFtANp1IzM-xpr6phqmDOYshTtQWSEI2K4-zZHBb9JhUaCph7gGuqoSoO6Y-LBAq4hWVBtnoWC9w1PADiSM_1hR4LY8BQUFE/-WDFgEQVBLgXd9EzvjsP479bBVSKDVlgxO1zEl3ncw8),,R7633.4657,R801513.90,Processed & Paid,"51846,51846,51846,51846,51846,51846,51846,51846,51846,51846,51846,51846,51846,51846,51846,51846,51846,51846,51846,51846,51846,51846,51846,51846,51846,51846,51846,51846,51846,51846,51846,51846,51846,51846,51846,51846,51846,51846,51846,51846,51846,51846,51846,51846,51846,51846,51846,51846,51846,51846,51846,51846,51846,51846,51846,51846,51846,51846,51846,51846,51846,51846,51846,51846,51846,51846,51846,51846,51846,51846,51846,51846,51846,51846,51846,51846,51846,51846,51846,51846,51846,51846,51846,51846,51846,51846,51846,51846,51846,51846,51846,51846,51846,51846,51846,51846,51846,51846,51846,51846,51846,51846,51846,51846,51846",R886006.82,R6468.00,176,12/11/2024,105,R827763.90,R7883.4657,Sold,Invoice INV-0102.pdf (https://v5.airtableusercontent.com/v3/u/53/53/1779120000000/R2jbmNiyVrWhxoPXs1TS1g/F70Q0LwdNfVibJyUz_XtsOtH_zFv9grGkhsiOW4a0QbZ7EE0Y-nGXf_ESUQahycderyWuiuxX5oMZISPzZ2mid6qKZaNpVRuY0OEySWYLCr8ApkejjrJQH7lubXeSHHlDQi6RAHrDJrSkT-6YWEtV88hv648RTznU8dPRZfBmDk/u5id3SRU4OLdCUT2Gwwfogw55BX3VthfTTBS3I2Z2a8),3.28%,0,R0.00,SKM_28724121313380.pdf (https://v5.airtableusercontent.com/v3/u/53/53/1779120000000/9RoEnCYKczv2qkV5iD4OTA/wk169ZEyex2YEGvbqgC2nPOe5LRA_7i6W1T29h9xk2oSKh6UbS7eedgf5pROHA-qG24RfCTErr-G1NaKfFHKF_NHhHiwL8vH_yQEtTxRvGu_40neZluBRbSK109EJw7g77Tm9R7VTatiS4AqI03FFWVpg5oaCMMRTzp3cOP4-Ik/yey8wYau0OJplGekM1Zfr06KnkEZ3ppIQ4iVTQBV4To),,
Batch 651 - SVC Cows,67190,"June 18, 2024","June 18, 2024","August 20, 2024",,Cycle 5,-636,SVC Cows,100,1,99,SKM_28724062009040.pdf (https://v5.airtableusercontent.com/v3/u/53/53/1779120000000/WpS4ZN0F_2p3ijAclCeXhg/G74l2pcYDVHdNRNqLr-Q6Y-YWP457vwxEsPRb7AMIiqdJp91ydUruNKZsIGCytwIePMX-a0aww-93g9XtMFHUJWvi-vfFaJEPW_lMpnLve5XPuZZ971yivVsCfc1rvwm8whp3jLRrBWhMbKkvw4_H1dvCJtR3ibS1joP64TyQlQ/1MAJDa-ShnNXqz8j9q0WGkRiSAWKbj6MzquoSYOAEzs),,R7635.8866,R763588.66,Processed & Paid,"51848,51848,51848,51848,51848,51848,51848,51848,51848,51848,51848,51848,51848,51848,51848,51848,51848,51848,51848,51848,51848,51848,51848,51848,51848,51848,51848,51848,51848,51848,51848,51848,51848,51848,51848,51848,51848,51848,51848,51848,51848,51848,51848,51848,51848,51848,51848,51848,51848,51848,51848,51848,51848,51848,51848,51848,51848,51848,51848,51848,51848,51848,51848,51848,51848,51848,51848,51848,51848,51848,51848,51848,51848,51848,51848,51848,51848,51848,51848,51848,51848,51848,51848,51848,51848,51848,51848,51848,51848,51848,51848,51848,51848,51848,51848,51848,51848,51848,51848,51848",R847285.14,R6405.00,183,12/18/2024,100,R788588.66,R7885.8866,Sold,,3.27%,0,R0.00,SKM_28724122311030.pdf (https://v5.airtableusercontent.com/v3/u/53/53/1779120000000/3WcZkfr9jqLWQpCYFSQi1g/ussvG13_gcCEa0OKXIIMZV0Kz-8W3uiZ9eFnJlKHkoJWSqymLPKuojq77iYi2BvFjO9SPUmetS-r9q-Bs6nx0EisJoX40sMM6CMNkCXRMugaKfcUsQqqZWHLEgn-xyMWqFjCX3J8yaC2O0tiBxntCBvK-Lvbc_BFgbDIsX4PgzQ/5h37ILgc4Zu5SUsM4tZJLVEzT5ZqyxUIG9InbdjZV-A),,
Batch 653 - SVC Cows,67189,"June 18, 2024","June 18, 2024","August 20, 2024",,Cycle 5,-636,SVC Cows,106,5,101,SKM_28724062008590.pdf (https://v5.airtableusercontent.com/v3/u/53/53/1779120000000/RWVECX5k7laYa5cob1zgVQ/cm6tIK6IPDykxYrah4dx62USdHLmZUrHzQg2MZ2iujBDtXwsX1iNYSxoBVCuFotIbeneV4GOD6zmzG9AXMBrDjgO64Cpk_pxuvFMY8iBbc5iC31h7sbnqkVguhE4v1HpiPyG8pS4_ytxnJZ95Q6fSGG49tUauvjpveqNyLZ00HM/2RdqvpYvcDMlFfA3m79h3wib7PMsdx7kkSCKlg4SXAY),,R6248.0758,R662296.04,Processed & Paid,"51847,51847,51847,51847,51847,51847,51847,51847,51847,51847,51847,51847,51847,51847,51847,51847,51847,51847,51847,51847,51847,51847,51847,51847,51847,51847,51847,51847,51847,51847,51847,51847,51847,51847,51847,51847,51847,51847,51847,51847,51847,51847,51847,51847,51847,51847,51847,51847,51847,51847,51847,51847,51847,51847,51847,51847,51847,51847,51847,51847,51847,51847,51847,51847,51847,51847,51847,51847,51847,51847,51847,51847,51847,51847,51847,51847,51847,51847,51847,51847,51847,51847,51847,51847,51847,51847,51847,51847,51847,51847,51847,51847,51847,51847,51847,51847,51847,51847,51847,51847,51847,51847,51847,51847,51847,51847",R734889.90,R6789.30,183,12/18/2024,106,R688796.04,R6498.0758,Sold,,4.00%,0,R0.00,SKM_28724122311030.pdf (https://v5.airtableusercontent.com/v3/u/53/53/1779120000000/94xZgV1QjgSxrcv0-S2mCg/Km2FEjkPbboegxzY6NYQvHw69WfSJxvtQ6D91riYpijJpSadlgnM16d7Mc3PRyJdgAcc-_seye9Udq2FxgcdbqPI2s3OObjbTOvX2Fsuml5P_0mOc95_oFs473_pvsbPpLXwKveT7ffFawE9LACgLWsNeAJHHjvv17Kx9-Pj98k/j6byYDpXrCJNLg6St3vnjrf9wuGoM5lXzJx7DCSK8ys),,
Batch 657 - SVC Cows,67222,"June 20, 2024","June 20, 2024","August 22, 2024",,Cycle 5,-634,SVC Cows,100,2,98,SKM_28724062409170.pdf (https://v5.airtableusercontent.com/v3/u/53/53/1779120000000/ZNtmIOoPa7UEbhoeUHBUQA/AtJMsDms_hZ0UC5J9VkENConaGyAGwn7kQQuxUAz51te2wLrcp1Te2IMYclLojmntEGj2JH41lWhma9gvElW7aqP3FsKsDwdIoPezUKYdHfte9pKfAtXlaJWDqB9ennkIg2nnBzm13U_pvXh1PfmVIC0tYlkKdn2Bz6aZ_etEdI/iou1hX0XicaAJMhU1QHkSWqOUBEJDufPibXIuD9Ooso),,R6815.0780,R681507.80,Processed & Paid,"51849,51849,51849,51849,51849,51849,51849,51849,51849,51849,51849,51849,51849,51849,51849,51849,51849,51849,51849,51849,51849,51849,51849,51849,51849,51849,51849,51849,51849,51849,51849,51849,51849,51849,51849,51849,51849,51849,51849,51849,51849,51849,51849,51849,51849,51849,51849,51849,51849,51849,51849,51849,51849,51849,51849,51849,51849,51849,51849,51849,51849,51849,51849,51849,51849,51849,51849,51849,51849,51849,51849,51849,51849,51849,51849,51849,51849,51849,51849,51849,51849,51849,51849,51849,51849,51849,51849,51849,51849,51849,51849,51849,51849,51849,51849,51849,51849,51849,51849,51849",R755799.25,R6370.00,182,12/19/2024,100,R706507.80,R7065.0780,Sold,,3.67%,0,R0.00,SKM_28724122311030.pdf (https://v5.airtableusercontent.com/v3/u/53/53/1779120000000/hUNsoKmDBPU9xs449KRIBA/sOI5FcNxQrV6WIgf3P-PTD8ro3oDCtee3aAq0fVZR58wVmwNid3Sky7bKtP4GrwHAQKHlA3mb8S6RwI82wx1SK-OTHUJgvpZxVZ0YgzaQfJ2fq_NHoYwXbhSDk3T4vk5bjB5_AW3CC4gNjJCrRURa137lHBeORQtDDfKZdvOM_Y/Q4BA8lGBELV2w-qeL2lVHEjgGICT4EUJel7ROkb9kd4),,
Batch 661 - SVC Cows,67252,"June 20, 2024","June 20, 2024","August 22, 2024",,Cycle 5,-634,SVC Cows,119,0,119,SKM_28724062412030.pdf (https://v5.airtableusercontent.com/v3/u/53/53/1779120000000/89Ww5oMm9nHJIBaaF99DdQ/wym7JFAlFjI6IGTdHXYbKHY0ALtIbtXA5XZpE2bU6jM_f3iCNZWhiUMjUKkOo9DsDyoZ-Avghj-SWDg2S5NRArVgXWzfczwKWdLXrkW9JUQMx-Z1xS3c5TCNoy6h6leVUkmVLt5MCydtWk9L9ATBfIl0AwPQ2-0z3K4olj-I1T4/L3JS3wgK_FwrCJDkv0Jn97euDq2PcLIQ5d5kVLtzIwY),,R7275.9807,R865841.70,Processed & Paid,"53083,53083,53083,53083,53083,53083,53083,53083,53083,53083,53083,53083,53083,53083,53083,53083,53083,53083,53083,53083,53083,53083,53083,53083,53083,53083,53083,53083,53083,53083,53083,53083,53083,53083,53083,53083,53083,53083,53083,53083,53083,53083,53083,53083,53083,53083,53083,53083,53083,53083,53083,53083,53083,53083,53083,53083,53083,53083,53083,53083,53083,53083,53083,53083,53083,53083,53083,53083,53083,53083,53083,53083,53083,53083,53083,53083,53083,53083,53083,53083,53083,53083,53083,53083,53083,53083,53083,53083,53083,53083,53083,53083,53083,53083,53083,53083,53083,53083,53083,53083,53083,53083,53083,53083,53083,53083,53083,53083,53083,53083,53083,53083,53083,53083,53083,53083,53083,53083,53083",R960227.46,R7580.30,182,12/19/2024,119,R895591.70,R7525.9807,Sold,,3.44%,0,R0.00,SKM_28724122311030.pdf (https://v5.airtableusercontent.com/v3/u/53/53/1779120000000/tCL83o59WHwzlG7oWE2Iew/HaqUIv6GsE1f0OyRIpx_cVf96an4kZD2nFAnkJDrk-QLdALEvj4hkDXEKbIm4Awbm4HIhi2iPGOzrlq1URaW22R0IMFRwpS3mMnwBFNChczVkWtFeM9vhsKSjNWyNSpBO2j3zXrjfttTVs-ZNhA9vxtQpP32go0tWXk7gatsuco/EpHncmQC7LSmlOqG823AjEakrQ1k29_Y9aiqkzzmdSU),,
Batch 660 - SVC Cows,67263,"June 21, 2024","June 21, 2024","August 23, 2024",,Cycle 5,-633,SVC Cows,95,1,94,"SKM_28724062509260.pdf (https://v5.airtableusercontent.com/v3/u/53/53/1779120000000/CBxEjH4rLoC3oU_9LJE67g/_V0i2d-PEOQkxoHRR8z5QYjzXwH1gSQwPnNC9xa4WByY_SsjS5IHs2JXA2Jd_6Oea0fdILCdjrOoBgWs_lVjbp5hQJg8af4SYjxv_JiAw7BeZZE-EwZn5aCcEVfmYXdTlEGpcE-LRQElVhTiYzhhtD6pmPOwna7NuiJIadaxWrI/RkKr-dyVAjmtoggRFYtPR8KHIMMQMyuOM6InOMwBguw),SKM_28724062807340.pdf (https://v5.airtableusercontent.com/v3/u/53/53/1779120000000/yRPHTFQ_uxhpPNGXCrs7HA/WMGPBTPyWUY7XjTKxqRu-ywQiFe6QJwFdxZSPSp--rZFu8iDJuma10tSWi1AY4k37fSNcAiz72_FSxgyj5QJYlGKJ2SjaPocCRnb7Ph844bFsgpabzXAALBcDosOd0-5LF40Zj3JDub6dOaJFi3-B7M-zH76wsdajHx1rhsZP6g/iMK_K1JN7M1DikaXCrTGH1J_J9sSJnoMlnlahfEB9EA)",,R7666.5859,R728325.66,Processed & Paid,"51851,51851,51851,51851,51851,51851,51851,51851,51851,51851,51851,51851,51851,51851,51851,51851,51851,51851,51851,51851,51851,51851,51851,51851,51851,51851,51851,51851,51851,51851,51851,51851,51851,51851,51851,51851,51851,51851,51851,51851,51851,51851,51851,51851,51851,51851,51851,51851,51851,51851,51851,51851,51851,51851,51851,51851,51851,51851,51851,51851,51851,51851,51851,51851,51851,51851,51851,51851,51851,51851,51851,51851,51851,51851,51851,51851,51851,51851,51851,51851,51851,51851,51851,51851,51851,51851,51851,51851,51851,51851,51851,51851,51851,51851,51851",R761479.65,R2527.00,76,9/5/2024,95,R752075.66,R7916.5859,Sold,,3.26%,0,R0.00,SKM_28724090613520.pdf (https://v5.airtableusercontent.com/v3/u/53/53/1779120000000/zC1OW_kJIsRqoXy5NemLMQ/d7AnZ7FEjBeXdd0Beu2QMmM1yK5sLcydtQvNlXZI0GvxhHi2wBtgWsqiwUtAmqSHocvTMInimQkZ1Kz6hOf_nmM6IgisR5_YPlcjbbDlcxPT36RfHK3APYaomFQGUeBaVHzFPIE_XbvCZ-IdpAfJY7CDxRp4sAcUn_HicAmXaQo/6jOdz_OBqOg4VlaTNdlvRoLNnPpDlnQeJwfIl8gVl9E),,"CN001607 price adjustment
"
Batch 663 - SVC Cows,67309,"June 21, 2024","June 21, 2024","August 23, 2024",,Cycle 5,-633,SVC Cows,8,0,8,SKM_28724062611130.pdf (https://v5.airtableusercontent.com/v3/u/53/53/1779120000000/1utJEOWg8MSYQbBZwEBNTQ/aG6hbRXqLZ0sEC34-Q573BoYZ-SS6HGOAfHgf9E00Aj8vLgjZoKvrehiIb2mLa1BMPOjkdb_W6MxqtNSzBEZJY6IAlNaJmPOCPDd2cGiZNoMv6IXtMlUrRKzCVktTzkXdhXxWVnWwOYkFHNSREuqH8lqeBR629AnYtWVKhaNOrQ/zaRXzq6J5ThvQuLpjmr4Jy0wvXfVGBl-307PpeY_gMA),,R6219.6738,R49757.39,Processed & Paid,"51850,51850,51850,51850,51850,51850,51850,51850",R52022.39,R212.80,76,9/5/2024,8,R51757.39,R6469.6738,Sold,,4.02%,0,R0.00,SKM_28724090613520.pdf (https://v5.airtableusercontent.com/v3/u/53/53/1779120000000/0immHd5nGjNIy-WIjFfyBA/JdRhDtuRhKe2bn2F5iMwITTfd05ne_7RReCWdq8B-33sHDYw822wcwkxoPYkscQArV22dmuyrN8jRbamIbTHfUrZlDSQ7Lwz9hxAdOXCIrT4Owq2NEGcKbRud2uwTapXmC1oxdY1bzILPm2_Q6Kmx12zr474NXMwNDVmVhtJc8s/XyDDY9xfVKtkCxJktNSIRLbg50xPRVxfzp71TzqDRlo),,
Batch 658 - SVC Cows,67260,"June 22, 2024","June 22, 2024","August 24, 2024",,Cycle 5,-632,SVC Cows,8,0,8,SKM_28724062414420.pdf (https://v5.airtableusercontent.com/v3/u/53/53/1779120000000/kbLuSCc3uYyiM-W6fDEBxw/LCG5AlQjBnvVEftaNKQMCUSP4G3rx8uqdmOB2kAcxdBIzUQsgz0HAtRqvvNvriSBTV3S5Lstxjckjny0VQiC4d1D6tw6m0RLVrbsKstixeeYMkRtpArlhN3VxwmsOlJ4oHoMMPmdBv87tzo8yZ9Olt5c0WL6BQvVJ2IQoH4_lwM/GFKHpZxBCJxCzE2oLMioKNBdhDgBx1s3oIBA1lfCfm0),,R6800.0000,R54400.00,Processed & Paid,"51852,51852,51852,51852,51852,51852,51852,51852",R56843.75,R210.00,75,9/5/2024,8,R56400.00,R7050.0000,Sold,,3.68%,0,R0.00,SKM_28724090613520.pdf (https://v5.airtableusercontent.com/v3/u/53/53/1779120000000/d4XXmu0bEr7tpBbc0z-aSg/rgvhm-2l-jp_rrcWGdX4EIUb_4OYzu-8y9R0lvVegiOTAV5ur6LW0-5hFP6iA98hZVMWUeMDRnQZ142fBlYdsMy3izOgMq_zMEbixu8J7VMLgSF6TWrj2cHd-m2HVbFOeRM9ij7xSQAIUBtVuI8bWS161x3KxOqGpCM28YhwTJo/AwnjPH5Y4jWzqC63U20gZkaAzFm20ANVK1hpdJIlXzY),,
Batch 659 - SVC Cows,67259,"June 22, 2024","June 22, 2024","August 24, 2024",,Cycle 5,-632,SVC Cows,100,1,99,SKM_28724062414360.pdf (https://v5.airtableusercontent.com/v3/u/53/53/1779120000000/q1hRQPV7-m1THHi3YMISsg/IFJVn3s9Y5LHu1Ipmbot2uk4szk-k_nB7aWfUENlXQWfKg1kuHALx3sYp7ATjD7jTK3urF2b2afROyCIgD71YhWlCEV_FzW0kIXogYrv23ktc9X5ebgUN879hmld8fTK5YJame75NTtNRm4l_amqJKSj_o5reui8NMUjtLXM21w/6YOnNKkegygpmYiwYbfDdjVZXpVpJwHAp_na2SWZ34M),,R7612.2000,R761220.00,Processed & Paid,"51853,51853,51853,51853,51853,51853,51853,51853,51853,51853,51853,51853,51853,51853,51853,51853,51853,51853,51853,51853,51853,51853,51853,51853,51853,51853,51853,51853,51853,51853,51853,51853,51853,51853,51853,51853,51853,51853,51853,51853,51853,51853,51853,51853,51853,51853,51853,51853,51853,51853,51853,51853,51853,51853,51853,51853,51853,51853,51853,51853,51853,51853,51853,51853,51853,51853,51853,51853,51853,51853,51853,51853,51853,51853,51853,51853,51853,51853,51853,51853,51853,51853,51853,51853,51853,51853,51853,51853,51853,51853,51853,51853,51853,51853,51853,51853,51853,51853,51853,51853",R795415.43,R2625.00,75,9/5/2024,100,R786220.00,R7862.2000,Sold,,3.28%,0,R0.00,SKM_28724090613520.pdf (https://v5.airtableusercontent.com/v3/u/53/53/1779120000000/mxO6E5RNsnOOJzIRmr71Cw/imBb1fJU3cwuZhwSQ2cCQbxCtmE9siCj3sYjnUUOuupLsAWhQNYM0aK96PnxNRw6j21pX9yCaiYac-F62MSQe7q-YKfIN13xHaeqF4EPyq-lZVQnW0Ag2q1rV-cgtwi-KR1EEoQN_59kbJn6PaN-alYGT9_18NTHjtlNMifZMFQ/pFtWNH6snx0aDOsxWLouDTlBhHavjTWTzEeIzBJ4Bz4),,
Batch 664 - SVC Cows,67290,"June 25, 2024","June 25, 2024","August 27, 2024",,Cycle 5,-629,SVC Cows,102,1,101,SKM_28724062515340.pdf (https://v5.airtableusercontent.com/v3/u/53/53/1779120000000/3ypixfu4r8BNhuQZoeXokg/ItyDr09PO8oxjW9JkvD2oADYEVeySvIXQhQH09jhSp7k8sS8jXooE4PMs4oefkXI8Ev9cYZlvGCRsm_lOA3vh4p2mVcoVXRP3FYqc4o3flbx0RCwSLFGiGa_vjVVwnniE9XMdLPTlb4s6FUw95Nw-kkzy9uo3DoR9LwvxNwW78M/lhhYEYdLHeRTw8zELC-I0J8SXGQPzDArVJOCkpRUiGw),,R7348.5335,R749550.42,Processed & Paid,"51855,51855,51855,51855,51855,51855,51855,51855,51855,51855,51855,51855,51855,51855,51855,51855,51855,51855,51855,51855,51855,51855,51855,51855,51855,51855,51855,51855,51855,51855,51855,51855,51855,51855,51855,51855,51855,51855,51855,51855,51855,51855,51855,51855,51855,51855,51855,51855,51855,51855,51855,51855,51855,51855,51855,51855,51855,51855,51855,51855,51855,51855,51855,51855,51855,51855,51855,51855,51855,51855,51855,51855,51855,51855,51855,51855,51855,51855,51855,51855,51855,51855,51855,51855,51855,51855,51855,51855,51855,51855,51855,51855,51855,51855,51855,51855,51855,51855,51855,51855,51855,51855",R829014.48,R6318.90,177,12/19/2024,102,R775050.42,R7598.5335,Sold,,3.40%,0,R0.00,SKM_28724122311030.pdf (https://v5.airtableusercontent.com/v3/u/53/53/1779120000000/kFYexJrnkvWQghqX7Oaorw/WC92tdN9W3T5AVhVeXGRCepP_TzuXCC_UPriAoUwxwZzmRzOkl1xaiBgzQssh3UnG8l51DIACYruJJ0-aQ17KejLGQo018SOe7nDx3_PvdbYfWbc3UNu2HcibBmjY00JC2L7WT_UYYUzXJh8F9IgPP-H0ryEHbsTITJUtAQ1H3U/RhHh8HfLgpavzF_uKRqV99kx4P7F1YRVZOhnvPOysuA),,
Batch 666 - SVC Cows,67291,"June 25, 2024","June 25, 2024","August 27, 2024",,Cycle 5,-629,SVC Cows,101,1,100,SKM_28724062515341.pdf (https://v5.airtableusercontent.com/v3/u/53/53/1779120000000/1-fNSk0_sUHBGJ3-Qqnu2Q/GgAD-W1U61l2Mq3b_Or2LyFBJSNp66XlWdq6Bl6loSmH86k7yTlvIKtwzMnFD9x_VaTw2azttvIcwtGBNtxYSrh01QCp2OCEMyUWWwOtxpWGKb1ZZxXa9Cknvh-QpWcJugTNdQ5aaeqx2KTMSx3vsFbagRjjXpxK0VgZ19E3kvA/StCjM1AyqwvXtU7P5HHewBNmXzpWwkHt95MTYmI7ScM),,R7379.7154,R745351.26,Processed & Paid,"51856,51856,51856,51856,51856,51856,51856,51856,51856,51856,51856,51856,51856,51856,51856,51856,51856,51856,51856,51856,51856,51856,51856,51856,51856,51856,51856,51856,51856,51856,51856,51856,51856,51856,51856,51856,51856,51856,51856,51856,51856,51856,51856,51856,51856,51856,51856,51856,51856,51856,51856,51856,51856,51856,51856,51856,51856,51856,51856,51856,51856,51856,51856,51856,51856,51856,51856,51856,51856,51856,51856,51856,51856,51856,51856,51856,51856,51856,51856,51856,51856,51856,51856,51856,51856,51856,51856,51856,51856,51856,51856,51856,51856,51856,51856,51856,51856,51856,51856,51856,51856",R826602.31,R6433.70,182,12/24/2024,101,R770601.26,R7629.7154,Sold,Invoice INV-0104.pdf (https://v5.airtableusercontent.com/v3/u/53/53/1779120000000/LM7KH-wNf65lqQ2d6xa32w/h2xHgJ5hchEQ8geK48VCSSR6v7X0NNyIGoHSmsyGBcnqjTtpL59WI76nIpJJF8ogGKfhRjCWOnd7wqD4Vl1YcWHzsfIcWq9oS56AGlcajJN9Zp9wHky6DFbbox2HhFkJ7_johzJ_xULO2LmvSm2IWj5jm2ByCjlRHxRhucQCPtU/WHwWbxoUvRz5IH0aOgJ2astRoGzEDtmOplQNDadQCtE),3.39%,0,R0.00,"SKM_28724122311030.pdf (https://v5.airtableusercontent.com/v3/u/53/53/1779120000000/rPtdwYkRA60mNlhaEyNX3Q/qvWLfVrpXDqUlUJeHtg6aRxx0zXufxKYW7u0m_c-ugGLukFAy3zVhVC-1q8FZdPsO5u1wrWO_YWLCvTYTJ8xWsvt2eAWY16Kpjdm5HaXIhYU3zeLTfytXt7zAgTGBvhOi9r1vp3zPCfdS5Rrd-xxOOfe_T5gNIj1xJhsG2uxTp4/qCoUFoWHtjB8R93mbirKco3ecesJUrYDUpOc8wGUojc),SVC Cows calculation.pdf (https://v5.airtableusercontent.com/v3/u/53/53/1779120000000/XDymK_uzf2lxE5rGLU0eoA/_3C-V49GZR09DqCtGy13eSBZAH6mzGB1EaEULI1DQEjlerN9W0PiO-FSMLwA8ZS9xOr-dSxi7PIMJnS14AT0bDYToKwaQqXolcSIwDoJwgwQ0nIacF4V3CVTotM1pEKVx92RztQsAnR_53EyXUVeDwpZMxwaMK2sOsmGq0Ah0nc/YCoZWwx0QSS0xZC4HatLd81I31MsHJchf2OmWGXjkKY)",,
Batch 662 - SVC Cows,67289,"June 26, 2024","June 26, 2024","August 28, 2024",,Cycle 5,-628,SVC Cows,97,2,95,SKM_28724062515330.pdf (https://v5.airtableusercontent.com/v3/u/53/53/1779120000000/9J7msyNI2t4A2mhuMPSxyQ/vNW9uaAYVsx6VzTyYgIp0Bvm3Pww8PJG7cl9fDKkSRnZWnzmO1TXBj1ki4X5GnJF_rERRYUeBnOOcaT6dNRYzU9bFfZKx1qQwBnf_2q-MVU2S6sIC2v8BflhNaGLurgJov5FupsX6iWs7y4tFD2vdp7hS7uYi61pYuu4c4o0LaI/VSWOhge-YKlcnFYprGlatd3kxMCoz1aHAcxVAYlehiA),,R6915.5894,R670812.17,Processed & Paid,"51854,51854,51854,51854,51854,51854,51854,51854,51854,51854,51854,51854,51854,51854,51854,51854,51854,51854,51854,51854,51854,51854,51854,51854,51854,51854,51854,51854,51854,51854,51854,51854,51854,51854,51854,51854,51854,51854,51854,51854,51854,51854,51854,51854,51854,51854,51854,51854,51854,51854,51854,51854,51854,51854,51854,51854,51854,51854,51854,51854,51854,51854,51854,51854,51854,51854,51854,51854,51854,51854,51854,51854,51854,51854,51854,51854,51854,51854,51854,51854,51854,51854,51854,51854,51854,51854,51854,51854,51854,51854,51854,51854,51854,51854,51854,51854,51854",R699339.16,R2410.45,71,9/5/2024,97,R695062.17,R7165.5894,Sold,,3.62%,0,R0.00,SKM_28724090613520.pdf (https://v5.airtableusercontent.com/v3/u/53/53/1779120000000/-OZLA1CQsIgRoeoy-R-5XQ/rOtn0GhHVxwB90zXeEmTtkhV31Ohtj4m_Unt40ndTDfKm2Gz_XC0Is6CJmnGZQAy3T76_TedUYkP-5gpx1q1ggyJlfPh0-9hXF8GvzZt1dnhwO1AgqAAsnpglCsYl_E9jXNMc6fEZvyOOGA5PBA_ZD7mrghVE2zq9z5PiPO6gyQ/hAURRvsC-fkWDMDAdN00QmINVF39TVqpZ60qaRyAU-A),,
Batch 665 - SVC Cows,67327,"June 26, 2024","June 26, 2024","August 28, 2024",,Cycle 5,-628,SVC Cows,24,1,23,SKM_28724062715420.pdf (https://v5.airtableusercontent.com/v3/u/53/53/1779120000000/nK1eJVOMoK7SVb8M4VieEw/6aCGJDTT8APztgxQKfxFlrH-eWcotxtPjxVNwTCalJUtD8YcGtYn1n-026vbE7-kf4MAacl_Y3qUKqNjvaqSO_zIpoaVGPa2QNXU7Qs2YU-UyQZoG1YwZXynqSPiLmgPM2S8QW0R3x6IdjmamSEW1sjRo28cX4oXxbsec7b2O7A/mscJIYABcroIvw1DnJmzS5dPvsfOj-rFG6vND2r7_hs),,R7005.9783,R168143.48,Processed & Paid,"51859,51859,51859,51859,51859,51859,51859,51859,51859,51859,51859,51859,51859,51859,51859,51859,51859,51859,51859,51859,51859,51859,51859,51859",R186372.16,R1520.40,181,12/24/2024,24,R174143.48,R7255.9783,Sold,Invoice INV-0104.pdf (https://v5.airtableusercontent.com/v3/u/53/53/1779120000000/LM7KH-wNf65lqQ2d6xa32w/h2xHgJ5hchEQ8geK48VCSSR6v7X0NNyIGoHSmsyGBcnqjTtpL59WI76nIpJJF8ogGKfhRjCWOnd7wqD4Vl1YcWHzsfIcWq9oS56AGlcajJN9Zp9wHky6DFbbox2HhFkJ7_johzJ_xULO2LmvSm2IWj5jm2ByCjlRHxRhucQCPtU/WHwWbxoUvRz5IH0aOgJ2astRoGzEDtmOplQNDadQCtE),3.57%,0,R0.00,SVC Cows calculation.pdf (https://v5.airtableusercontent.com/v3/u/53/53/1779120000000/bvWhpSL7UaKWjy5-lIzZag/aD54C82sozDytmSL2MQwyNPiGRqqVJNrtHi_t8Ss7VgmJteQ4mlmhLrZ3C5iFrBr7bEIAA-watXAcm_W2iXqdleuRwLnsqjd9wkkGE5SfS-EhQrUsCZtQytpRH-uocRA1JPRIrG30rstGISzVzD_A_zQMiiJfiRH9nGlTG7W0Zw/gC0WzZvStetUokARY91vUARka2AFMb272a_0OA3Ds3U),,
Batch 667 - SVC Cows,67330,"June 26, 2024","June 26, 2024","August 28, 2024",,Cycle 5,-628,SVC Cows,63,1,62,SKM_28724062808210.pdf (https://v5.airtableusercontent.com/v3/u/53/53/1779120000000/hgpgoTlsw_Mti24RNtldow/K7ENVysIVSeGFhIW2Sjewo4zN5wuTfJflKrPOX5bTO3zV4AZPWFp36k6UTofVC6coO627v8oCuitl9cWN_SCUgwVl0v8xiuEiHK33KtryGUre7O96e4SZCHCBx6eglqGM6a4mJ8pxqnqsDObU-MUKn7e4Aud22KKu3cHcSS6USU/VxPYCUdzCPRLxMPL4M3K2XrRKVjYLZssuzlUUkwvH0U),,R6805.4175,R428741.30,Processed & Paid,"51858,51858,51858,51858,51858,51858,51858,51858,51858,51858,51858,51858,51858,51858,51858,51858,51858,51858,51858,51858,51858,51858,51858,51858,51858,51858,51858,51858,51858,51858,51858,51858,51858,51858,51858,51858,51858,51858,51858,51858,51858,51858,51858,51858,51858,51858,51858,51858,51858,51858,51858,51858,51858,51858,51858,51858,51858,51858,51858,51858,51858,51858,51858",R475221.77,R3991.05,181,12/24/2024,63,R444491.30,R7055.4175,Sold,Invoice INV-0104.pdf (https://v5.airtableusercontent.com/v3/u/53/53/1779120000000/LM7KH-wNf65lqQ2d6xa32w/h2xHgJ5hchEQ8geK48VCSSR6v7X0NNyIGoHSmsyGBcnqjTtpL59WI76nIpJJF8ogGKfhRjCWOnd7wqD4Vl1YcWHzsfIcWq9oS56AGlcajJN9Zp9wHky6DFbbox2HhFkJ7_johzJ_xULO2LmvSm2IWj5jm2ByCjlRHxRhucQCPtU/WHwWbxoUvRz5IH0aOgJ2astRoGzEDtmOplQNDadQCtE),3.67%,0,R0.00,SVC Cows calculation.pdf (https://v5.airtableusercontent.com/v3/u/53/53/1779120000000/GWDuXc6-RXE5YN946iW-Uw/a4ahaV9fi9x5UGspJW_ztwUPKVD-H2C-VIWJPCHOnk5m36_BEP10qJRiZjpf1jO-Afk7ZFz622-SiUF59IdbgcFswNTdwvAARvu0dtHgS5QfGydhxvl7fwuedRidMJnZWR1YebbNYDByNaVj8XLUitgbvEx-sJ_NNTcw3eEhN5s/2Uc9E9nR_PhJaOGmC0WrZQiW6u9jKLaW_GNObgF2fx0),,
Batch 668 - SVC Cows,67325,"June 26, 2024","June 26, 2024","August 28, 2024",,Cycle 5,-628,SVC Cows,96,3,93,SKM_28724062711320.pdf (https://v5.airtableusercontent.com/v3/u/53/53/1779120000000/K0IdH9y4Hd36mPwwuHhh7A/qXJT_WUa6bl1pQWkgsF16ad9J3t0Gn42g6XrhZLRsTUcJtwtH2tx0O2yoZ3m1ErCOwIZ6JWAz5gRXvQrW94ZZXLiA8FSUzWVGszjDo9cDRGgSG8OIFfb7zTRjj1gL_FRWOz5ZNTFpWsjr8JWZnS9wipDG3oCi-8vmCYsxY3kPIY/Al1NUB9WyoGZJw3fuEun7ur61xcevzAh0UveT04DM18),,R7787.2460,R747575.62,Processed & Paid,"51857,51857,51857,51857,51857,51857,51857,51857,51857,51857,51857,51857,51857,51857,51857,51857,51857,51857,51857,51857,51857,51857,51857,51857,51857,51857,51857,51857,51857,51857,51857,51857,51857,51857,51857,51857,51857,51857,51857,51857,51857,51857,51857,51857,51857,51857,51857,51857,51857,51857,51857,51857,51857,51857,51857,51857,51857,51857,51857,51857,51857,51857,51857,51857,51857,51857,51857,51857,51857,51857,51857,51857,51857,51857,51857,51857,51857,51857,51857,51857,51857,51857,51857,51857,51857,51857,51857,51857,51857,51857,51857,51857,51857,51857,51857,51857",R828621.38,R6081.60,181,12/24/2024,96,R771575.62,R8037.2460,Sold,Invoice INV-0104.pdf (https://v5.airtableusercontent.com/v3/u/53/53/1779120000000/LM7KH-wNf65lqQ2d6xa32w/h2xHgJ5hchEQ8geK48VCSSR6v7X0NNyIGoHSmsyGBcnqjTtpL59WI76nIpJJF8ogGKfhRjCWOnd7wqD4Vl1YcWHzsfIcWq9oS56AGlcajJN9Zp9wHky6DFbbox2HhFkJ7_johzJ_xULO2LmvSm2IWj5jm2ByCjlRHxRhucQCPtU/WHwWbxoUvRz5IH0aOgJ2astRoGzEDtmOplQNDadQCtE),3.21%,0,R0.00,SVC Cows calculation.pdf (https://v5.airtableusercontent.com/v3/u/53/53/1779120000000/swsygOcScmAWfwgQJ4jyTA/oc-aRLOyQo_ASbWXL9L3hZiWqxgGcsgF7BadzGOgoEowXQsB2diukFqbmYdJPuBZkJ61Tc6nMTXr7JRIADrYd0U8p___SvgnPJ8t0yzs5Z-QMjuHbikce6eWUVcrbF1eLlDzOYDSP7782mARw3nLmAJmOWsDnFaHdYF9MPYc32g/i-J4muWjhL7kvDtgKAeeQ5qseOvMPM_PmrAJK5y8Dxg),,
Batch 669 - SVC Cows,67346,"June 27, 2024","July 27, 2024","September 28, 2024",,Cycle 5,-597,SVC Cows,102,0,102,SKM_28724070110500.pdf (https://v5.airtableusercontent.com/v3/u/53/53/1779120000000/o1X_8RQ2rSmH4uNOMg6FWw/pe3z1_SA6uZU2GqijuVP-mq3J1tA0rya4YMpzjgAJY_UYPTx7-8QYzBolFua2V5Lb7RHmPDbL8lj-qvD0eyZkLggv8hJuxKjS2y6Iof0A0f6lub2qRqHT8_Bu-kX3CARffQoWlSmiZ1buR3HOdkribNjUY0Ab5Q0EU0l_qsmCXA/Vw3J5Ro0eoJiOO45RgrL3tdDnqKMnWOY4V6sgbUky8A),,R7509.1344,R765931.71,Processed & Paid,"51861,51861,51861,51861,51861,51861,51861,51861,51861,51861,51861,51861,51861,51861,51861,51861,51861,51861,51861,51861,51861,51861,51861,51861,51861,51861,51861,51861,51861,51861,51861,51861,51861,51861,51861,51861,51861,51861,51861,51861,51861,51861,51861,51861,51861,51861,51861,51861,51861,51861,51861,51861,51861,51861,51861,51861,51861,51861,51861,51861,51861,51861,51861,51861,51861,51861,51861,51861,51861,51861,51861,51861,51861,51861,51861,51861,51861,51861,51861,51861,51861,51861,51861,51861,51861,51861,51861,51861,51861,51861,51861,51861,51861,51861,51861,51861,51861,51861,51861,51861,51861,51861",R786575.96,R1606.50,45,9/10/2024,102,R791431.71,R7759.1344,Sold,Invoice INV-0089.pdf (https://v5.airtableusercontent.com/v3/u/53/53/1779120000000/_ZLX027HDh8yeNHYhhcwnw/SEbWJvN5McjyTWUNerXw9qmRJO6LINkpbDUWTtmUdwddlO4MVbNScHAOQkzZILjRNnsykBEziv2VZzg2oBf4wD0K9Rx3hv7mFTSwgVuG2GOJAX29MiUT4PJL8LikbtlCDUlRWBZ_GbR22SHCdU7znLRECgHIsdHbDGHIe26ePjg/1FgqTCT_Z5HeSV5eTEAAPYIMyvE7fs7JkyglLaTUvUE),3.33%,0,R0.00,"SKM_28724090613520.pdf (https://v5.airtableusercontent.com/v3/u/53/53/1779120000000/XeJ6qfVnZxhlt_gRstpULQ/tFFbRCQ6UFDUse5UTdE3cTF6CSEVuxef7DYmcV2Zg6Fy64SdTh5fqrASpxm3S0CW_7X7rOBqQN1gKuabXYo4Fq_fgBjyNxFIdWepn5E3myCySccpIvyrXBXPCp_Zk0TEY5E2tmdIXHiaTb9GE365l6xVcgRFGU_YtZm7I9wqb5M/Of0XMf8mXiLIFMSUu_J1erbjsuFsBKGpIpXn7ulaFiw),SKM_28724091309060.pdf (https://v5.airtableusercontent.com/v3/u/53/53/1779120000000/w4XHFI8rNdviCSZmwqUpgw/-Xs2shPRjaeLcWYf3E5XsonH2BPJwZjUydu_smA21mLquGjYAQ9kbRIXg6Pm3Xr5x7C1C73u4ESqg-qRn7m_TJ2FkvwzwPonZYZqXiYyLXpCTUBvKvTFxLJ1SFC-_jn3redPIpjPr-QqkwMcti60hIcJqaku-yr5ys_ZnbspFq8/2OZDGRFxO4KQYI3ttlWPpJzE_QZeR9UjFtu1d-jJoN4)",,
Batch 671 - SVC Cows,67345,"June 27, 2024","June 27, 2024","August 29, 2024",,Cycle 5,-627,SVC Cows,98,1,97,SKM_28724070110450.pdf (https://v5.airtableusercontent.com/v3/u/53/53/1779120000000/j1HWIieDO04BtL_d6PsSpQ/V_PRqk8RC5OkhGriMJ2b_Yn7vzo1wYxWibeLYSPiEL3d0lq92BvqyuVp-I0dgoFTKCiz3csqz6f-oF63XuoBDT22kMGGq1mmTdP2TCExThPaRcuapd9jjfDd5qI0ftP0AjmBAOKaCRl6wpX6ylhcvZAzyWrmqptyD6-nCkvP2Oc/oFHkZDZeCQt_ovhGBswFCUi8ikxh8yLuzUbHSrFTH-s),,R7131.0468,R698842.59,Processed & Paid,"51860,51860,51860,51860,51860,51860,51860,51860,51860,51860,51860,51860,51860,51860,51860,51860,51860,51860,51860,51860,51860,51860,51860,51860,51860,51860,51860,51860,51860,51860,51860,51860,51860,51860,51860,51860,51860,51860,51860,51860,51860,51860,51860,51860,51860,51860,51860,51860,51860,51860,51860,51860,51860,51860,51860,51860,51860,51860,51860,51860,51860,51860,51860,51860,51860,51860,51860,51860,51860,51860,51860,51860,51860,51860,51860,51860,51860,51860,51860,51860,51860,51860,51860,51860,51860,51860,51860,51860,51860,51860,51860,51860,51860,51860,51860,51860,51860,51860",R775860.87,R6311.20,184,12/28/2024,98,R723342.59,R7381.0468,Sold,Invoice INV-0104.pdf (https://v5.airtableusercontent.com/v3/u/53/53/1779120000000/1CpOLWu0OkjPYMij_lsgkA/CPPEmL6qpDA-CZCvaKp6cI9iBeMAPaKdHdWoy0rOvUNqo8t4NfwfMsXibpKuMTe2Xymop0fFiVBe2QSEMZkULQh5boBFSEHST2E6WVnwHGVR9vngyU_vuTlAO8Lyifg8CqxBsT4KvpPYFpVNKrFy0XiH1Etx8URTSI5o_Pa33X4/Zi96w99Mu4VzFLxmvKc0e3e58Cw1xeEjiLbphuOxmvA),3.51%,0,R0.00,SVC Cows calculation.pdf (https://v5.airtableusercontent.com/v3/u/53/53/1779120000000/nMfCYMsbHju4Ly4diff9TQ/63kERKIm_k-RAdilSVnn7uwOaZR6ohSUl-s_ETXlB_B11B0nc2aCvbcd1JW_fGN5wA0yaT6x6CCCONGFAUDXRGxAONRVPka7vSTG5qnmLbMWQ9U8ft24zIUVe4HkudR4dRGd7FZ6nt8iztTO-9KKZLDdUmSRc8nTBx9JHWwEhf4/5C7PzPHjON792hJIqshEf2ywBf4tZylhui_ZWC1__KQ),,
Batch 673 - SVC Cows,67376,"June 27, 2024","June 27, 2024","August 29, 2024",,Cycle 5,-627,SVC Cows,115,1,114,SKM_28724070215380.pdf (https://v5.airtableusercontent.com/v3/u/53/53/1779120000000/iFOmrPazr9IAx28t-S-Zqw/HKB_Yff8s7dV52VeV1eDJ623nWoLSfMcVHKvKzP7gn5biVOZFeywWU1cG8nFpISEgn34Au8D0GTEvVLCR4wpb7d6zV8JGqZJv3iL5tG2UYHCDZDpkwDo4N_zmo2WPKY9tqQ5uN1S07GFcjO1YHrk5EuZo0MjQGRagAqY4YeaQoc/3VtOByfCCkpMv-VDGt2OtB0VgcD4rY8YNl-Uj5R5mj8),,R6855.3380,R788363.87,Processed & Paid,"53084,53084,53084,53084,53084,53084,53084,53084,53084,53084,53084,53084,53084,53084,53084,53084,53084,53084,53084,53084,53084,53084,53084,53084,53084,53084,53084,53084,53084,53084,53084,53084,53084,53084,53084,53084,53084,53084,53084,53084,53084,53084,53084,53084,53084,53084,53084,53084,53084,53084,53084,53084,53084,53084,53084,53084,53084,53084,53084,53084,53084,53084,53084,53084,53084,53084,53084,53084,53084,53084,53084,53084,53084,53084,53084,53084,53084,53084,53084,53084,53084,53084,53084,53084,53084,53084,53084,53084,53084,53084,53084,53084,53084,53084,53084,53084,53084,53084,53084,53084,53084,53084,53084,53084,53084,53084,53084,53084,53084,53084,53084,53084,53084,53084,53084",R875248.14,R7406.00,184,12/28/2024,115,R817113.87,R7105.3380,Sold,Invoice INV-0104.pdf (https://v5.airtableusercontent.com/v3/u/53/53/1779120000000/Jptp2Vsx2orQiYP_5_9oAQ/A81xUBYN7ND0-kKtMzvVVo2P3kKsA3HLWAx3Roel40nH-94KF6mekOSbFn0VCdSk9MO3GNjyTB1w5CyjbjooZJLpPEUA2m1C7hwjfWYhDpT04x5rmmWH2NA2pO5sn0BBFlv1AeNBr1_g2yXh9ucqb-SzDDoNgofC4wAnc1UwMdc/NNzuA-MRW8Nf93uYN1kvGNkO0FA1PQUfqPvGpsNXt34),3.65%,0,R0.00,SVC Cows calculation.pdf (https://v5.airtableusercontent.com/v3/u/53/53/1779120000000/8Ikk0gzPXpHaZFkEKGuDiA/TNpzfNkYRL1gQkFeYYYYP4MmtpZq66K75I5KqeBt4GaCpXnvt6O9UKCxwUsCdMy20XRGMabAWoP4xNGTdQHlibg2WTvTpvVecnpjF3LBkIgbq7zy_777tZwOa1ijpq_9drmAAWA1gnYQfD3bShnQfvsyWJK_XtmngVoQPA3eKwY/VF3nkuNIUCFZym109GrXK6YWQY07OaRgQvnZAmSa8ic),,
Batch 672 - SVC Cows,67349,"June 28, 2024","June 28, 2024","August 30, 2024",,Cycle 5,-626,SVC Cows,98,1,97,SKM_28724070111080.pdf (https://v5.airtableusercontent.com/v3/u/53/53/1779120000000/GwviiJEIb2bc6tApvNO9gw/W1rB1-XaEUBcWUy26H-i8xk2_z1Er1XcskbkyuFJnmQyQ7-_Kg7GAxiemkbSIiGjvBQ4ukbqwFa0yTKB1Ck5qH0PE6DT52TxD8CGUHwSAkqmIuNrnWIvUqq3ReQdViq1YnpMLp9rPZvPykpDKIgh4KTWGHS6wa9fJ5PXlqEAkZE/nhbEqBXTyiUtxQZuzm9zJNf0ABT07yardXr9yChnp6A),,R7637.1736,R748443.01,Processed & Paid,"51862,51862,51862,51862,51862,51862,51862,51862,51862,51862,51862,51862,51862,51862,51862,51862,51862,51862,51862,51862,51862,51862,51862,51862,51862,51862,51862,51862,51862,51862,51862,51862,51862,51862,51862,51862,51862,51862,51862,51862,51862,51862,51862,51862,51862,51862,51862,51862,51862,51862,51862,51862,51862,51862,51862,51862,51862,51862,51862,51862,51862,51862,51862,51862,51862,51862,51862,51862,51862,51862,51862,51862,51862,51862,51862,51862,51862,51862,51862,51862,51862,51862,51862,51862,51862,51862,51862,51862,51862,51862,51862,51862,51862,51862,51862,51862,51862,51862",R784754.19,R2778.30,81,9/17/2024,98,R772943.01,R7887.1736,Sold,Invoice INV-0089.pdf (https://v5.airtableusercontent.com/v3/u/53/53/1779120000000/0BNJUqtsd3BmVjpEraj6AQ/keOrvu8CXuLI2kFnC0CERRUGAGJbRB3vtuCS9_sJdvw_c2ueYCRtz_u25-O0OqIy2clxWfawM1y9oIA7r9CNjOIYVquP5exmQeBSKY4GDvIEZdWEY1uqtUjez1B9Kgm6IJvMkVCqlHx3Y48UpjsHhUZ-lyxxqKxSIgxGStcUNZA/6WXqygG223NTIMeACX5kbyB8yXrQgrXbFU8sRHLz0HI),3.27%,0,R0.00,"SKM_28724091309060.pdf (https://v5.airtableusercontent.com/v3/u/53/53/1779120000000/P5tzv7jYMXx9hoqTE1a6JQ/VLXYKLXs130z1LbxwipddDLcg0zFKyPa21eVbT40dsOGGy7M5qIoGMWyvnFDs0y-DFUH4-sKZA4sS4pmjd_qtkImD7cP9mLrloAQHBj7uVC3oEUeElEBLERtsGBkIS3h7fL_6m8fDctAl7nIY6LOHZ7S5EOPT02Mlvp8HmgJBvw/VbqzYiSGXKIusmRNDFC3BQA8fAKE_JKZhP6PjGqldSk),SKM_28724091915032.pdf (https://v5.airtableusercontent.com/v3/u/53/53/1779120000000/J5bYAfezVgsPRMg1zN5vAQ/WZAmrnciUJkTRg8au7hWEDUSmRtuToy8_KCcBwbPAKUEDMf9Ez2lJEdhfFiu96O-mqPI1Eeo03TB4iM1khqeyPbkWn29OIcI9HZwHuu7bpHoXnBg8kcnmrtestaGy2Q1h_kLwZ-72N97mDaSnEr_hXwysgVwu6fjpezBzSfjbtg/h_AvsE90tNk9-cYu68iYe-chlHf2tcNRBpbrtWvhV60)",,
Batch 674 - SVC Cows,67382,"July 2, 2024","July 2, 2024","September 3, 2024",,Cycle 5,-622,SVC Cows,102,2,100,SKM_28724070311050.pdf (https://v5.airtableusercontent.com/v3/u/53/53/1779120000000/NPE19I3MNWErbsvlxny-EA/Yu3gYbM4-_teDWaOVe5YhZRZSZViXvm6DElaNbZvZETjP8iOqMU-joVrPuibYw65uoSOamLF5iXO0p1ZerLbU0zRzGrRQrJz6HanTKnjf7TpPBOa9a1VIcAQHT_pMUClzbJJT27GxCeI8pNsDqPUhCNGLQKtmntojNaJa-PaSv8/5WVw4zZTOEiuZ6x46JE68JkaX1IEU1tMWW8_MsrSxtU),,R7623.0855,R777554.72,Processed & Paid,"51863,51863,51863,51863,51863,51863,51863,51863,51863,51863,51863,51863,51863,51863,51863,51863,51863,51863,51863,51863,51863,51863,51863,51863,51863,51863,51863,51863,51863,51863,51863,51863,51863,51863,51863,51863,51863,51863,51863,51863,51863,51863,51863,51863,51863,51863,51863,51863,51863,51863,51863,51863,51863,51863,51863,51863,51863,51863,51863,51863,51863,51863,51863,51863,51863,51863,51863,51863,51863,51863,51863,51863,51863,51863,51863,51863,51863,51863,51863,51863,51863,51863,51863,51863,51863,51863,51863,51863,51863,51863,51863,51863,51863,51863,51863,51863,51863,51863,51863,51863,51863,51863",R861384.84,R6426.00,180,12/29/2024,102,R803054.72,R7873.0855,Sold,"Payment_Notification-487.pdf (https://v5.airtableusercontent.com/v3/u/53/53/1779120000000/wL0PC8wSg9Mt32iRojn_vw/kGbqy9iGNWBuxgEcuJVPjJrAoMK3ijgA7VHH4aVd2gAYJIvP5p4O9xFyRaw_NKNmmHfnMEy3gv9kTzNS3L-d8VXwnzU3d4LvxStQyFR8npxZ79QY2OZT6l-eeh_u6VhKw2UjNQtjTuAHD98ON2b3QTtMsR-pF4M7GsjroMxpob__ohCGuGUs-CecZgD1Md_k/eHGVjESxobxmg7O9uFfuF1JJVfjW7wLszcM8hWjZZI4),Invoice INV-0104.pdf (https://v5.airtableusercontent.com/v3/u/53/53/1779120000000/PdIjWM1hz3Qs9sUa4_cahw/f6yuXX2DKp7LKiq77iM_PAMVHwd0yrnjVtXlWUKt6kzHsPnqmBRQiil8NjZhUc3ueK4QXeOQjJv5p8a4j1NC3tvQdAyUikR2-0aCov1ge-D_tIKI_b3j-ehTzyFgOosI7aHwL98doWlyVvU_g5gAuqVIdIgmyvAiBr3PE0FZcn8/5lINeTZJjYefQKzU36DJIj7J1ucDeEIZlTuZrBVjN8I)",3.28%,0,R0.00,SVC Cows calculation.pdf (https://v5.airtableusercontent.com/v3/u/53/53/1779120000000/Nv6ff2y1Ur6mwRvqDcHVwA/y7t_rH5-Ku-95faPTMEG9wWvfGMQLpY_LkfPCm5SRyuySgEOXMU_jNcM8Yrzs8yNpbAZhPfofdxS2zU-Vdoy4nFZxBv1pe_1ghIASUX4fiVblK8fEHpYqIsgxM1XDtTtzsBvK5LJ9WDEgoXs7JxfIUbaOeacejUX7By-8oRXMss/iYqRAe-xITNJiwsX0G4EDquoXb_dhrY__qsfBVkAZ-4),,
Batch 675 - SVC Cows,67383,"July 2, 2024","July 2, 2024","September 3, 2024",,Cycle 5,-622,SVC Cows,88,0,88,SKM_28724070311051.pdf (https://v5.airtableusercontent.com/v3/u/53/53/1779120000000/yjDiarLOHicCWfriOJJcyA/tUXP7ttZIe17n8kD-1CsyMJEDHmiBQLsZB2TdlVLPGJKTb7WOBiMky7GX9y2wPxkxAksfSJ1Y6Hji9rLAZSRTDDykEjP2iTszCsSKIf5FH_utq-MgOd1hsrkb5EoO-jOH82wuSqp42OSNRQrhuvRDmouVNu-V0ioEVLbOaS33cs/xXl7dC2xx-uDrZSNBbcmTmofYsy7f69aqXPdl2FqHFY),,R7364.3182,R648060.00,Processed & Paid,"51864,51864,51864,51864,51864,51864,51864,51864,51864,51864,51864,51864,51864,51864,51864,51864,51864,51864,51864,51864,51864,51864,51864,51864,51864,51864,51864,51864,51864,51864,51864,51864,51864,51864,51864,51864,51864,51864,51864,51864,51864,51864,51864,51864,51864,51864,51864,51864,51864,51864,51864,51864,51864,51864,51864,51864,51864,51864,51864,51864,51864,51864,51864,51864,51864,51864,51864,51864,51864,51864,51864,51864,51864,51864,51864,51864,51864,51864,51864,51864,51864,51864,51864,51864,51864,51864,51864,51864",R677948.39,R2371.60,77,9/17/2024,88,R670060.00,R7614.3182,Sold,Payment_Notification-488.pdf (https://v5.airtableusercontent.com/v3/u/53/53/1779120000000/SLCpa5pwLLLRJjIslPhZow/ENZyXKnXaoviXuN4XG3WTC1dFs7h0X5zYBMx7tk5ZhVeO_6vWKl0T2g3vsvYWR9gvV-qAK9DjnhuYlpehR5keIFV7LhAxrKeEiCp4feMxN57VFPteJaBdnatN9CzcfBx9khRhFSSzv3cBcaXnojBP5QkZF8JLFqhfLhxOaxeYZ2zSiDDmGGjuA8kx6QtUWv6/J1zE5LuchzXgVX9fO47rnKpoM88nsMCv0jYTninUhN8),3.39%,0,R0.00,SKM_28724091915032.pdf (https://v5.airtableusercontent.com/v3/u/53/53/1779120000000/5Nv-8QNGgpuQmHPcPJMnOQ/88haeC-SVJhzM9782UqI_5QHEPope5vDkUIdg3qPxXZrKJFP_kBDjF3LF3pm4sVPnJ9hZ0fX2nbR5ldxwotup_UDq4OewjZ7Q6PJblJK8AQSBX3GRAnXOzTZrACpemfxXo07cV_i4YVr_WwgtRfdPSedMEiBFo5ukOOd5_CQsHw/jFa7a1Pd6tQmSAyk5_SAF43rF00Bjy2z8muInPq6sJU),,
Batch 676 - SVC Cows,67399,"July 3, 2024","July 3, 2024","September 4, 2024",,Cycle 5,-621,SVC Cows,95,0,95,SKM_28724070413440.pdf (https://v5.airtableusercontent.com/v3/u/53/53/1779120000000/Ovq7zWp7kOV4oa0UfAmZOA/niRJEiYhgY9tAidj5ngvRBlZzcVy3QzWSNKkhLHe95Dt_kiF7xGNCdUTSuSSOXA4eEs6ZQPDJxoHYxJpm9SjSipOJy6fi7kA35XKoIfVtFQOnJ-IItRWJLLJ64yaj-tPgeJfx9sPMOw2GPGQ51_iC5zxWnGkkqTpAKgLeqKm03s/lxSyyG1I4nGzfyI9-P2tmvjOXX9NeuHoBoBeN-FVq_A),,R7014.4755,R666375.17,Processed & Paid,"51865,51865,51865,51865,51865,51865,51865,51865,51865,51865,51865,51865,51865,51865,51865,51865,51865,51865,51865,51865,51865,51865,51865,51865,51865,51865,51865,51865,51865,51865,51865,51865,51865,51865,51865,51865,51865,51865,51865,51865,51865,51865,51865,51865,51865,51865,51865,51865,51865,51865,51865,51865,51865,51865,51865,51865,51865,51865,51865,51865,51865,51865,51865,51865,51865,51865,51865,51865,51865,51865,51865,51865,51865,51865,51865,51865,51865,51865,51865,51865,51865,51865,51865,51865,51865,51865,51865,51865,51865,51865,51865,51865,51865,51865,51865",R737819.61,R5951.75,179,12/29/2024,95,R690125.17,R7264.4755,Sold,"Payment_Notification-489.pdf (https://v5.airtableusercontent.com/v3/u/53/53/1779120000000/bM6LuF6SZ2loeHre1EfjxQ/h-3SDctjR-LMAauozEpxPy4vpWzjZFYDMHhs_GTeVLGMpnN2l7-OYuRWnhCRkEwbRwnHxI0b_qyy-k3XgFns8Lcwi_LxtUKk71VQgVS90Qnd1uEBJWiAYwHpVu61c-liYk9m3merQZknSk5fiGl5XhlkIFXVFLbuaEYd1RiZoYNNzfG_ANyiONdCUIPhaQ3s/VB9Tubtr9fOLR4bV1eKLjDm4bC3xlnkRF9_jgCLgYB0),Invoice INV-0104.pdf (https://v5.airtableusercontent.com/v3/u/53/53/1779120000000/6BGz2taaLyBbYNcmHPwHHQ/cqWnedZeLcKj3P7uleYXy2COYJ114NpoSIXd8xMqU9QDyZfY8cnUfvuQ9mnU-WsMxbSpZVNaL2KAZ-34lNT6ZAgZr_HLmLzGJUeh_whwauYBsvHHVfn3WSn7JapR87CJeOy08ufcEqljDS7zPG4TZgKUOZzLs24N-0zBTsBKgbc/M9q_habygtX_LKiSPGpXFa02HY8flF6La_oCcg_vOQA)",3.56%,0,R0.00,SVC Cows calculation.pdf (https://v5.airtableusercontent.com/v3/u/53/53/1779120000000/u_QkGXGONDR_Xnf_cPlA2A/IfrCUjgNKzGOwrxINBbT0B6YeSqBGrAVFxRz3R2jN-o5LJx59JSbbYItobtTvxfGeNE-hphDpA6-F1UPmkL9opmKZoT_RBTL64ePWwNmlODaBw3_GUUqIs0dGJ7rWXRT0udyoVUAJINGywVB_eBseGjZZO4inULY8aijUQEXEIk/khoNl2Veh9BtfRKnartf2jUO3QoMe89ReCoDLTKqZ4s),,
Batch 677 - SVC Cows,67400,"July 3, 2024","July 3, 2024","September 4, 2024",,Cycle 5,-621,SVC Cows,96,0,96,SKM_28724070413441.pdf (https://v5.airtableusercontent.com/v3/u/53/53/1779120000000/9lnJmHjhIeNGRQAmcbl6Kw/a_4TdFfY3gllTRXqEBkM6HTG0xY5r_ZfqDrfMgtS3bP9bBksC8hNTeyrv40A0zzHs7fy5OC-V7i4QSJlf-tYzPPDZW25U3VB62n5jp2kbKbAInkmtYfB-6yyBQCW5r2eHk1s1c0zWpE6UpyBdq5dRKDoaIi2U0EyoRpBtODFdxM/1zTOWn9qTBpjHPwAmNz-8RBQjh0J__45Tpybjuw3_To),,R6905.0902,R662888.66,Processed & Paid,"51866,51866,51866,51866,51866,51866,51866,51866,51866,51866,51866,51866,51866,51866,51866,51866,51866,51866,51866,51866,51866,51866,51866,51866,51866,51866,51866,51866,51866,51866,51866,51866,51866,51866,51866,51866,51866,51866,51866,51866,51866,51866,51866,51866,51866,51866,51866,51866,51866,51866,51866,51866,51866,51866,51866,51866,51866,51866,51866,51866,51866,51866,51866,51866,51866,51866,51866,51866,51866,51866,51866,51866,51866,51866,51866,51866,51866,51866,51866,51866,51866,51866,51866,51866,51866,51866,51866,51866,51866,51866,51866,51866,51866,51866,51866,51866",R735547.47,R6148.80,183,1/2/2025,96,R686888.66,R7155.0902,Sold,"Invoice INV-0104.pdf (https://v5.airtableusercontent.com/v3/u/53/53/1779120000000/EzuWB2KWsT_BkE_PmrODkw/ef8XB7Ds41RVOXvrTmOuGBJrjxZkTF8vnK5C0sdGxkZOWVGnbeuzr1gTVjUw9AFdOpfeeVPM6n-0MbxbvGbL4RoxPTVQfkc5dMvuXPRU6lnq1qMDVTjYNZPwOha72W-qLQrfzHYeH1hoi6TauxwUkdIqtYcbYg5ZjCE4MQsli1M/UVCKosK278Wd3cpnQHaImD6cdwuwUOWV5Z5hpfGCjJk),Invoice INV-0105.pdf (https://v5.airtableusercontent.com/v3/u/53/53/1779120000000/iTsphySmbvWGeqfENPy6wg/NtQVt-DywCq2BaKQeP5o9JzJDxU482YKCuiqQIe2x1WrLiL3YUTq3Mz0YGoapAyYvQaWb4sHmre5xFsomfzvmMBEUqeYlZH_BBbBDltiTmL2-Id2jQplccWt6ue3z5RI6LlJ-B5h4pXcYVMq_t0aUxj8B1DMpdAY8B3Aiw1DLNM/EE1EbupEUnCJt8yIAgE6TPE5eJva1oZgoxvC-1RdhmU)",3.62%,0,R0.00,"SVC Cows calculation.pdf (https://v5.airtableusercontent.com/v3/u/53/53/1779120000000/_jV0WCsM9E2HWNJD7ha0Ow/lLJop9xq9e7KyNHOlRwogyhzWkDsc7MR6yRoO9kyHoWVnEI_Mj4MeB5nNfEp-T8cCVS8FavQ5Can-CajIWZUN4yz5yQxvRSgQxu05gWlDe2C2yHTN0s3vfLWNHThnLOuact1CwWiBQ0dFQwWBe6_4zl4kXAQHV4PlyOEKETwxpU/K3p0TrG3dzsfzjfjzk27i7gXAWpnzKF82lGLQnH1iiE),SVC COWS.pdf (https://v5.airtableusercontent.com/v3/u/53/53/1779120000000/qX5RGtNWdsFlaSyFIY_dRQ/U8B3AyPN5vZ4JsZb6EdWu5jbEtjRtyV-fZmdEW2xwWZdyD9oF6hthqQA0rC0UnTjPKA5W2JQe__HJaSy1Tn5nZyGc97kUGXDMlVt2Q9meREao094gMQVKn7XkIg0P9TXVw0owd5lM8ACsvhY8zNs6EMxtxiYT4E759BHbVRLEZY/4wob3YL9Tt_AIXD8lwLsBbwprXBq6CP0p5O8vJ_9Myw)",,
Batch 678 - SVC Farming,67401,"July 3, 2024","July 3, 2024","September 4, 2024",,Cycle 5,-621,SVC Farming,115,1,114,SKM_28724070413450.pdf (https://v5.airtableusercontent.com/v3/u/53/53/1779120000000/K2XbHKBRnhDKWm5-rHu2IQ/6rhiOJKIZXBnpuZznUBRhym_dJPrAmqvTQACz8ROzyxh0ee5Wk5a6OS24jXk-O-_EEgr8AE1pvr1z3M0FabDbUfBixXpOMv3P3MQB8aCz8Re4HsUSApjeyy6YKQI9GjIt2n0BbE1MJTjqTB3lSzn_Lit7toL3DsgdBT7v4j86sE/hZfXjMwLUmM16f4mrcilPDOIs_fsY4JkvY6KWgxasWY),,R7558.5704,R869235.60,Processed & Paid,"53085,53085,53085,53085,53085,53085,53085,53085,53085,53085,53085,53085,53085,53085,53085,53085,53085,53085,53085,53085,53085,53085,53085,53085,53085,53085,53085,53085,53085,53085,53085,53085,53085,53085,53085,53085,53085,53085,53085,53085,53085,53085,53085,53085,53085,53085,53085,53085,53085,53085,53085,53085,53085,53085,53085,53085,53085,53085,53085,53085,53085,53085,53085,53085,53085,53085,53085,53085,53085,53085,53085,53085,53085,53085,53085,53085,53085,53085,53085,53085,53085,53085,53085,53085,53085,53085,53085,53085,53085,53085,53085,53085,53085,53085,53085,53085,53085,53085,53085,53085,53085,53085,53085,53085,53085,53085,53085,53085,53085,53085,53085,53085,53085,53085,53085",R952747.50,R10522.50,183,1/2/2025,115,R897985.60,R7808.5704,Sold,"Invoice INV-0054-2.pdf (https://v5.airtableusercontent.com/v3/u/53/53/1779120000000/6m97wJMuqGizTXjfZslRow/ANK-XzTyspyyaHUitcoqy2IVmD7xyg7VRgi4OOD85MJ7Lk9qs-YlFFuNPsgb8dVf-z7iMkZgW3MVaMtMnphG6nP7RJzsif0DGe3PAQSc7T8toWKKNqDFWrtAo-OP3jdhFI04hTVF4lfpm3jgZsFqLh8yGTNLX_ZWmxDaZZ3itA8/1R8Zb43Dtyym4nnsvcN5hXvjCwrmJ3hUYoIoeWVHvbM),Invoice INV-0056-3.pdf (https://v5.airtableusercontent.com/v3/u/53/53/1779120000000/45a2ygJOWrnS7sHfMLEbkA/Etpeng7rK9za5I8ObVu7rapZPlkt5poTHl0-bZUo49-JSkfBY9nNvANCE6mmLAeTh8PDmka5-pkI2IMX-Z4iSWt_EGR51VSbcTECEzqXKeaL5GmDoemCyaKPvilJbS_cz5G6oo10dK55-8sw4RqVEAPr2NKgTp1yjR9DO-GVMfY/pF-hxzFpNv1y5wlmVPv-ngPUqUQMZvonQqFnoFxMZRA),Invoice INV-0057-2.pdf (https://v5.airtableusercontent.com/v3/u/53/53/1779120000000/BxYfrMP8vGeHOs5RwozWeA/o3eAjkQUyb3Vk9MoCiRxGhNLupefbIPxRGckrK95oRN1Dn4WwylqSF7-ztJO0WzuWfCFTt9fxmydBBeJUR1NIz5OZIyRDAofpM-_N_Eo9bLb3m0fDFyBW5kU6L_XBbF1D58c336Y8MeLC79AKvJUnsEWVlpyF7OyEkHxIqzP78c/02e2t1eWMxS4HbNl5wwwxg4tF2tyFVG-H9OMZawQQM8),Invoice INV-0058-3.pdf (https://v5.airtableusercontent.com/v3/u/53/53/1779120000000/ldd9BPGx-gnoaVZcJFMGnQ/JL2f6kgarvwoS2UGZlDgoZsYwf819VUfph3_kKzrJVjefOasG8CM3DKpYW9P-bd95hsTDY5oBUYKWJvThAHpXy4cyO57co8KT4M9ahaFg-QTMI9OvDb1dIe2wZxSv_SKHeYbzlnIm3SfT6JaHXsjfEPtHj9dKnvu95_eAMMtDZo/cxOT8bRQC3w_G77uWJajYdOeDY6F1vfcBCxzOExIgv8)",3.31%,0,R0.00,"SKM_28724091309550.pdf (https://v5.airtableusercontent.com/v3/u/53/53/1779120000000/8ljTr9k9lf766iizXKOzFg/fPnFf5DI1EuBwXACD_FrEBdBz1qexBx5cMUyEX_XRaKbgGw-RjqbJqlEJ3BzrydsMkPYi_2JRDBdIMCFmZDaEGlOLtd3Q8NXm_g_g9eG0xK8Ojo9ktnq9GYrplZJiM4kjrK_7KDENrIAEJxH5kN9oXjmougOkE5G82uTbjBvETA/f5PoxqDiWpL-Cgt5IVuogaiaQdoc6WMbloDk2utXU70),2_PDFsam_SKM_28724102108130.pdf (https://v5.airtableusercontent.com/v3/u/53/53/1779120000000/3MoEyakT_qWXXs73YQPS-A/cwEQxjuZFRK9G9WWkuB5CJNGdezwW6ui2lJ1wlUs4-zQfUzP6MTZ3Ro9pJVraeAS5_csG8vXmvQOBxSJTJKFrFul9ntHSXrsIV6zu76DXJU8tdWn5o0UzNcm5eqKBc_wLke7Tt0UHttynFcZ45E2a1WQskYQM1o6XejSttfV8qKGFwDu5MfekNXBo5ztcltj/7pILW1WP1AVL7iYBrWa2joEQQTsuhcNZJZYaNpiCobQ),3_PDFsam_SKM_28724111814420-3.pdf (https://v5.airtableusercontent.com/v3/u/53/53/1779120000000/g_9Cjefdw0j1RmBTWg4m4w/sJ7o8v4GZlyZH93oTGS2mxsZPmcE1lTrEl71F7PAg_g17sAVFwwITfNIr9rlgRvKFo2xFu7RoHIXK4LhL0HiP1SRhif4pM7awNx5pZFDmsu-BEfrVUX7MRvk24NZ5SoLNLAfqv9DCxY2PbMtDu425dQbwVbPOErCHpIHvb4vq-FsCcaQGi2sOSuVgKKb9JSs/bwFyCmRPbBmd7w7UTNhv-caJ28TA_u20Lempqof2Cj4),1_PDFsam_SVC FARMING & AGRIFUND DOS.pdf (https://v5.airtableusercontent.com/v3/u/53/53/1779120000000/IdU5gsLkvlifVM14s6K7mQ/0UkvqwJtkURvxx9Ecm2MtQBXy4vJqkETEwcx7Cx8NMUAcuUNAXl6vWDEEMpI3xd5V-939Dg37iUYLnkynXvBNeDVGXEithARG0pseQTlbXRlZEE2pBsPg3TSOkwQQwOMUsHnxlFgX4y0lLlssP8Y4rIDhTnbi2DmyBt9dTGNZ-SbIwzxvk4Ae7GM6UiX7a8L/JV1cTEIgT1PmjJKEyOWoGsvxmckGdNGBoE74bRglKxc)",,
Batch 679 - SVC Cows,67417,"July 4, 2024","July 4, 2024","September 5, 2024",,Cycle 5,-620,SVC Cows,102,0,102,SKM_28724070809510.pdf (https://v5.airtableusercontent.com/v3/u/53/53/1779120000000/KM8Hk_fXozMujHEs68QouA/2YkS_AiBmmeWXqxo2ReKGabXMN5x3MdzWUIgx8fSboZXjowTLnL0MRWpkar_B1gxSJfmdPCp4M31zvDRCCnaVr5IvQAewY97lEa8CbyrPli4RMKqlr_ThMLxifTCRFHXPU3KmLo4EwcVKQHcRRpGl_jIC_APmEe-ufgYO8o48kE/-nBqc19qU19VQU_rRAO_xP7cyvZecE-ZEPA1gLtHKCA),,R6839.0833,R697586.50,Processed & Paid,"51868,51868,51868,51868,51868,51868,51868,51868,51868,51868,51868,51868,51868,51868,51868,51868,51868,51868,51868,51868,51868,51868,51868,51868,51868,51868,51868,51868,51868,51868,51868,51868,51868,51868,51868,51868,51868,51868,51868,51868,51868,51868,51868,51868,51868,51868,51868,51868,51868,51868,51868,51868,51868,51868,51868,51868,51868,51868,51868,51868,51868,51868,51868,51868,51868,51868,51868,51868,51868,51868,51868,51868,51868,51868,51868,51868,51868,51868,51868,51868,51868,51868,51868,51868,51868,51868,51868,51868,51868,51868,51868,51868,51868,51868,51868,51868,51868,51868,51868,51868,51868,51868",R773630.70,R6497.40,182,1/2/2025,102,R723086.50,R7089.0833,Sold,"Payment_Notification-490.pdf (https://v5.airtableusercontent.com/v3/u/53/53/1779120000000/RAoDNL3hU4wKMNnxYN9nWQ/9hNLBtRRLpZ5BpBJPEpNRmHqzVfZyD_iKxxlZ91PpdNsoM5-_B8vEZ-Z_pkQAQuoU9oTrqRYCJgfr8B9j0pyIev931LGYoORwhvu_XFfrfc6NB_232A3daqnHnihMULm34FWgSQjzy3_Ytbr6sUukyk7X_Vv819ommXcARJNkdDe-H43CbydQO1jVx-rnddV/sR-gSI8ZczmEoy_y5FowIz65iySUtHukouaIPWxVgbE),Invoice INV-0105.pdf (https://v5.airtableusercontent.com/v3/u/53/53/1779120000000/vv9sfe1UfUbyLx-LsyB0wg/z9jKJ8ipm-WzDrKQt61qMgydB1mIrKJ4xaMopeaCJo9nOggA_tBiumwTLAGXesxadbLGKpuffS8v7QrvxL13CJKdF5XhRty_cUi9w4vw7tDasuwC3IqA4Hy46LqlZJzEhSRCZVpQOyBLjDPDqQ4bwJWQvXpbDQD-Wh-VAGfCNkE/9y0oM0JFwMUk589Kw5yyMG0TME5GGghxqYdFoFZTOqY)",3.66%,0,R0.00,SVC COWS.pdf (https://v5.airtableusercontent.com/v3/u/53/53/1779120000000/X1roo6o2Tqxj_ixvVeIfIQ/WWi-qHBKUd6am2arPo8Niwybzrj7lbxL22jUWH9kQPN5jyXdxz_hbAeBajB49gicHgmSrwwy1K29Q_bjjF_XteaQL_oYVnd9_xpwW0stgwGCiVCnRnGqIaOkn1Oq0ioD9T0Vpyd1xvaGMhFFbFql6XvvW8q3uHm6qbZf149V3YE/Vfkpu6FQShtluS3HE-6W8K9JHdaRwzagNyTSatsIfcI),,
Batch 682 - SVC Cows,67410,"July 4, 2024","July 4, 2024","September 5, 2024",,Cycle 5,-620,SVC Cows,97,1,96,SKM_28724070510030.pdf (https://v5.airtableusercontent.com/v3/u/53/53/1779120000000/UOjbY7UuaMFB5LQaFY2yrw/QcDHN-UoSGFdyEC-_wAHd9DZw-wneRvNhlQA0DBitBp84p8pu0Dm_hUkkCbDMBreij8WEe2aBGNyH-iqZgBZ9OlaQRHfYQ8ahvx0WQSVhK4gR2xX9n06TzPhHoLXo39JTHrZR3JEZe7UFQ3afftT6DGqgBkUeodsgrS2WSla9lQ/S__XCtPEX3hU64-Iuk64dHiGazWlFAdkq6BP59JKp5M),,R7136.3419,R692225.16,Processed & Paid,"51867,51867,51867,51867,51867,51867,51867,51867,51867,51867,51867,51867,51867,51867,51867,51867,51867,51867,51867,51867,51867,51867,51867,51867,51867,51867,51867,51867,51867,51867,51867,51867,51867,51867,51867,51867,51867,51867,51867,51867,51867,51867,51867,51867,51867,51867,51867,51867,51867,51867,51867,51867,51867,51867,51867,51867,51867,51867,51867,51867,51867,51867,51867,51867,51867,51867,51867,51867,51867,51867,51867,51867,51867,51867,51867,51867,51867,51867,51867,51867,51867,51867,51867,51867,51867,51867,51867,51867,51867,51867,51867,51867,51867,51867,51867,51867,51867",R767684.91,R6178.90,182,1/2/2025,97,R716475.16,R7386.3419,Sold,"Payment_Notification-491.pdf (https://v5.airtableusercontent.com/v3/u/53/53/1779120000000/PfcmEcqD6pi6eZY4VJgBMw/yo-PiCDf-Bi3uIMPEaXEme8wtjhFLMX-acpPArOFlzOjYDD2zzsjNCYRxfyMfdZMqH0ME_QZWjdfi5eK6YcF_zVgktiRuIR6g0XNwGgx4v0w2Q1kjcQjGp2it0oDBQ0DBuC0LN8VJoMRhftqYW-f8ysdeCxeEF5GJpJFip0j7I2sqy0VXwyUmhojBq_cwToR/ybYGZMXLGDxpwV6VM6JS4CMWzpLJv34bQAn-9nt6h5k),Invoice INV-0105.pdf (https://v5.airtableusercontent.com/v3/u/53/53/1779120000000/LwiNIjP_8PHsK9lfudFG2g/NlBxUSgFDotCjURip1HMMfVqfrAVYX7AWqXN7IS7EGg7pGX5hGF5ZRU_DPR08W7OBrKqB_m7uhfQ2f45c-FOsfLrGfCrx7L4-SnmD9mbAPGi4n6q0_pCreNLw5PMVN6S5sfSN_fObQ5vEcuIf4AVGvXhLLS6byU4KqdJVUK17xU/x6vpuSaNvUm7QQtnkm7ZScpxxJJJcj9eWt-cdKUapzk)",3.50%,0,R0.00,SVC COWS.pdf (https://v5.airtableusercontent.com/v3/u/53/53/1779120000000/Kik_PB3wRTJTar_-0Dd8vg/FyR67kMtvRzqhZQyxG3egdJjGsReQ-YfbQRLdfgqP_8OH6vj1xkM6xQd6fx3lr0kugv7DJdgoFe0UF8eQI2EIB1jiJewwfPVNmYN_6U45dIiad6tS8udpi2RtrclwaL4sJliEXnb3YgYandFgGpYw59fLwloyoIqyTwFy8QB0YE/yWyXKzhTebeXJMF87YgEVkF4wrgXDp1Om38T80k5kY0),,
Batch 681 - SVC Cows,67436,"July 5, 2024","July 5, 2024","September 6, 2024",,Cycle 5,-619,SVC Cows,99,2,97,SKM_28724070814470.pdf (https://v5.airtableusercontent.com/v3/u/53/53/1779120000000/r2GCB0ZPWlNHPUalzca0eg/vFK7PmDXkEMrkOI75UVrF6opWC3nR79xbzwSyPyxFSU8M91YDCXmhC2UyE8S08Hq91CkP6A5DPJOjpHwH9shyyUQJQ2HItY8doe_PdXHOidzW19_Im1PL0FeaQlEaMiQmCtK3BpJNmJnGeytKhLnqfLljSn2sxEjBISQFXeZ6f0/tdlDI1p_3j9sbsilF_sf4uMNRos01lY5R-2JHyPRZ4g),,R7284.9841,R721213.43,Processed & Paid,"51869,51869,51869,51869,51869,51869,51869,51869,51869,51869,51869,51869,51869,51869,51869,51869,51869,51869,51869,51869,51869,51869,51869,51869,51869,51869,51869,51869,51869,51869,51869,51869,51869,51869,51869,51869,51869,51869,51869,51869,51869,51869,51869,51869,51869,51869,51869,51869,51869,51869,51869,51869,51869,51869,51869,51869,51869,51869,51869,51869,51869,51869,51869,51869,51869,51869,51869,51869,51869,51869,51869,51869,51869,51869,51869,51869,51869,51869,51869,51869,51869,51869,51869,51869,51869,51869,51869,51869,51869,51869,51869,51869,51869,51869,51869,51869,51869,51869,51869",R802857.04,R6548.85,189,1/10/2025,99,R745963.43,R7534.9841,Sold,"Payment_Notification-492.pdf (https://v5.airtableusercontent.com/v3/u/53/53/1779120000000/rUIXKQlud0fpv6XNzfNvMA/GasFotLc1xVwUNoiHDMvwCkLL8qeUo9E0yeXJQPKc6AQb6Hh9Vc8nLxFdniN3NhfYonk7p5k_jz8j_jgliU89GODkghCYkgmU_8rqve3-km0HJ0_eadBfI7NPZsrHbqhXyVBaVdXALdwommYm51Uj5du6UBwjfTTRej4vgqOMBzuygcVuLRhy4CL1I71IiYW/nqCdaUCHsffvPTJ838keMEcpOki_tXQgxrJxuk7D8P8),Invoice INV-0105.pdf (https://v5.airtableusercontent.com/v3/u/53/53/1779120000000/zgZ7NLg7cwOzbx00hXhulQ/RPIhRBVS1l7CsnaSTUbJ-cdJzNdVqZPi2miy_WbTZLr-ci0GCY07SI2QyMkUL1CeQEsyRguTBGezRexX2a-yNBNb7Oe16fMsnSSc4t9ylvJk8CAvcx54wahFdcZ0XIqXeD4s5bODzViZWaDAtTp8RHGdXyGi4pZgMqd2jBuAREg/XKoiUchDJ123bii3Xr8Hs3261cIoT_0JqCgm4QN2mK8)",3.43%,0,R0.00,"SVC COWS.pdf (https://v5.airtableusercontent.com/v3/u/53/53/1779120000000/Fy2Jcq7iH2Y_-Y0-iPAf6Q/-KObGGboD5debutGEK_6jIrcdncoa1snqINfz1Z65iWZdxxyS7yetpk8lou0EZyoB118jbd6ZSdJGJo8yTGpq_7jSW58EH60zWrpf1z9DfBmxO2oUlbTvZWOBw3Q-cybUnloroVZuHipT-0tugJ9ow-6UUcbAgk3YZTqNNvPczk/IEgzWKVGs8_xZphNm0ajPxT3MpK-upogjV-prKWODjY),SVC COWS CALCULATION-2.pdf (https://v5.airtableusercontent.com/v3/u/53/53/1779120000000/PwlhBJJN6ZwZbEKD8OxrTw/kFzmWhElAKsf1Wek6tHouZzVmE-ygFlllMSIghAe4Wdrqs9JOPCF3R8bIeQNsEijvhkPn1uQZODl-_Pm0onwUNBlZSXt1fbV18HCQUgXQkwdZcQ1BSmi694zlYNU3rWFXte8n472OpLqg4hA8RSx6Hut9Ic7Wo1VLn4-wZvtO_Q/Nyfv7wZiNpyfa5TcX8cKFFwf0pODupTc8AqkViqvot8)",,
Batch 688 - Agrifund,67449,"July 9, 2024","July 9, 2024","September 10, 2024",,Cycle 5,-615,Agrifund,100,1,99,SKM_28724071009300.pdf (https://v5.airtableusercontent.com/v3/u/53/53/1779120000000/fQCZjhyEP6466oL64CX7Wg/Q3ILAMR0Yy-wzd-LLMNvHQ3voUF3yQrkHKkgFIOa4fv-8UJBCb1DXjOviwGaetsTV1iDqgj0d_AmHrcleYwIBgordwISWAKvPBuA8uKa5pOhHxBtAW0O7yYXZzLutGR2l1dMzge3HUv4m_nkena5WiBTCAz6UFgKDaj2R-Z76qY/EFvq_64lH34Z6m1qg8YkfzrdDzE96A0gTZFeuQeFjvc),Payment Confirmation-41.pdf (https://v5.airtableusercontent.com/v3/u/53/53/1779120000000/4VzapdOHuXHi3K5BqspFhA/j2pscGP4akkNuJKxjaf7U1N5vPLTqoACzdcd1xE5PHYxqAg20kBkDJpl7oZ-oXe2YQW_htY_3xPRnlV6-8yVD8CObYzGbD3jYKI60PeIh-Y-GvcrAkv7mkZdPzqMiGULVX9Ox2Wt-Emqt26YOVgWK3JcjuLfs3Zah2ts6ddJwLMPt9aYBI-oRIMTfEj0ccbJ/oj8hlfMkaFPuCu6lekRwvLfxnNzBUFJC60ntSo7670M),R7662.0699,R766206.99,Processed & Paid,"51870,51870,51870,51870,51870,51870,51870,51870,51870,51870,51870,51870,51870,51870,51870,51870,51870,51870,51870,51870,51870,51870,51870,51870,51870,51870,51870,51870,51870,51870,51870,51870,51870,51870,51870,51870,51870,51870,51870,51870,51870,51870,51870,51870,51870,51870,51870,51870,51870,51870,51870,51870,51870,51870,51870,51870,51870,51870,51870,51870,51870,51870,51870,51870,51870,51870,51870,51870,51870,51870,51870,51870,51870,51870,51870,51870,51870,51870,51870,51870,51870,51870,51870,51870,51870,51870,51870,51870,51870,51870,51870,51870,51870,51870,51870,51870,51870,51870,51870,51870",R839619.69,R0.00,185,1/10/2025,100,R791206.99,R7912.0699,Sold,"Invoice INV-0032-2.pdf (https://v5.airtableusercontent.com/v3/u/53/53/1779120000000/qgkEZ9IYVTGTR85r2f1UOw/dHr1ImKceqfVT6mv4lcqDwlLWpXNDCqaAS87gbf4tRwrZ6XnaOFjiGoufSbqr1WuxJO9T-uAS7LAkeN_H0ImJkQRIcoJgToyf3ph9sOmu_Eza-fX7JiYcHA20_cj4Q816VN9BcpQeRR92zxeZ1jI3eoQJyOqH-HcrZ8Idl2H3Hs/6pX045nSYIjrT0eAHvxj1Z6aykIooaSR2g8wsFMrVmM),Invoice INV-0033-4.pdf (https://v5.airtableusercontent.com/v3/u/53/53/1779120000000/XS0WcNXL5UzeXoL1GQtXRA/OLiZQryyzJnpakvXCeKzyk2TD4-qJvgyOdtIpoa4qGmXAohtjvOS2tG97kASlYnXqnVqm7akQv7XFGAXQWNuKPet25FLPutI7lCgwctSCMxTxFknvC8TkUG6DTHao9dOlyrKCywbEl8IvxmYxZ3A2jY3Ix0i7UTUxKCqd-LZYAo/tJO433vwyoJwXUlCr3Sta4gqof1P99fiGdwmA-PiiZk)",3.26%,0,R0.00,"AGRIFUND-2.pdf (https://v5.airtableusercontent.com/v3/u/53/53/1779120000000/DwkabeFRoDqyfYfufRyR7w/qxUprYJtI_fO_Z-S5vS-_Sm-ostBgDgSiGr3z-kY2k-u59JZkxpyLj27H_8kgmT14bY00mL8i6Lh53XPO6ybqR-7jMj6HnxPhvfSXqS4629VA7rT1mvw8BzD0gbe7Q5hi6-CQYsq2XMyAa_ZOHs4sVNrmbtxcs20gYmlepiDe0k/4vYBIZQimIEeXW0Oz76nYe8MIM-l7_ggx5J2cnXxo64),RECALCULATION AGRIFUND.pdf (https://v5.airtableusercontent.com/v3/u/53/53/1779120000000/oMW30whmo2i4Aj7h7xzXEw/SBw6Gc3RgwPp1ON4q1ZXKwkgYfHxP2wSiIJ7KsJ4DHlxi2wq3JV8cSEBiD0Xy6qEcSqoyS7m58w-PcS95IG7K3RpftFG2ijPAjEtU3SUIpnhVckFUEDgcFNA8_WWGuuhNEj1OcB2WNxeLhQ6_5Ctj6A5_kaNHCcNUXPP8idn5eA/kb3mlGOWT1REr0qDyYoLV8nqV6pTMNGApV-9OwRwRxU)",,
Batch 683 - SVC Cows,67465,"July 10, 2024","July 10, 2024","September 11, 2024",,Cycle 5,-614,SVC Cows,103,2,101,SKM_28724071111510.pdf (https://v5.airtableusercontent.com/v3/u/53/53/1779120000000/lHxBLj2XSZ_yVot_BG2KIw/olsMbBUnUjRzUB6qNPxXSQ86KfPqQmaf8wYZs2dykDF2ZjOyx6JyWneZbispi-p8qZxdNmdEj5XArxY284W64V-1yMqn9SBHvFKhXq5SMycEGVv2tsKCB9TFlAvUNUenBWQw6uskO0ogPP-n1rLziyBjv50Xn8J0ycQnED3UdQs/y4DBFKvqjjX-9UNpYAkjEiiUec1RJXR1KKm2B5s6VFc),,R7381.9288,R760338.67,Processed & Paid,"51872,51872,51872,51872,51872,51872,51872,51872,51872,51872,51872,51872,51872,51872,51872,51872,51872,51872,51872,51872,51872,51872,51872,51872,51872,51872,51872,51872,51872,51872,51872,51872,51872,51872,51872,51872,51872,51872,51872,51872,51872,51872,51872,51872,51872,51872,51872,51872,51872,51872,51872,51872,51872,51872,51872,51872,51872,51872,51872,51872,51872,51872,51872,51872,51872,51872,51872,51872,51872,51872,51872,51872,51872,51872,51872,51872,51872,51872,51872,51872,51872,51872,51872,51872,51872,51872,51872,51872,51872,51872,51872,51872,51872,51872,51872,51872,51872,51872,51872,51872,51872,51872,51872",R847322.21,R6885.55,191,1/17/2025,103,R786088.67,R7631.9288,Sold,Invoice INV-0108.pdf (https://v5.airtableusercontent.com/v3/u/53/53/1779120000000/iPC3ZexaVJO-PlZuF6GwDQ/emIY_RkmrPd66rNopeHGcWDiupZdgqJn0HVH1NOIVLeHyeRZk4nsKBWjRY7SdGYqGMyexNiVHZYhuVXPFD4swFOYF3mRAVkVAscfWCb_NaBEJHXSBPcdiIg49QOU7pLkgnvXZ4qHlpfVXFxxM9fC7GgvCmNjBZJt7mJqVbUyVy4/hog4USVT5gnRTnCQ-tXi0zxwQL8mg4NdZcwHcxYKe3U),3.39%,0,R0.00,"SVC COWS CALCULATION-2.pdf (https://v5.airtableusercontent.com/v3/u/53/53/1779120000000/pDDhcjVoPIQ4VZLrgUZ8hA/Zox5-Aa3gwPoNBj3UcvJdCqwn1L03F188yTrpkoxBtQGjyuTBVdrhxLU38vl7b3VrdflrVWIMgZmGrd-QmjjhWthNvif6oqcaJROB-TU1Pm-gVoymtgrgwMNmC_MyLrho7fqJfrZoi976sHv0wTCnhRE6snyjcrA_CLlO53JQEw/3kq5ukOWW3ne2xmo03CxSISlbOtfNooFkW3lEhFHJ3s),SVC COWS-2.pdf (https://v5.airtableusercontent.com/v3/u/53/53/1779120000000/uCfVcNYVa7d1W6V1SWuZHw/9436WlEgE8oUkMOVZsAstLe4qpBhPiKvTpcGvmrDSkdPZ-Vvf87-E4aeCDpDfaYIjLIdCyYd4muxflFNsNXRry1uqZovfLePQc33YdAFACqp6j_wvqmO3MJaVLSD0PWlwmbYCXjNo2ATyJMvY_SJ0izmaSxc42KmbHXYGqR-ALM/SbPJ_I9dZvArbEbR8T4HUH3dsv-R_53lcseiCSL8QtU)",,
Batch 687 - AgriFund Dios,67487,"July 10, 2024","July 10, 2024","September 11, 2024",,Cycle 5,-614,AgriFund Dios,88,0,88,"SKM_28724071509490.pdf (https://v5.airtableusercontent.com/v3/u/53/53/1779120000000/ocJKv_ZWFOkZTIkm8dYqXA/giLaVzKU9sudv0vZD55kXYsHg59tR_Ywe9iICA6G5jv6c6pffWC8oitrqBtbMCxhp_uMyn70P_geMSvyLLy_-Bivekr4PKUf1AgmkhgOUdnL9ItiNrrpfR09w6T0vmIAMVI-PbcVDqYaKNJ0ihy8HiSR9UClC7U3yRrsTyyQjyc/-18le6acZ7r8hPWW_bbxXMREZGogCwLygP23jKkv8CU),SKM_28724071608520.pdf (https://v5.airtableusercontent.com/v3/u/53/53/1779120000000/0lebffV46ns9Nl1BPHqI3w/kFZ9a91fKV8yNWa8OdOEo8MkYriUNsDPN77CRuwjUizwzlCMmVA3o3nKb6ySlvI6qxgiXqi38xORXsla5r_wjPKgaKCk_HGXfCSezbFMNwbhWJuo76-znAqf7ijdAGNYd6j3xLvl6OVFbWZCfRo1XLqdeB6rVM2ZCnBQsbTM3kc/HYwtVEGLMqHXtdOqGJtJxoOB9Ho76PYWP_7_FE0c1a4)",Payment Confirmation-39.pdf (https://v5.airtableusercontent.com/v3/u/53/53/1779120000000/I7Wtlrp75L8f2JoavzMTVQ/fiItGtcf4_QieClp94ut0AO2GQZgwzbDVmA8PI8VsjqJ15jkOuWuBMMPZa5tu5tv2BkciT9reGX535EM_AcmzxcljXdZOGylpdTPkAgekEjLMzfPWU0Z_OTSrzjQh0HTLbi3vaMSZJCz--2d_HKFojs7k_V2I0MHvRptcZPWelro376_I-6DEc3OgCNXsBn7/Yq8lcTrWrp05FL5_Hs7kWBYnuOz_egxSB9kNo7jjnuk),R6351.2895,R558913.48,Processed & Paid,"51873,51873,51873,51873,51873,51873,51873,51873,51873,51873,51873,51873,51873,51873,51873,51873,51873,51873,51873,51873,51873,51873,51873,51873,51873,51873,51873,51873,51873,51873,51873,51873,51873,51873,51873,51873,51873,51873,51873,51873,51873,51873,51873,51873,51873,51873,51873,51873,51873,51873,51873,51873,51873,51873,51873,51873,51873,51873,51873,51873,51873,51873,51873,51873,51873,51873,51873,51873,51873,51873,51873,51873,51873,51873,51873,51873,51873,51873,51873,51873,51873,51873,51873,51873,51873,51873,51873,51873",R607453.16,R0.00,139,11/26/2024,88,R580913.48,R6601.2895,Sold,Invoice INV-0038-4.pdf (https://v5.airtableusercontent.com/v3/u/53/53/1779120000000/xDcWj1YQS67OONOXhAuICg/5M9iffCYeJ17jrvAlRHIK-gnOLQiR_yA0xuffBep96QiE9Pb4vzpD-Rvlm6RaupPvLRfr0toLiOvX18tooAUJT6XIc_60MX35BdbvnP1lMmReP2KdXaJ-qLaHKoGh7ez0TVqri-VDDXaz0xaExa4X2bVtzHIPxonDflFT7ogZ3U/_Snbd62OKGJ6V6wn27ZWToXl-Piip00tqdYw-eFxUwQ),3.94%,0,R0.00,SKM_28724120210470.pdf (https://v5.airtableusercontent.com/v3/u/53/53/1779120000000/qj6Py6GE8_VdFh2tMVTBAg/oUiEO986P1_EMq3_MMYeAdLyFFbUK3UzFgBSNEUtnW_FHZFxzfYm5IeiUV_lSgVQnd14soPRo0fMwPDEh2eDKlikNF8iFLeCOl8GLWeuEGISjbAf8gbzTiwLngd1ujW0q75embZjDtXpaaYS9N0q8xdwaM_olt-0_NF9w7HZXGE/BnBM_ZtCpKsr16vgn5Ta6AUXS2yBnMbNBZisS043SM8),,
Batch 689 - Agrifund,67467,"July 10, 2024","July 10, 2024","September 11, 2024",,Cycle 5,-614,Agrifund,122,2,120,SKM_28724071112040.pdf (https://v5.airtableusercontent.com/v3/u/53/53/1779120000000/Awu5pQ8tYaLBk9JvXE-6ew/bhMn43R3RFIaRR6TC3hDkqX5g5k4r7UvyMLpVV_OG9WN0p_3QIyUyMEqJ2ZcN21HjetK9vWScba96i0uQxg6g_rc9rv8Zhl3zbCuWhe9uDHMhWCWGkivmkwCb_vk98S6TFR2BJFriXHTLsE7AfqvX-13WXZ01rz4JlV2yXVR10A/j3S7kvxyHW-QZwqrw9M6ExzluzdWT2ZF5zkeWFG1bJs),Agrifund POP IN067467.pdf (https://v5.airtableusercontent.com/v3/u/53/53/1779120000000/JZQBtiPZTDsJHauUw9obOA/Rfa8P-4I5nM7tvbLFGKC1mxXMKqsNl8mgJTQPxsE9e8PjcsVMeLUCBDMoJumgq3Uk4ccCYYSCWRb0WJ8InMFK-mvk97wHq0zcACVTOASGgNLeQ8BlYbYvKiiDVZr4Bu-wiUh3E-vDqKJNwH1eT9L4nGi00QxtyyxzSz-lI-Fnjc/60gtuQSZsEXXFC1ECC527DYttMTJy-bEE4srBT3n-ok),R7174.6721,R875310.00,Processed & Paid,"53086,53086,53086,53086,53086,53086,53086,53086,53086,53086,53086,53086,53086,53086,53086,53086,53086,53086,53086,53086,53086,53086,53086,53086,53086,53086,53086,53086,53086,53086,53086,53086,53086,53086,53086,53086,53086,53086,53086,53086,53086,53086,53086,53086,53086,53086,53086,53086,53086,53086,53086,53086,53086,53086,53086,53086,53086,53086,53086,53086,53086,53086,53086,53086,53086,53086,53086,53086,53086,53086,53086,53086,53086,53086,53086,53086,53086,53086,53086,53086,53086,53086,53086,53086,53086,53086,53086,53086,53086,53086,53086,53086,53086,53086,53086,53086,53086,53086,53086,53086,53086,53086,53086,53086,53086,53086,53086,53086,53086,53086,53086,53086,53086,53086,53086,53086,53086,53086,53086,53086,53086,53086",R964389.37,R0.00,184,1/10/2025,122,R905810.00,R7424.6721,Sold,Invoice INV-0033-4.pdf (https://v5.airtableusercontent.com/v3/u/53/53/1779120000000/_PNARxBGCLmOCYDYMqiEHw/6LHluR8kwhs0SUG0ge2OTQkvjGqoQLzIl2yCGhdOMeeMqzmR9XM-PVrXLvapqTFV_Z8dWx9QXD15P_MFcrtCtB6kEavdpcBZIHSGz41LO7LAPOY92Gm3kwgVlfUZNA6zPyVpc0Zn2dH8ZZrfPUrFS1TDaUNLBX_X9LLir2eiMew/7wUucBzj1BscoIKm0pmYSWp4xj6aZnnF79z1SRp63eA),3.48%,0,R0.00,RECALCULATION AGRIFUND.pdf (https://v5.airtableusercontent.com/v3/u/53/53/1779120000000/7-evMpUj8qiwzsl_e65wzA/DXMifHq4dRwP-FyjfQcqG4uXw71ZRlK06QW4lqp_xD4941QcbAnmlaRM1LHSpZN3fIGsdUG8JuugZtJRhG0l47bn6zvLQJqdXDh5Bk5cn_fl-qKcSZrWCJJ3WJkXdjq4yPgU9JCgmqWcWTkKFZiOIc6fKjjNsIqdDR7XZZiRpaQ/WUh0iegCsZnzvn-cYh_jLKw4PW2vWP5JqulnSY8RWxY),,
Batch 690 - SVC Farming,67469,"July 10, 2024","July 10, 2024","September 11, 2024",,Cycle 5,-614,SVC Farming,116,1,115,SKM_28724071113130.pdf (https://v5.airtableusercontent.com/v3/u/53/53/1779120000000/qt3AtCj0e_tFtxxijeZR1Q/GZgCHQpau-fmPf0MGJKoY3-rso6D3Dqs0LfMUbIBQmTsLUPVxIFCiDaTLhy3nSfBjc2eonDYTYF-qVXzaSHSSUYxSvh2PD7w_so3qKK7n7aU4ukJdBhHUwE3J3TcYgd38WrqlIBzwJqQAFU1SuSe3nZl8Lhmznfx6d2moEeosuA/HB6imtYWB85Cktk1gDXnwF1k7lh_u5105zGl5NW9Kf4),,R7531.7651,R873684.75,Processed & Paid,"53087,53087,53087,53087,53087,53087,53087,53087,53087,53087,53087,53087,53087,53087,53087,53087,53087,53087,53087,53087,53087,53087,53087,53087,53087,53087,53087,53087,53087,53087,53087,53087,53087,53087,53087,53087,53087,53087,53087,53087,53087,53087,53087,53087,53087,53087,53087,53087,53087,53087,53087,53087,53087,53087,53087,53087,53087,53087,53087,53087,53087,53087,53087,53087,53087,53087,53087,53087,53087,53087,53087,53087,53087,53087,53087,53087,53087,53087,53087,53087,53087,53087,53087,53087,53087,53087,53087,53087,53087,53087,53087,53087,53087,53087,53087,53087,53087,53087,53087,53087,53087,53087,53087,53087,53087,53087,53087,53087,53087,53087,53087,53087,53087,53087,53087,53087",R954700.62,R10208.00,176,1/2/2025,116,R902684.75,R7781.7651,Sold,Invoice INV-0058-3.pdf (https://v5.airtableusercontent.com/v3/u/53/53/1779120000000/QGhknOlheIEgmfrsl7VIOg/5ZDkxUzvUfwkkqfn3uHgIH76WhjgQU-R0c4X6WX_Ceikn65flxX4fHu8VcT1Y513PvXrwa9rjV-Tz7aIk2UhDNmt_U4ZG5e8chsRxO6NJYwTVlIaDuZBCafuHrUl1rNlP2kEdRROKvqzMfC6m_5UWvE7eKx6EgVBVxNe81bVYuk/eLSL_i5LVb1yAGpEtKjfR97Alc3ZJr2mUmyEGa3kTe0),3.32%,0,R0.00,1_PDFsam_SVC FARMING & AGRIFUND DOS.pdf (https://v5.airtableusercontent.com/v3/u/53/53/1779120000000/RtVkBIPszSWCB6Vwrj61qg/O7lflX68wOi8FjNR6aWucfdlMguHWYN2eV1K-G9jSh5fjyRRaF_W7z5XyVhl3nKNw_1r5MlLIRoKjFGqnh5KAwlroK2Iuy9MvMIz0KAhc9ACPmQdEXRbUSBC-EHO1kY_LVE4sral1jhDPLvGgLimSX9Ys6UNM0KN83rZPD4d4Xqez7vOJUCiSYnjuHNR5R0S/npuouslmrFciS3IboAOMZJ_yg9xtBnPPiXKVEEB6svg),,
Batch 698 - SVC Cows,67542,"July 10, 2024","July 10, 2024","September 11, 2024",,Cycle 5,-614,SVC Cows,105,0,105,"SKM_28724071713580.pdf (https://v5.airtableusercontent.com/v3/u/53/53/1779120000000/AJZ4I0-MwUacmF1tRi95BA/ZKgOgRoMxe-b3xbJ7sGtSdT1CXRStvdN_one0L_JNsoOrsDE_J3y_5FCTRO_nsAqRcwGEUPgzd4aKFq89-QCY4EvSoTZTU_LBj1prEV3JiQwCUJ_c8P4gtvQJc1dik0jW6jKBzL-TXu7dTyxegTgyVJ6xYDRlxu8-NLRvWctbZc/qHT-dPX01j1cSzOlA4PPY7sM_yx-2uWF6DUl6-_6t_g),SKM_28724071809470.pdf (https://v5.airtableusercontent.com/v3/u/53/53/1779120000000/sBuIymvdWBQ8M0ASFnBVIQ/AHnxzzruU9xYgvli6_8j_Tv_n-2pGX9NaygLCXRzavK7UpOiEH1LFDbf9XQtNJsYpVIc48_jmh76WpACs0tqmfYcA6D09KL3e5ieRd_VXa53BUbl-C34zzfv16tFvlVFK2o0JINc3GBZUPrKQb9j7PbV0tkdpTaMmq-NnGQt0sM/6cpBJSeerWcLgrgXS715VJnhk6byN_DQWeWfnrwngHU)",,R5490.4298,R576495.13,Processed & Paid,"51871,51871,51871,51871,51871,51871,51871,51871,51871,51871,51871,51871,51871,51871,51871,51871,51871,51871,51871,51871,51871,51871,51871,51871,51871,51871,51871,51871,51871,51871,51871,51871,51871,51871,51871,51871,51871,51871,51871,51871,51871,51871,51871,51871,51871,51871,51871,51871,51871,51871,51871,51871,51871,51871,51871,51871,51871,51871,51871,51871,51871,51871,51871,51871,51871,51871,51871,51871,51871,51871,51871,51871,51871,51871,51871,51871,51871,51871,51871,51871,51871,51871,51871,51871,51871,51871,51871,51871,51871,51871,51871,51871,51871,51871,51871,51871,51871,51871,51871,51871,51871,51871,51871,51871,51871",R642446.77,R7019.25,191,1/17/2025,105,R602745.13,R5740.4298,Sold,Invoice INV-0108.pdf (https://v5.airtableusercontent.com/v3/u/53/53/1779120000000/JbdkITybVspILd2b15nQOQ/Xy2XLonlIdCQBTzDsSkEKi3YJ1_5yYFDijiIG0yj8XE3RehfA1CoMXzMO8HOnJVu4gnxtsa3exivDIBXi11pvGXAr8nBIzpUNQy1iAsc39y9JkduZp1rGqyTuAl-Mqnmu9AF9oErUdLDoh1WjcaM1h_gP8q4XYMsqwRw0LZ21cs/U1G5K_I0AQsHd-DWNr1T497y8JgYmms57PYLETtMhG4),4.55%,0,R0.00,SVC COWS-2.pdf (https://v5.airtableusercontent.com/v3/u/53/53/1779120000000/x1zryuH31ra_1ol_gl_bpQ/YKk7VUV6N2UombS_3DE3GeQIoHZ0M4I3noeTxG03hn1ZN38KZ60nmwowjwCPlrQ4y-LtYpg3DQ583yuCq421meKxKqTZB5WRFIWlLS64ZFyO0WE5SZ1at4Y-zPY__-z4hKrnQ34n7pMz_XVHqe2ht8hdsS2_361zrFminA4UTQs/a3uOyGQykccUn3Z5zSvQ8AXPOwpLLcGFDrx9k5FmbHk),,
Batch 694 - Agrifund,67521,"July 11, 2024","July 11, 2024","September 12, 2024",,Cycle 5,-613,Agrifund,114,0,114,SKM_28724071611080.pdf (https://v5.airtableusercontent.com/v3/u/53/53/1779120000000/GROdcaPmweKQRJ0ApUvG0Q/VlS_5yajesWKtm7Q8oHdm6Buq9JTJVw5ObgRkKYT0wmCDfTdHlsvvyN0VkdVijurnlzkwZGTfAqHDprqnCE4TnAFtu7cbspJqjzG_189ggW1rUojCfXoV1Saz06jXo1PWp9vuAoeeaSTk9uOo-emEXziLzBXjYZGA22NHyfsNuY/cucnV3G0gdHqhlvnCzOf5LwcYGHtMdqdRP9NKG3E8D4),Payment Confirmation-38.pdf (https://v5.airtableusercontent.com/v3/u/53/53/1779120000000/wBnoPwLP6YiTfc2GstXRZQ/JKGrXEcq2rA9MGAKLIUvoRBw-AdyLLcZqR92OxCEq_-OWWgQTwJV7yERTtyx50RN-t-CPIi6h_iZtGWR5_GRJsEpLqgM2vX77go9VToxuw650BftE_cE55TImCQVof03WVEL4-gPp-0NuocyT3oOsX7IipVnQrKOi3K0mEFy1P0Zt7udAWPVEAQ0fH-k0daM/rdN9JFoqMrQXU2dxchh_ROB1e_QIqqGRLHZS-0voecg),R7492.3832,R854131.69,Processed & Paid,"53088,53088,53088,53088,53088,53088,53088,53088,53088,53088,53088,53088,53088,53088,53088,53088,53088,53088,53088,53088,53088,53088,53088,53088,53088,53088,53088,53088,53088,53088,53088,53088,53088,53088,53088,53088,53088,53088,53088,53088,53088,53088,53088,53088,53088,53088,53088,53088,53088,53088,53088,53088,53088,53088,53088,53088,53088,53088,53088,53088,53088,53088,53088,53088,53088,53088,53088,53088,53088,53088,53088,53088,53088,53088,53088,53088,53088,53088,53088,53088,53088,53088,53088,53088,53088,53088,53088,53088,53088,53088,53088,53088,53088,53088,53088,53088,53088,53088,53088,53088,53088,53088,53088,53088,53088,53088,53088,53088,53088,53088,53088,53088,53088,53088",R959084.07,R0.00,232,2/28/2025,114,R882631.69,R7742.3832,Sold,"Invoice INV-0033-4.pdf (https://v5.airtableusercontent.com/v3/u/53/53/1779120000000/xn8q7GJ_rfbJBd-i9gALlg/1ZH5eX2LyzDPwGwl49vslSychFNsiaOP9JxJFnqv9BA5L1Bn6cJLtaps6Qy-bGucFb-GDGcaKVZh1GERZ1lZoTagO1wo98xhU9R-MUOqkGQXN9lFq6MmNekaYGyRUN03n6EGk9rQE1HJEqyb5lkHoHAL54aamEzYG55HC9aafUI/8Ffr9FVZJw4UjOR8Rb7FBzsg3FBHFxzC_kCN36RSuUk),Invoice INV-0034-4.pdf (https://v5.airtableusercontent.com/v3/u/53/53/1779120000000/FbaXfWSXFoYk12jbojMNBQ/ynCI6kWJxgMLOytkBUSV6mSuLr59y1WhIqM5WlkPejaOtMOWlDIpA5aGbZtz46SfMc4jIGKaK_byv-18rGRElTqp1l0tC25Z05j8gS2M1yVjI8PKMNrFOr9IYBw_UNUca2PRq_Zg0Dh_6XuLQnKwg_c_NRZb5KmSsQJK1K6XHMY/i3OLLsnJPXWDQ7Z_vRLwaQsBjtUpcDPrJ1Bgyb8lbaY),Invoice INV-0035.pdf (https://v5.airtableusercontent.com/v3/u/53/53/1779120000000/MoSLLLevJn7iiXesRXyN7A/1wtqok5y21S9BsNdbA-TAxRqQUNW0749pbJcFExFGOU5h6pQ2eVWMAP4NyAVez6BOzAeY06xdPczMstc2QT0OijVbf1OVS4kkKY9E1Rui7xVTl_lLlqTWMMdwa-BZ9QDTK51cF1e0AhEXdBi5sAA-9jpZNFMQ0ejvk4ifzMXgBU/RiBX22_OEca4pt2Ryrw8pDO4rNmY3WEPFz5u9IcvBPg)",3.34%,0,R0.00,"RECALCULATION AGRIFUND.pdf (https://v5.airtableusercontent.com/v3/u/53/53/1779120000000/7-evMpUj8qiwzsl_e65wzA/DXMifHq4dRwP-FyjfQcqG4uXw71ZRlK06QW4lqp_xD4941QcbAnmlaRM1LHSpZN3fIGsdUG8JuugZtJRhG0l47bn6zvLQJqdXDh5Bk5cn_fl-qKcSZrWCJJ3WJkXdjq4yPgU9JCgmqWcWTkKFZiOIc6fKjjNsIqdDR7XZZiRpaQ/WUh0iegCsZnzvn-cYh_jLKw4PW2vWP5JqulnSY8RWxY),AGRIFUND-3.pdf (https://v5.airtableusercontent.com/v3/u/53/53/1779120000000/H8rXrczg0xLEfkRsFvgy7w/CHKII2RTBrlArASfBOBmPzCBfOWpU1dg-21xDe8ReaiPlLl98UExKxF6mbAf8h8MGJIfWty_DWsziY7QnXJGiiUCf1XvvkSoP8J0O5Zw3rQAJCAdh1A4OZ99DLxPWm5g1ZYg3O6HP8TyuzN3zZVSiQtAehIVKcYNb2LtQhq6E90/gQBSlkMXlisxQhscPLD1U32YtWX0oaqL0ChqDFN30zc),AGRIFUND CALCULATION.pdf (https://v5.airtableusercontent.com/v3/u/53/53/1779120000000/2PvkB5pM-FSedPZ8KlG7pQ/lN0GmIn1HUrUG3LocwX8GRM-Lhz0ltdzdScWFTXfuT0BhSU5OjSH9iJMUjI8xyovoNcdh1WXtYts8NPc4OBZelEFAQdoNciRaYEgUOIjW7VD5a3rMsC56L-DHmxogf8FGyqYgy4hqebhNc8UvfE1mh_evMB_colQVPsWqYB-BhQ/wj9OwdaxYgqW5HXgf6TyfQE-ueLtICTcOX9mL6EMRGQ)",,
Batch 691 - SVC Farming,67514,"July 12, 2024","July 12, 2024","September 13, 2024",,Cycle 5,-612,SVC Farming,102,2,100,SKM_28724071609070.pdf (https://v5.airtableusercontent.com/v3/u/53/53/1779120000000/8Cr_Q6C8iBKWAPKZLcSzFg/4f_MiIl6k8esB8nQesnTDs2JPz2v90HUe6AtM-7nLdE-N7RRqHB4Wr-bEGBBNJaYoWkgpaSiLYtzOuAlRbMyQ2909QnSzfgNZ7sBILNZJsQVPpy0wlRuVBz1Kv-ri88BsK7XJ8OkjUo12vfhhfJS-KItEM6mt0BvJsTmAxn9Kfw/mkBZVIV5tu0XfhwdPQaa94IZ9V9WfvcZxBW701wIk9o),,R8022.7531,R818320.82,Processed & Paid,"51874,51874,51874,51874,51874,51874,51874,51874,51874,51874,51874,51874,51874,51874,51874,51874,51874,51874,51874,51874,51874,51874,51874,51874,51874,51874,51874,51874,51874,51874,51874,51874,51874,51874,51874,51874,51874,51874,51874,51874,51874,51874,51874,51874,51874,51874,51874,51874,51874,51874,51874,51874,51874,51874,51874,51874,51874,51874,51874,51874,51874,51874,51874,51874,51874,51874,51874,51874,51874,51874,51874,51874,51874,51874,51874,51874,51874,51874,51874,51874,51874,51874,51874,51874,51874,51874,51874,51874,51874,51874,51874,51874,51874,51874,51874,51874,51874,51874,51874,51874,51874,51874",R894820.82,R9639.00,189,1/17/2025,102,R843820.82,R8272.7531,Sold,"Invoice INV-0059-2.pdf (https://v5.airtableusercontent.com/v3/u/53/53/1779120000000/mj5isgG1Zco-i7KTXDi-9A/sUukqzhpPZDpFXhRFLbb8hvPjDmg9aeJlplbCKMTBEWF6G6QpiiMbqPU0HKY5fWsxANcYMI-NDW6GD5EwHZw7h-2H0Gp0lgkE-OtYermJSfkRK1-mw2EhatZ2D165Vv026ubhk-awLC2YEEkKJEUblpDay3AYHVt6V5Z9I8yxoU/Ph6ZrlqifeZdH6sVy410k_5ppuXCMZAkgHdYYT4iv7c),Invoice INV-0060.pdf (https://v5.airtableusercontent.com/v3/u/53/53/1779120000000/mvrOQIPgykAJeqWrX9qiiw/zoSNTONsLJmxeeaYK3WxTb-tOmONfqSO5DFbIHf02zEDKalmz9ZOotXYkWBu3qEtWn5A1cpWiV9tKePxK289Eq7N0rc6mMPOgWOnRLHSwe___9XKVK4MZmSaer-rpJ6uZ59C91xOrflogt_Y2S0eS6Wihnmmf7elasMWyIXMWS8/pdmHlwKR3U0DDhX30b9aCNf4ph3lSYIO12U-JCOBSdU),Invoice INV-0061.pdf (https://v5.airtableusercontent.com/v3/u/53/53/1779120000000/bU22i3XLG1KOVxhW5U4XMQ/IUB5O-IuGPBvdEhad9Eof4D06Z3fCuGZzEnxiwSAjaNg7dlBrALiz-Jh-HKJ6Wsurmezt6OYYR6cPJ1rn0t4TyybHIBJx3JYqBsxtDHcjxDVHk64Snwfe_sCGLtc_YFHrW4O5OIFr0Glp97TqrNJfRFRi-JwFKQeHsVzLPikqsM/zkxqI5-f5-ncDDepi387W6x0lFnXFYQBOyhes7FzwoU)",3.12%,0,R0.00,"SVC FARMING.pdf (https://v5.airtableusercontent.com/v3/u/53/53/1779120000000/k4JeA-gsN-6JmXD-56s4jw/Hj2SjMTdL7pDMDQJucnG8e1by29YufT88n-G4M0TqYFzsNDNsUM2hko4DN1kiHsdV8eV3fd737z-fzV7agPZdej00hHh6sc5Ek_UCmlao9w05giVUwwAjDXTAM6rjL9OMlN6rHsTRQ58KYxzFxDZGhcTxoRWR0zZBzrXEKiURfU/ne8wx1Hs1pM3byngR16FNxLbinw-0e0QCemI7DIWwEs),AGRIFUND & AGRIFUND DOS & SVC FARMING.pdf (https://v5.airtableusercontent.com/v3/u/53/53/1779120000000/b36mPMXq5C8WfdyHsRRtXg/3_KGozv6kYTYyL9DxyGD33DnwsjSaf9d4xSjUPD5aMS2-SobSw43Dr5t0kMtk9puAgoBnivt-jobDdKFbMfXHdUCKdhvSCMtJZfGpTmWqMvfSMkyt3mf9rBUQhXpIWQ0ZQB0aQfRfKwMZQM9mCmfIc4YnpBpqlIJrE9Ty-yDWgHcJGUDpJN6mmioeMj_-27i/ndAuhjQ0OjLv68iMSWsxN6mP6d8zMOlXqKd0MTRyKXo),SVC FARMING-2.pdf (https://v5.airtableusercontent.com/v3/u/53/53/1779120000000/KpObwotz-j-D1pgts9zguQ/9wJvuP1qf1ajDf9BOeEc0Mgotksp8NXrvhys7if_K5ncysTPp9m0j98vVH5EA3dv_Q8fEIMPpYN84kvKZtJZEDxl6UWFXZNEalrgJQ3NPSn8f4W-H_KSs8x0WAxHsk9qHyRemrq2HDawxpFAm5cvz7JrtpIBCCa4Uz3oGHT3_N0/JCWE3ohWl4z3i2OkMfhGPffqFXDvYkUpRPCqBirFB9k)",,
Batch 695 - SVC Cows,67530,"July 12, 2024","July 12, 2024","September 13, 2024",,Cycle 5,-612,SVC Cows,103,1,102,SKM_28724071613390.pdf (https://v5.airtableusercontent.com/v3/u/53/53/1779120000000/ixNYToHPjgzErYQLXkTnYQ/5IhRuiHMsZIjFrhiKVmq3sTEkcdSH2eOdYZAr2vMN2TKJg5iV6wumZ4bvCYKJ1ARyfk4gUB9QlU1XQd6o343Uj8uvn14xI3OTWoVGUS2YCPNn9WiCPHHNU0gkLsrSkq4oid4Rrg90tWfnee3aLr5Tse4rptEdjEEXRe8Qigf5UY/BDZLbkXCHwOudestL0YdyDRimAMQOWpT5CvkKwMwKy0),,R7478.6951,R770305.60,Processed & Paid,"51875,51875,51875,51875,51875,51875,51875,51875,51875,51875,51875,51875,51875,51875,51875,51875,51875,51875,51875,51875,51875,51875,51875,51875,51875,51875,51875,51875,51875,51875,51875,51875,51875,51875,51875,51875,51875,51875,51875,51875,51875,51875,51875,51875,51875,51875,51875,51875,51875,51875,51875,51875,51875,51875,51875,51875,51875,51875,51875,51875,51875,51875,51875,51875,51875,51875,51875,51875,51875,51875,51875,51875,51875,51875,51875,51875,51875,51875,51875,51875,51875,51875,51875,51875,51875,51875,51875,51875,51875,51875,51875,51875,51875,51875,51875,51875,51875,51875,51875,51875,51875,51875,51875",R857506.60,R6813.45,189,1/17/2025,103,R796055.60,R7728.6951,Sold,Invoice INV-0108.pdf (https://v5.airtableusercontent.com/v3/u/53/53/1779120000000/JbdkITybVspILd2b15nQOQ/Xy2XLonlIdCQBTzDsSkEKi3YJ1_5yYFDijiIG0yj8XE3RehfA1CoMXzMO8HOnJVu4gnxtsa3exivDIBXi11pvGXAr8nBIzpUNQy1iAsc39y9JkduZp1rGqyTuAl-Mqnmu9AF9oErUdLDoh1WjcaM1h_gP8q4XYMsqwRw0LZ21cs/U1G5K_I0AQsHd-DWNr1T497y8JgYmms57PYLETtMhG4),3.34%,0,R0.00,SVC COWS-2.pdf (https://v5.airtableusercontent.com/v3/u/53/53/1779120000000/EzNRFEzDX4D3X7c-DV3CYA/Y3R7JYp6qFau7HWeC2sUFSCZtszt9Cr5io1qbueuIiHzdqxkcPtwCQ3xkCmz6RuqemYOIXyITJi7GbDOto6s7bIsICoTE6j3Dx93iO3XWx_cHDsIuQJmeEubBjOtIi4GiHlLBYdsiXI6gvUC_EU3Kb3pO71iafVlHuts0hM0ZEE/_y9T_UphvKdevBeKTYNNISl6NBZa9J7xoxHYpmE346U),,
Batch 692 - SVC Farming,67516,"July 13, 2024","July 13, 2024","September 14, 2024",,Cycle 5,-611,SVC Farming,95,1,94,SKM_28724071609220.pdf (https://v5.airtableusercontent.com/v3/u/53/53/1779120000000/vwQfekhyuEFNFl0-ZPrpTQ/g_0Cl9xfI3QtfZxGYP84aVZud4FxWO-8L8lHACOPEtZi5FUVUpqYcUq2V2Ta4EYNJ7Il-LtPvbMw5rNFjLqBkEHzj-dnBb9qLdZQnCa7TrsuC5aRsWhi2sISDd5sFUEuHL3QAy1BV8Bg2MFvnlYvxQydurhelmEkwAPKRljlK70/dfdltH7nbMtkg5JWoPAlZk07irKq5qiBfGF7722uEN4),,R7089.5697,R673509.12,Processed & Paid,"51876,51876,51876,51876,51876,51876,51876,51876,51876,51876,51876,51876,51876,51876,51876,51876,51876,51876,51876,51876,51876,51876,51876,51876,51876,51876,51876,51876,51876,51876,51876,51876,51876,51876,51876,51876,51876,51876,51876,51876,51876,51876,51876,51876,51876,51876,51876,51876,51876,51876,51876,51876,51876,51876,51876,51876,51876,51876,51876,51876,51876,51876,51876,51876,51876,51876,51876,51876,51876,51876,51876,51876,51876,51876,51876,51876,51876,51876,51876,51876,51876,51876,51876,51876,51876,51876,51876,51876,51876,51876,51876,51876,51876,51876,51876",R746644.04,R9215.00,194,1/23/2025,95,R697259.12,R7339.5697,Sold,Invoice INV-0061.pdf (https://v5.airtableusercontent.com/v3/u/53/53/1779120000000/hv4QttTlBBzsmps70MBNDg/O06xhk1nK6WYfU5BeEhBxejnXTx2Tfjo6YxGBL1p4d048kgAkFfElKKqPrpIfzi1xPq1HJqX8ZfHO0P35y3CAUsyQNV0kSkFOV-Qzfmkh_k7az_YN7VNsfSf2N2oYMve_8PXbIJ_faKeZxvdlRmDVp7h49ydhHa7AKo9BsMNO70/nPEHtZUrVf_xs1w_i5nrlTfztI7w2XV8fzLoHTWerZo),3.53%,0,R0.00,"SVC FARMING-2.pdf (https://v5.airtableusercontent.com/v3/u/53/53/1779120000000/o9vTU11ke7zTcDBWIGUjtg/R7OTNgDK3qlHFGlbChHCpPhyXouneXpb9TePYYckEwVPSjiEttohVKQLLyHvCMm_vAxMzImJzr-fXaEK0Y5dewxpYAH_KqYmY_dU8Ru5bAeg4IHiLHhyDBFOhmJzWfMSV_SMrg67XeEsjI59eYDurQw0P5n7boEgUomrP9oVnCM/RfLwG6MOhpkYvuAGzBhAdaSGNCssxgUKgUFHBD0HYbA),SVC FARMING-3.pdf (https://v5.airtableusercontent.com/v3/u/53/53/1779120000000/nVNN-OSWZeUavlSpaCVu_g/Bpc80OHlJTHKFoGfjjW2WWYXFiFA3j2mgbdYRJ1byXk9ClOBGIjVUHv3At6tibLzw-ArrhsaBpVoMFBKtCi2vXd4u9wNz-SEWGfMK3CIeVE7eNHHp-0KmF6h475C7GQhsdD9HHHhShYCjjmxyJtYQY0YiwqyCvBNnP-RRFFfYCw/f3mcpZLW6TRkgy8Wj550P-m0nybHj_6jTytzk4tidck)",,
Batch 696 - AgriFund Dios,67531,"July 13, 2024","July 13, 2024","September 14, 2024",,Cycle 5,-611,AgriFund Dios,105,1,104,SKM_28724071613430.pdf (https://v5.airtableusercontent.com/v3/u/53/53/1779120000000/DJZTFvN5WxqurYLRe6uRkg/wSTfCNsfz3B1_Jo6XtipRofBdrZQre8lX86hGtud-pRxdkUXv8Qng8kLZYCSo5PFmqzO0H999wXmD2tRmFCTlsgi8wa4CTaWElhb-QBJ995hXSbkB4MaxTR7eNZGWYXQFmJR_Oc2s2zJ7NCukXgAbwAfullgZJilBV80eCfGDFg/mT7a_1QgRQDKgsmTR2SlY-RJvBoZzPFuzqn6Du4pNFU),Payment Confirmation-42.pdf (https://v5.airtableusercontent.com/v3/u/53/53/1779120000000/Jbo8a-myRJOKXtiyRvKyGw/u61aass7tgB8yzGnQkB2bWKeUjBtx18AEHOQzwpsHWUvcZU5WU3-BX120-x9xiDZ0AynKr1-Dp_emCTIqPvoATk6lHKIAwiAg8EnqMtM8ZlGcYFOC7KAGVSkvLckA0gzfENzvEWudru8MGA8G-yIM9QngtuSbs1nFc-e4RD6teyI2-B7vPwjrx1e_9iV5RMz/kPGMo_rf-Eq6H735VfSzk-4uWV4h0BpbOidYHYoGsps),R7323.5526,R768973.02,Processed & Paid,"51877,51877,51877,51877,51877,51877,51877,51877,51877,51877,51877,51877,51877,51877,51877,51877,51877,51877,51877,51877,51877,51877,51877,51877,51877,51877,51877,51877,51877,51877,51877,51877,51877,51877,51877,51877,51877,51877,51877,51877,51877,51877,51877,51877,51877,51877,51877,51877,51877,51877,51877,51877,51877,51877,51877,51877,51877,51877,51877,51877,51877,51877,51877,51877,51877,51877,51877,51877,51877,51877,51877,51877,51877,51877,51877,51877,51877,51877,51877,51877,51877,51877,51877,51877,51877,51877,51877,51877,51877,51877,51877,51877,51877,51877,51877,51877,51877,51877,51877,51877,51877,51877,51877,51877,51877",R825639.69,R0.00,136,11/26/2024,105,R795223.02,R7573.5526,Sold,Invoice INV-0038-4.pdf (https://v5.airtableusercontent.com/v3/u/53/53/1779120000000/YhJkJbNyzZQcpXg7jLgA4w/yc3Speu8PFhivz5BKQt2o299kbz2gR-eXesSSSmqXV6B3trDtgK0m-BIweyJ_p6MhkxgSr9xHLTUTUHpc0iTfCmKC_p8-9PDr1iVSY6N154QmwXJkHi_GBNlz3JioNUd3WVTJf9fWYJNytYsd-KuiNPkyh9GRGidpfhDvNEOEi4/1lviZyqS0WC57UtADjMi_IfOZF-F08qyt15ZlOu11Vw),3.41%,0,R0.00,SKM_28724120210470.pdf (https://v5.airtableusercontent.com/v3/u/53/53/1779120000000/Tn6XTT-4JsF_8YibIaCCxw/JvKnSbgQo0jm592onX65GQdlmALe1d1h0_WeX2hIYCTjiFGUoGoGW13VC7JMCL0fBqrGlEsOHEmD1lQtDvu0i0-CrALFLuMqVExy84a9aWvsILD-RpmFP_sDOkkA4mpmOuw56DLE7wsOCVS881r0vt3mBsaSKuHIpWXadyJu9DQ/7KjijaqwMkrZGINUb_vGwtwS9j21zNEBIC8NMpGo9iU),,
Batch 693 - AgriFund Dios,67517,"July 14, 2024","July 14, 2024","September 15, 2024",,Cycle 5,-610,AgriFund Dios,67,1,66,SKM_28724071609290.pdf (https://v5.airtableusercontent.com/v3/u/53/53/1779120000000/fHu6XUA3gMhdRE3z-8JCcQ/RmI1uPUVftS_wEtlVU13AgdOcHziZyDkPegrBf-jeAVsKzYqSh5hcWFTcDOh7QznbjddLhIXa9bdjtTAkz8K54QMfXZSGNSlP4efSoboApqWDoAdcofvV40FkGH35av4sPoffAouDEqCBC5fdRwgsbg-PAMBADD6PNMoKicQrOI/HJqHmTmUD1cHOhYqgOK9AkCnpNRrhkmYgqlzWjc_px4),Payment Confirmation-40.pdf (https://v5.airtableusercontent.com/v3/u/53/53/1779120000000/4QXFDzO-KR0YOONC6wB59g/5lJ_UPI4D3YQ5R4LyGBVQPgDbEr3SZ9sX4s4O8iH-3rjVqNDOXMFJh7eyPGg2uRrIelwjG-LSObxbizrP5OQhnQrRDlycsPseriD6kzMz5hVA5o63TFqDtGFgrypi2wkxlqOafrwWSwodxK_UhuuTh0ctfWE3pKrAmjs-nhRcLCJzR2DU_MSM9DyD6mhS8gF/gQlLBxyLMusrBwmbcmGYZICFdgEQS7er2vlzYdxtBJg),R7420.7787,R497192.17,Processed & Paid,"51879,51879,51879,51879,51879,51879,51879,51879,51879,51879,51879,51879,51879,51879,51879,51879,51879,51879,51879,51879,51879,51879,51879,51879,51879,51879,51879,51879,51879,51879,51879,51879,51879,51879,51879,51879,51878,51878,51878,51878,51878,51878,51878,51878,51878,51878,51878,51878,51878,51878,51878,51878,51878,51878,51878,51878,51878,51878,51878,51878,51878,51878,51878,51878,51878,51878,51878",R533085.03,R0.00,135,11/26/2024,67,R513942.17,R7670.7787,Sold,Invoice INV-0038-4.pdf (https://v5.airtableusercontent.com/v3/u/53/53/1779120000000/jPk4M_nRUrzOib8kthFt3g/Pv3lq1dR1pE_0gE5YL2WMvKbPno0K1i7gqqNbk0DO3Dxr2P0RGkp-nFpW1kvDkXwLoqkNAO7JOK3sQqxuIpW5dw2DejIQl-0hmjkn3sPuiz1NCPZH7-TXgIN8PaYnQxTm-K_4LclXEi7GX0yDReEsRfEdaUI-ayWXFVgXcawApM/yWpp9P-XkuLQivLUiNd_TlfWSq_I-muHA7P-j6X7to0),3.37%,0,R0.00,SKM_28724120210470.pdf (https://v5.airtableusercontent.com/v3/u/53/53/1779120000000/Am9q8S99iKNR3FZ66Ml5NQ/U5QEHozhMHzNvYDHaGEe2h8YiUCV2goLBt-nIg-gPI_DZyW5hLbgHAMARONsLcXIIYT1j8Y_yHT-g_mUqwmi_EsljrpVfz8BMfhqEu4Ce_-Hm806z3seqJQmZ988ct6JKg4Bfh6mDfusoTh39JuZStrbc_cBH6nPppXqBHJ12eI/QHx7H1TJeEswN32EwTuLkwt4alKpMUXRjojJcxK5nUg),,
Batch 701 - AgriFund Dios,67559,"July 16, 2024","July 16, 2024","September 17, 2024",,Cycle 5,-608,AgriFund Dios,102,3,99,SKM_28724071810510.pdf (https://v5.airtableusercontent.com/v3/u/53/53/1779120000000/xyJmOHJVea4KUZyy4mFMeA/0nBSgT4XNtUJxLXa9y7nACAl9nj8gvizOdjqTG-sj4IZb6a4diEhsR4CynBjPHZtsK3e-TPPfu0Zk-YDJ7o9B2YUuZ_OkAgG7KXLOyWhAel5HihgmsI0RKH_wE2O3x2Tam6RkTkdmzd0a88eBIUFEkunBOWr_-D540piwbb9SbE/abjWvTu_ucPKKaN3ynPojqh-hTmVO0Amx7F4XM7iQ_E),Payment Confirmation-45.pdf (https://v5.airtableusercontent.com/v3/u/53/53/1779120000000/sOfNofBeGM8BNGHi35Zsog/cWdcQn4M60Tv-5vx6P2hggqTuqhld95c2IwLTH_vhjxDS9kZLsMIUU0RFZiuxbhmwf8UxdysJMAvuUMRRwOWcZ4H0KWGyP47A4EqnbWgjZdUSjSJjwO4jlH1Ksz1WbzpLWy7cxADNhQyM6Azw3rWzdGu_SvdxNK736fAeatIkXLCDJChTzaqvBLevtiXWVyA/gzbMP_ROFbIVG6N4fbDGbE6b0oxsyPhh7b1ArgfG5Nw),R6611.3256,R674355.21,Processed & Paid,"51880,51880,51880,51880,51880,51880,51880,51880,51880,51880,51880,51880,51880,51880,51880,51880,51880,51880,51880,51880,51880,51880,51880,51880,51880,51880,51880,51880,51880,51880,51880,51880,51880,51880,51880,51880,51880,51880,51880,51880,51880,51880,51880,51880,51880,51880,51880,51880,51880,51880,51880,51880,51880,51880,51880,51880,51880,51880,51880,51880,51880,51880,51880,51880,51880,51880,51880,51880,51880,51880,51880,51880,51880,51880,51880,51880,51880,51880,51880,51880,51880,51880,51880,51880,51880,51880,51880,51880,51880,51880,51880,51880,51880,51880,51880,51880,51880,51880,51880,51880,51880,51880",R746402.83,R0.00,178,1/10/2025,102,R699855.21,R6861.3256,Sold,"Invoice INV-0042-4.pdf (https://v5.airtableusercontent.com/v3/u/53/53/1779120000000/YCrKEaNHkEKo5LfuhV40Uw/5hHssy47fDWnwP5h5dkDc7YqwCrIksVwPX13oGunvKLr2YvUrk3p53UT3PLACYu8Mmb1qfVbWzBsirrJY56unpEmxx2SUIXT_7R0Htz3NtOA5WAF706bu2IwrlUfXrE7ZOL8lYcwwGbOhvZJczol5raqaOVe96aFFPGexwp1p6k/jrKgQUBTcNNuBG-qwvb4kpfYlKvzrD3oniCt6KqTxD4),Invoice INV-0043-2.pdf (https://v5.airtableusercontent.com/v3/u/53/53/1779120000000/kQxVYhw4MG-_m90OGcT81g/osefGPjhXw8byyNpgx7d57ehHqnQh0wp29Wn6b4XjGd5UKxPcxTcQ54-t5CXTwuw6ubpVA2gACbac61P75Q0i7Cg8rmjeBqd1Qqc_QShr8ps7Io5smkgfBqea1kefDQnnyt9OIwwDyMIYMac3fI_YPlgNqZDFSioMswo4EuyV2o/oAQU0CHXYln7qyefQgr5_oDkBDu6DtIE6RvUlQENiGg)",3.78%,0,R0.00,"2_PDFsam_SVC FARMING & AGRIFUND DOS.pdf (https://v5.airtableusercontent.com/v3/u/53/53/1779120000000/QNs1oQouPCmOY-C_vkdYvA/j7KZO-0EYyeE-wi0xfhiPemXFPqU7hfn2LN-04O89Dk1r46Cmu1TtydDvppXzkOoWd2aQXxxRzmayCkCjH11KMSX5D6yXYyI9l5zfpgCMBZrb9_aDQMYm5bf0GuO4-837AzMNpEvHxlFzqtJR-m5wW55Bf5Yp0Asg-UoPJdIAh0mYXDXtWJpAN93TF51BwXK/NNj4goJUsmNxL9Yb6WKbSEwFaNXsGDcsMWH-saePoXY),AGRIFUND & AGRIFUND DOS & SVC FARMING.pdf (https://v5.airtableusercontent.com/v3/u/53/53/1779120000000/1hBvwhofuJEaUaYecV3T4A/dkGEkUO7WID55OD3E4_UeJgYV9RVBn-FrLW8HvXOuIOs64GrHhjG5lwe5DdDZ3bHNdGn_ZAY_DbU3Yw6cstgQ7bKZxDNyXEqokFQqRaWzPfHw1pXkavbWrP5njlJ80tI3Nz3tzl-RWAzA0XC5NvtDP2T_a4jV2cv9pgt1VGXyxrAUMwpgGBKlzxVZwoCVbrx/hARKz39Dm3OY1bO2LFWkVMcckN1IlAmmeWjtUzgo11M)",,
Batch 702 - AgriFund Dios,67560,"July 16, 2024","July 16, 2024","September 17, 2024",,Cycle 5,-608,AgriFund Dios,171,1,170,SKM_28724071810550.pdf (https://v5.airtableusercontent.com/v3/u/53/53/1779120000000/4ym1Wrf7PxCK7QUoWELPBw/2VnCitH1vvShlnRNITq_3E2lPoOBMdYcWnZDztP3kZOW2l9wQImRGoZ3JB_ddY4Up3d7v13gG_C0wko6tJ0KIM-idwbZWGYk9KBnCr_NMVrj-Cmq5CIjC9oM5iWXu9aMlN09ACMg-NaSqspxjtKS4saIxRrWAKW-7AdL0mH2rAM/J4ILAKCya2vbHEKFjYKCOYo-I0R2-A1mmQRc6XjAdeI),"Payment Confirmation-44.pdf (https://v5.airtableusercontent.com/v3/u/53/53/1779120000000/d64EWDKDd8JOtxHEfsn6ag/9DXQlEY184M-sj80B7Cgl5MHeVyW1n9HH28tXY1NAX4FYzlSgNRdAWKs09C9LG-kXb467l2dPA_hhYRNXCOXgW5rdEW-FaczjsXDrYQ8yJGBmn9FHGVmpo6BwuXf5gXDIgzh5TWBi_DOHZlDwmsjkuEqLBl65KsfxNUHnXia6wSPWgTRD8GAvWDaW7VLvLKz/AVpVKq5G8sijIrMi3JjO_F9oPpatITYvJmYTULIuxvI),Payment Confirmation-46.pdf (https://v5.airtableusercontent.com/v3/u/53/53/1779120000000/DzXXTQ2pD-74GTswQwWQ2w/TlliyobqSnDz_L-9Mz9eRA-VQv1DeUxWxkG3hCC-GxwaRoqQ1AUSiCPkr56_tbJLBMYZzzTq5ffHQEcSxN3_xGIChdlslYOEzh732CWDRGGW5oCBAT9np336aTTglW7zYCcsAWwYM15IvKWhyZi0OjK_Knc8ejRTWsFbmm-AwfcS6xPAjSn9-FoiRCipmqCe/LZL0bPmKwxOPLN--NeaHBOrnAX5yQwgmAg2m9W283WY)",R7743.7857,R1324187.36,Processed & Paid,"51881,51881,51881,51881,51881,51881,51881,51881,51881,51881,51881,51881,51881,51881,51881,51881,51881,51881,51881,51881,51881,51881,51881,51881,51881,51881,51881,51881,51881,51881,51881,51881,51881,51881,51881,51881,51881,51881,51881,51881,51881,51881,51881,51881,51881,51881,51881,51881,51881,51881,51881,51881,51881,51881,51881,51881,51881,51881,51881,51881,51881,51881,51881,51881,51881,51881,51881,51881,51881,51881,51881,51881,51881,51881,51881,51881,51881,51881,51881,51881,51881,51881,51881,51881,51881,51881,51881,51881,51881,51881,51881,51882,51882,51882,51882,51882,51882,51882,51882,51882,51882,51882,51882,51882,51882,51882,51882,51882,51882,51882,51882,51882,51882,51882,51882,51882,51882,51882,51882,51882,51882,51882,51882,51882,51882,51882,51882,51882,51882,51882,51882,51882,51882,51882,51882,51882,51882,51882,51882,51882,51882,51882,51882,51882,51882,51882,51882,51882,51882,51882,51882,51882,51882,51882,51882,51882,51882,51882,51882,51882,51882,51882,51882,51882,51882,51882,51882,51882,51882,51882,51882",R1430044.50,R0.00,156,12/19/2024,171,R1366937.36,R7993.7857,Sold,"Invoice INV-0038-4.pdf (https://v5.airtableusercontent.com/v3/u/53/53/1779120000000/WOVbPpWawqoEbbqP4L0oxg/Z37JBJHI03q3MRymszmq2j50sPPyqtKp9fISg9FMEHp-Ake3L_SQBPZ4iUsCR8CQkdklMy7qKBk106DCZL_yeRCUHEv0C_cl2RZHgS4oZSreV6saC_ULMF0v1wYF1GKXZtrBH6j17BExYy9oe5w7r-z5d3ms9JpI5FeiL3KI4as/sRb4gMIdIQXGlI52RvmoDXe3EqUoKRXz8N6oBvdLEI8),Invoice INV-0039-3.pdf (https://v5.airtableusercontent.com/v3/u/53/53/1779120000000/23G0cN6Q-EIuk5YcSBpluw/CwAEx8Sc3cA5-V5sBr5LdvubDQYJ-oPkW-4TgNHnH95ep9aoxCeCHdoU7iW3AbqrKxnss-O1RResRCVwLl8owwrh6Otvt6cNqUxS91884KvbQ1F7VpnoVjdhK6TrYfY6w2mfW9WaBdoi38j7IaGUqW4Zkn8JngGS6tSa-P7KySQ/F1LwSw1ZMPgXxQ5o5HV2mW1YorcfC1IK14lAyHgDfE0),Invoice INV-0040-3.pdf (https://v5.airtableusercontent.com/v3/u/53/53/1779120000000/H7fNOjEetd0cEgSSScEpLQ/QmOJhYmDkusIKt_cvMjFSChqJw6huiqEO2AGI3g04QAaRBtTIqgAxK-fahYIUllLjYzxU-7UG2d1tCsGsFSkUJyD7b0p4ob732wVCEa9kyvRpYKBt2WxghW-enjXQR053qshoA3uRZwupYi5vsxK7HdC59stGvGcfOieTy_kHXg/398zXBfU8aTHWKfHCE_LtYrGSPIu1z4Ar1tf8pErLyU)",3.23%,0,R0.00,"SKM_28724120210470.pdf (https://v5.airtableusercontent.com/v3/u/53/53/1779120000000/bd4JzhBf2k84TDlMFmhQSg/uPWZ_7sfB3ZJUIb73mrEryo-sr9Q8O1Gz6zAZ4lzw1jkMYCSeYrAt0iR3UlCn6PoB_iQCzUEbJyWE1fB8aUPi_n3JoHvX7eAklvLCthpOLCz_WZ77093btmXGz8rSsPKjQVI_eVh2gg8Xnzhg1PKE1sDqOgZhOaIYZ_0WulOtTk/oIGfC7BKIXhstAekrnTtHali40hgfr4EPkFtxPr4nVA),3_PDFsam_SKM_28724120611240.pdf (https://v5.airtableusercontent.com/v3/u/53/53/1779120000000/40diJP9EJOdrV0OA_jSvjQ/gDu9VGfuSW19qWtbrerNEEVjIWknH57nJJ6pZf5QDeS_N115TdZ6Betu0JLwlN5TSikvbDU5tZ5S1oTEg66zOw7CtLlZ3-gSeENylNQeB_oaBx2phQi-z0Hw15r8XA7E7mPf99wIkNqsS5Vet4Nql-dpL9LiiuIee3VfrBee4pT26GvzMFkTXWIWoQ4o2k_x/dCHnJhpkXoWN1JVEJ7kILoyS8RlxGs-gVApO3uxSAz8),SKM_28724122315340.pdf (https://v5.airtableusercontent.com/v3/u/53/53/1779120000000/aXJPshwAGKzJQzxcAiz4_w/FQ-MW3dxnsvmNdDdGX4ygV4TUO2BufGeyCZJW44vaRwqteWY8_-jVng2fePkB6GnuGpderh60EETN4qNEYU-kjQLcsx-DR-rW-15y8NqxVI77zIBXi8uLcsVxPSt17UQOlY0-vkuz_8iMbOVrG8czKnDP8rL_YcN-DQY5UzmeE8/ccSVGJS_jINvjUr_RMVZPXLNtqxK7GxcQWdJpyuWhh0)",,
Batch 704 - SVC Cows,67562,"July 17, 2024","July 17, 2024","September 18, 2024",,Cycle 5,-607,SVC Cows,124,0,124,SKM_28724071811000.pdf (https://v5.airtableusercontent.com/v3/u/53/53/1779120000000/lrIbBS9ABwLJv3KZ7ZonmQ/0onp9nQu_8DP8P6lfcQjkN1-nmkLYvg9ZY4VGHKOTH7RBIv1bqCyQzLkU1z3fkGMpvBEjP3MbZ31Lf4dcEiPx5EzysZTAlbnOUPk8Bc0qAOSAu9FyI0cSWtR3x7DaCbKeffbOxObzDE4OsbEAZ0om2RVQFQFpiTRQMXrVz-LSxA/GPtE8Y5SCuOQdOuHGFwETTY2uhuLZwVWx8kExRBwmNg),,R7174.6597,R889657.80,Processed & Paid,"53094,53094,53094,53094,53094,53094,53094,53094,53094,53094,53094,53094,53094,53094,53094,53094,53094,53094,53094,53094,53094,53094,53094,53094,53094,53094,53094,53094,53094,53094,53094,53094,53094,53094,53094,53094,53094,53094,53094,53094,53094,53094,53094,53094,53094,53094,53094,53094,53094,53094,53094,53094,53094,53094,53094,53094,53094,53094,53094,53094,53094,53094,53094,53094,53094,53094,53094,53094,53094,53094,53094,53094,53094,53094,53094,53094,53094,53094,53094,53094,53094,53094,53094,53094,53094,53094,53094,53094,53094,53094,53094,53094,53094,53094,53094,53094,53094,53094,53094,53094,53094,53094,53094,53094,53094,53094,53094,53094,53094,53094,53094,53094,53094,53094,53094,53094,53094,53094,53094,53094,53094,53094,53094,53094",R987705.50,R7985.60,184,1/17/2025,124,R920657.80,R7424.6597,Sold,Invoice INV-0108.pdf (https://v5.airtableusercontent.com/v3/u/53/53/1779120000000/JbdkITybVspILd2b15nQOQ/Xy2XLonlIdCQBTzDsSkEKi3YJ1_5yYFDijiIG0yj8XE3RehfA1CoMXzMO8HOnJVu4gnxtsa3exivDIBXi11pvGXAr8nBIzpUNQy1iAsc39y9JkduZp1rGqyTuAl-Mqnmu9AF9oErUdLDoh1WjcaM1h_gP8q4XYMsqwRw0LZ21cs/U1G5K_I0AQsHd-DWNr1T497y8JgYmms57PYLETtMhG4),3.48%,0,R0.00,SVC COWS-2.pdf (https://v5.airtableusercontent.com/v3/u/53/53/1779120000000/qaAT4Vx2JE5EXdpbNyH_GQ/EVoYct7XUzKmb2qpkF5mjhu96D715zipZelFfFdxhNdq0JF_QKJsnB8apr4JXpi90MTH6oQTiwGIh2Tl5OWPcC8Byus75jBMkIhdgue5DI5LA-_0OrSAKKIq4dloel-8-vYE92DpmL03JBSCF7SF62ntnmQ2Hq0g8ByRyGtMZA0/ZEjGzRtE8IPQjK8I1v_EPbrEKxOLwEcfMNtE3fRXKZs),,
Batch 705 - AgriFund Dios,67597,"July 18, 2024","July 18, 2024","September 19, 2024",,Cycle 5,-606,AgriFund Dios,97,0,97,SKM_28724071909280.pdf (https://v5.airtableusercontent.com/v3/u/53/53/1779120000000/09eV8RJKLHJyzX8gljsagw/hWqpQvhOITpO7Xy-UPdKCxEY0fv_PM0tfKCUHnD1SpaTnvlpDLUyAUifF52FYut6QhuFv4EBGy5-XfxTHvjKMo8Zm4Mcm7QRnUMm_YXJV6DNqFK9l4aA-SWzQVRcqVDOqsiodupQ32EvOf2TjPoS63N00G_WnmbPWKNR9kQzr-Q/aJzuAXtK2QhmtiqmV9oaH2wz3yqWUsUUmISSewq88lU),Payment Confirmation-43.pdf (https://v5.airtableusercontent.com/v3/u/53/53/1779120000000/ovbGWVvdJAb9osSHYII1iA/J51Vxtg0b2l2o9qjTlnidh8AStfTDWVsZDgMEcVPt2_FL3SeFbsZeRglmtpONRWiYiwFd8gFsIYURm7DX9ZHaEsJ_gfY6QM4IbQpdMtZBLOizaKC110eMxhlRzWBv_OGCIt845uGeRk8Yly-zmwyZ-B8yDxEpdrBXz_ebZnylSi7huudY2ou4LqHxMsCubhK/HmEonofIeJDM8Lpmu3tvyf0uVCrs-yWPWV6YXm2KsMU),R7275.0601,R705680.83,Processed & Paid,"51883,51883,51883,51883,51883,51883,51883,51883,51883,51883,51883,51883,51883,51883,51883,51883,51883,51883,51883,51883,51883,51883,51883,51883,51883,51883,51883,51883,51883,51883,51883,51883,51883,51883,51883,51883,51883,51883,51883,51883,51883,51883,51883,51883,51883,51883,51883,51883,51883,51883,51883,51883,51883,51883,51883,51883,51883,51883,51883,51883,51883,51883,51883,51883,51883,51883,51883,51883,51883,51883,51883,51883,51883,51883,51883,51883,51883,51883,51883,51883,51883,51883,51883,51883,51883,51883,51883,51883,51883,51883,51883,51883,51883,51883,51883,51883,51883",R778045.91,R0.00,188,1/22/2025,97,R729930.83,R7525.0601,Sold,"Invoice INV-0043-2.pdf (https://v5.airtableusercontent.com/v3/u/53/53/1779120000000/mPRiL5rHdg5G-33tFLyoVA/2hNJm-nF1R1tkV2uy3_ZBwtWmC8Btl45fHgtR6P-TLpmGbYyKOJ42p_I8oxyi7XyPIxVt115Y1LmivJl6fNWToxQcjFPJ-ksgNcJo9be7qVbTOoy5-trnEwaGKipaa7NBTO9E2elENc-vA556lYHwTWraxReJsWbNlBDXpETtjI/ar8_YOc2QoX2kzqqJT7AvS-I7pCY0q4O5UEd0pD_KW4),Invoice INV-0044-4.pdf (https://v5.airtableusercontent.com/v3/u/53/53/1779120000000/xvOU8sDrkblPuOQJtVKV2A/BtdpxkPqCmt1dj58g76VAQ9OfdX5Jqv3aPsaeHf0pxyN3Z9I89aXAzWF5aPicbQJoV8dWqP76jJJIy17QKBizxTc2RSjg3sQgvJHbI0e1DAroF0CFi2mE6G4cOcY1hRlu81ntXeOIN6MuDQqIpE5WYqabAkYaiIwjCj4EJcYFxg/RTsDRDI_ACdAy-Ij_XGfiTq1HXfa8MHcCbcCPO2laM8),Invoice INV-0045-2.pdf (https://v5.airtableusercontent.com/v3/u/53/53/1779120000000/QpQ5vHswkJh5D_DIUCmyVg/QLP2y7Ohh3ksAF8ViTc923IYBcWzTupsIPZw2UG8EU9lUArX13dO9SqzelPRq6wn-5i3YpRcVG9AvypFWdEcQlGiqJSS2nNWP0J8WVWIyNxwgWNAKrOtq_YcgORYzwOJdLxbovz4A4Jg65mf2xn9bcl-u4cEx5MqLy8FH3xyYt4/wb5HCg7DUnj7hXuiWtQZJFVTGCyZHTWLiu1ZhiUQcVA)",3.44%,0,R0.00,"AGRIFUND & AGRIFUND DOS & SVC FARMING.pdf (https://v5.airtableusercontent.com/v3/u/53/53/1779120000000/YIgUG650XbsSocOT3Mu1ew/l-prqHdlqM2iYf5D4eQdJrTOm8zZGiG8QGdX49WW1ZZR3X5douiq0LVJvkuqHT_gxmKtK5X5oyZE0EkDMML1x9i5OH850ucdYLFCKPnf4K7zrh3UBatJvP293Zlb-eDzl7BsfYyYJtQ5pbAlPGIpDnU0deLnxRqqJL07Y4Jxa5-mWAJw7b3AugoV0aRLQRuq/_NIwkABZHhhuOpz4fYAxD3Y8F3SWd8HBh7XQwekYE00),AGRIFUND DOS-3.pdf (https://v5.airtableusercontent.com/v3/u/53/53/1779120000000/iVTrMt5JzUhIA1ME3RmIWw/N8ttDDP6AvDvKBbW18sOaXMLFNPBuifygS9eMkGV7zrHFgnqBmH_4liUj--ixGm6jY30U9GieKBT3spBAkYf0nVaJvv7do-7P3Xmj0RqVfVCQgdRGhVCtzEnDARyBZRVCDavk5doqWh_Wfplbe6P8JBWxBZkjmc4RX8mJlLGt38/lhJX5Xb_KuCuV7ks5ZkRcygFOdCjKabFlfpDf2PHslU),AGRIFUND DOS-4.pdf (https://v5.airtableusercontent.com/v3/u/53/53/1779120000000/3p82AWh9lKadsxwqDFiihA/mrRKEeyYqjFJC_WP4hrs1tuTH4zy7o5dkCZEWKJ8NUUL-hrHZpxbddoaOSdwSPI0M9lTNjVQV_kZS5AB-zEd-U_SCwU6XWALB7hnw3HMRxO9N5_UCcFuMu907mQNbfSsLk9fxSmxDD2tBq3zLgsOPOoTvDRHvtP1ydpQfrzG40o/drJVN6pkKXiXba9JFoW-ImiZ7B5MUvZtOCAYb9IWJ3s)",,
Batch 707 - AgriFund Dios,67598,"July 18, 2024","July 18, 2024","September 19, 2024",,Cycle 5,-606,AgriFund Dios,101,1,100,SKM_28724071909281.pdf (https://v5.airtableusercontent.com/v3/u/53/53/1779120000000/OjsY1TyFr2-GTcP7O5P6iQ/TYpAOhGRzfNvi96-KYUxyq_6-Jq7g4o9mHeqIqtehMs5Og6oeJNkTwhlNJ-X6P3LT4DUv9tp5Z_OAhvql-2Q2T8yvHEGwDpGXmgRvIbM5XHnXZlgpeApPav9mhX7oszJQxiTXWiYqXb7r4p4AeBJ4S9ke6rOZMI4kxwY765jZgA/672Fa3A429zyit79PgVd_y4AzhBxtEj5n1LI7Bruks4),Payment Confirmation-49.pdf (https://v5.airtableusercontent.com/v3/u/53/53/1779120000000/rdrX9MTrFxupiYNJp8SerA/LJnmXLgg9IYLrKsGHZygAUJxeOPyZJng4h2bYEaC5FTj2H99pJsQvD15TntgHPy_5KSwR4rHV8sRwSRREQJn7TgdsgfbZQeJV06unixE0n1q_E2u64ofsHhKZPSVNQFIbj4dMwgld9hEBUuDw2XhxRWRwc73mfSG5QLiJxSlIFBWbeAnghxtXjAJ2jJOvP9P/MLYbSgBCg-0ZpAQZ9Kwq8ONvI6hG1OtZ5iuaEKxS26A),R7676.7450,R775351.25,Processed & Paid,"51884,51884,51884,51884,51884,51884,51884,51884,51884,51884,51884,51884,51884,51884,51884,51884,51884,51884,51884,51884,51884,51884,51884,51884,51884,51884,51884,51884,51884,51884,51884,51884,51884,51884,51884,51884,51884,51884,51884,51884,51884,51884,51884,51884,51884,51884,51884,51884,51884,51884,51884,51884,51884,51884,51884,51884,51884,51884,51884,51884,51884,51884,51884,51884,51884,51884,51884,51884,51884,51884,51884,51884,51884,51884,51884,51884,51884,51884,51884,51884,51884,51884,51884,51884,51884,51884,51884,51884,51884,51884,51884,51884,51884,51884,51884,51884,51884,51884,51884,51884,51884",R853906.81,R0.00,196,1/30/2025,101,R800601.25,R7926.7450,Sold,"Invoice INV-0045-2.pdf (https://v5.airtableusercontent.com/v3/u/53/53/1779120000000/tGqYvgkTeGfBM89bDZhqFA/BZLsn8vlLRQ-9je4Li-fW3nBzbpwbgpskihBvExD__DcPSVLt4TEvuZilQYFoAsfbOHEVXVmgzcchfxmUtU9br641CKqdL3wyB5WZDMEd6oplumw2XXSmLIv6VdyYkK5kU-Or-D5sOS1QKGpsQMpOVBzT5hyDij4NLv1J-haw_Q/HeHMdI6YWxT17lfTSPlOk38w8zcZx8ZMcVM9SBP8g10),Invoice INV-0046-2.pdf (https://v5.airtableusercontent.com/v3/u/53/53/1779120000000/bteHv_lkE2leqJjFGhXBiA/ox9Hxx8im5gIjglBzr8a-zenoN8uXqgfehnoAiYbJc8TTkRZe8bRsCyzPwjj1O5NLD7GA_VYY2dFvcK1CtqBDvuEzZdyneIrP09Zgv4ab6ij3p_kMr-Spl--0rH4MAt6lkQ8z6tm16Fg0ohOJGb5tlbAzk425XSOVRPr6dWtJ_4/mOQ6HsrTgkpBDCp4c3jM-q0L9eY4uWHvFrHQDQUG8eA)",3.26%,0,R0.00,"AGRIFUND DOS-4.pdf (https://v5.airtableusercontent.com/v3/u/53/53/1779120000000/aCuAfeHSDzUOX2IpBX3vPQ/W9s0U9tITHnx41aPjU7RmZT5FJW4eDhEvQnQi-2S9pX_NC1W2MbX--1J1QMBSkGSoJ5hD-mpLTGU3ja1c3EoWQZcXg3QBMIFlDbNBCXz474l0rH1jBeKfGBda62nXr1S-qyxO57jh5tMSBcs54bg04YmkE-CyuIApGE1kM46_tU/g8X9uwiMYEBM4dr_Uo_rVX5B3f7JIdgSXFRqE47g-jo),AGRIFUND DOS.pdf (https://v5.airtableusercontent.com/v3/u/53/53/1779120000000/Xy0CLqkpNYsjLEHMsfeOwQ/njHpvuHX9OA-c13nphSQAlXs4b8ZzDDpk2Ei2Mgqmp9M8y_mZrTbRt_wlz2j7KtKOQQBy_VzZeWRoSpIoo_xo0nB8gmseWVSSNGEHUn4j65lqKkjZQP0aWke-kvBOmKo2B5von1AZKuu015NwOKykMe8ozU0QtfhPcyJnMf2jVE/GBlfsWb4TiVTE9KvmiF_fN7T7vWSWsfEl9OroA7RH68)",,
Batch 711 - SVC Cows,67630,"July 18, 2024","July 18, 2024","September 19, 2024",,Cycle 5,-606,SVC Cows,44,0,44,SKM_28724072309290.pdf (https://v5.airtableusercontent.com/v3/u/53/53/1779120000000/LyMBNxdwKRoKd4gjqOdDOQ/Ma4kxTc0cSCACXU_AyDe8uG-VvuOIYIuocsKyq-wyFaPtoMB2gVURrF7qDC5LtKR7Jbc-GDF1YiRQD5OYz-G4YL1FZsFFMYOmC4zbUkNJB-RlIbv07sGdWavDa4OOjZ-VDKSJ67NVy5Ku_QXY-vWI50WneTqaJ7cPgwyaWWBQxE/PDWN5I3xtNofnoH0Y0euGVqC_MfyTNP8P8bYxKsyRbk),,R6240.0000,R274560.00,Processed & Paid,"51885,51885,51885,51885,51885,51885,51885,51885,51885,51885,51885,51885,51885,51885,51885,51885,51885,51885,51885,51885,51885,51885,51885,51885,51885,51885,51885,51885,51885,51885,51885,51885,51885,51885,51885,51885,51885,51885,51885,51885,51885,51885,51885,51885",R304654.35,R2818.20,183,1/17/2025,44,R285560.00,R6490.0000,Sold,Invoice INV-0108.pdf (https://v5.airtableusercontent.com/v3/u/53/53/1779120000000/JbdkITybVspILd2b15nQOQ/Xy2XLonlIdCQBTzDsSkEKi3YJ1_5yYFDijiIG0yj8XE3RehfA1CoMXzMO8HOnJVu4gnxtsa3exivDIBXi11pvGXAr8nBIzpUNQy1iAsc39y9JkduZp1rGqyTuAl-Mqnmu9AF9oErUdLDoh1WjcaM1h_gP8q4XYMsqwRw0LZ21cs/U1G5K_I0AQsHd-DWNr1T497y8JgYmms57PYLETtMhG4),4.01%,0,R0.00,SVC COWS-2.pdf (https://v5.airtableusercontent.com/v3/u/53/53/1779120000000/SGgZiG7D8_je8TnmhUyQmg/pgcoYrzfTg6Gg_tylOdlbrP3gzksxq9HMcqvcOi5ADH-_t9uAkCOJ79U3TFMl8sReL-9oTUnlBm6D-X-hCaHh_cQw_HgARpGyHS-ouM-RvQ07qtXEs0r1l8olijp6r3mtTw1FkG4Reyn6YVNccolTh8x4bTSnGtV3tVndSL29Sg/8oa27otKIJJMjkZEQvIxXSKxaJ3CMrxKHgrqrxEsL4Q),,
Batch 708 - SVC Cows,67611,"July 19, 2024","July 19, 2024","September 20, 2024",,Cycle 5,-605,SVC Cows,100,2,98,SKM_28724072209370.pdf (https://v5.airtableusercontent.com/v3/u/53/53/1779120000000/XghWpkx6vmB6iXcmd5X0Ww/rKEz_bJ5Siv16jgLLKmwH9uZxpS65Xn1fmm0qrmjIAVzh11Y-d01iIgPHAxg_sA6dxcxXaUWLRnd2hg9TKhnT2xGPkjJ_1IENSwF643NEfqpuIBY0zSmYrumUIL2KMJq6fg2KuMyU4LrI9__p8txFMD9lrC-6fHYP-WNQBQjzP4/e0gSsgmd_A9Lt0Utic1W_iwc_oBLXB48yECn7aZi1jI),,R7497.7560,R749775.60,Processed & Paid,"51886,51886,51886,51886,51886,51886,51886,51886,51886,51886,51886,51886,51886,51886,51886,51886,51886,51886,51886,51886,51886,51886,51886,51886,51886,51886,51886,51886,51886,51886,51886,51886,51886,51886,51886,51886,51886,51886,51886,51886,51886,51886,51886,51886,51886,51886,51886,51886,51886,51886,51886,51886,51886,51886,51886,51886,51886,51886,51886,51886,51886,51886,51886,51886,51886,51886,51886,51886,51886,51886,51886,51886,51886,51886,51886,51886,51886,51886,51886,51886,51886,51886,51886,51886,51886,51886,51886,51886,51886,51886,51886,51886,51886,51886,51886,51886,51886,51886,51886,51886",R831508.95,R6370.00,182,1/17/2025,100,R774775.60,R7747.7560,Sold,Invoice INV-0108.pdf (https://v5.airtableusercontent.com/v3/u/53/53/1779120000000/JbdkITybVspILd2b15nQOQ/Xy2XLonlIdCQBTzDsSkEKi3YJ1_5yYFDijiIG0yj8XE3RehfA1CoMXzMO8HOnJVu4gnxtsa3exivDIBXi11pvGXAr8nBIzpUNQy1iAsc39y9JkduZp1rGqyTuAl-Mqnmu9AF9oErUdLDoh1WjcaM1h_gP8q4XYMsqwRw0LZ21cs/U1G5K_I0AQsHd-DWNr1T497y8JgYmms57PYLETtMhG4),3.33%,0,R0.00,SVC COWS-2.pdf (https://v5.airtableusercontent.com/v3/u/53/53/1779120000000/xOQZT6R4Ba_hMdv0ne26Kg/N47jG94WjExzJ2B876k7hLk0VMYNWE2EMCs-qCbqodeYAwZaMhkJke6Ki7_ae3Cz8d86JbCbJjTbL7q0T1OTY1RCWB_Urs9MOfMCYM0vJTIwsAyLAEYvQ_YQh8kdFXMcTXRhRKB0180Q4vXMoj0Sn1xBpLkjphwyHqA9Hg18p0c/TRoKGb7NeG4cUJ4p31vsweLFkS5VFqNbSoSwxNK_8Js),,
Batch 709 - AgriFund Dios,67612,"July 19, 2024","July 19, 2024","September 20, 2024",,Cycle 5,-605,AgriFund Dios,102,0,102,SKM_28724072209460.pdf (https://v5.airtableusercontent.com/v3/u/53/53/1779120000000/14WhrG8vpsREbxhh4bsC4g/wJmgpsRDD24Z0pI4hDA6JDNpmwhtQ_fJetlZh2QUw0Arrl9U9laaHi7dsQzFJTmg62jbxJUHZtjGgonhvBCqjJ5pqkAedBQpGRYefTUC5RsaumA6OggeOcHDbL8N7etpZEOUcDo3P2zfRcvv7ZLsqXDUdriIxzMgGqhAVlBMs9I/IcOBHhdWf8ENA5UblmeBBeI1akCLp0x2s_UKVoXtQHQ),Payment Confirmation-47.pdf (https://v5.airtableusercontent.com/v3/u/53/53/1779120000000/dBp3SYirBzLtPmoTjlltKQ/X603Dx04_llaYCKu7clZhESmc63q4ktHngDaDN7v6pLLFwOZiP1xgdaSVuoWnv7hJfrGnqhmySnzUia1A39nTEMLKyU0YR0RopoRpvvkOMtwAz7h7XYVHZlNerZKHBYLzjtUkq_We2IQC8vSpsKxuL2LkrYYXRIrjhXy4bhd08TyLwMv1cHnXpkAvnSJeXtv/CqX7kUfPQIKuwM25rgBnwMJiA8JODJNpzHzNHdwt40Y),R7066.9562,R720829.53,Processed & Paid,"51888,51888,51888,51888,51888,51888,51888,51888,51888,51888,51888,51888,51888,51888,51888,51888,51888,51888,51888,51888,51888,51888,51888,51888,51888,51888,51888,51888,51888,51888,51888,51888,51888,51888,51888,51888,51888,51888,51888,51888,51888,51888,51888,51888,51888,51888,51888,51888,51888,51888,51888,51888,51888,51888,51888,51888,51888,51888,51888,51888,51888,51888,51888,51888,51888,51888,51888,51888,51888,51888,51888,51888,51888,51888,51888,51888,51888,51888,51888,51888,51888,51888,51888,51888,51888,51888,51888,51888,51888,51888,51888,51888,51888,51888,51888,51888,51888,51888,51888,51888,51888,51888",R799758.10,R0.00,195,1/30/2025,102,R746329.53,R7316.9562,Sold,Invoice INV-0046-2.pdf (https://v5.airtableusercontent.com/v3/u/53/53/1779120000000/hrkp-HqkjQ2QKuAmZR_SIw/0zvetaVnmZBURX7Tg0es1E5Wm6R728G1LTPqWcuV2vvLuc_2XVBg5Dr6HDW3MCcaGzVjkhvXlZaNVfsIG2Pq8F4iHyqzoD_wdzM04VMXv9vorrD-Iz2OOCVrN1zfxBmuVfeUoZoGtBGNfNbhjL3JmrYOb6oRq74YxckAZ4YXRWo/vJfQSZdRrsKfrLiA90PopNIZPza27zWl8FGt86vsbrA),3.54%,0,R0.00,AGRIFUND DOS.pdf (https://v5.airtableusercontent.com/v3/u/53/53/1779120000000/6xM29WpPkFOIkWelgRxL8A/Y4BqcRiE5KVT_OO1PxlSe2NCI4CVK93soySSs6FKg2_cP_JvC-EN_URah98GaoyH_mF9a3CaYN4Kfep-39SlbB2a-egWWjqlCvrspjGo5HHga-FMamgUJrE_Ejo9GUk8DuZ-ovkiZ2E4uGbTFKh8u1L1irRuxCOzz4rOyg9bLsY/wyPH2UREtsF8jstQPVaUwqmnKer4AlqSoXiXgEJfwtc),,
Batch 710 - AgriFund Dios,67629,"July 19, 2024","July 19, 2024","September 20, 2024",,Cycle 5,-605,AgriFund Dios,55,1,54,SKM_28724072309010.pdf (https://v5.airtableusercontent.com/v3/u/53/53/1779120000000/IJX9BD_qrWfFdxskG8iZtQ/K1yiStbyVZUyGZCQot4veO0Er5uyqsPdxlmdWLKF7eRFDGUgeaf1kP2zKE0e31E6Cgpm-hciYj_kcmAkhAIlDlqn6hueMby89ysPqF9QiVA0YlM8aaqaF3JAy-AhSO5bk8cRJn6myT0HiEdto1itcYzawMpDJCAvnOv2yTQz1kU/tXfkYchce6RISRkdjNCfH67gJ2Q3P2e45weAC5Q8kZw),Payment Confirmation-48.pdf (https://v5.airtableusercontent.com/v3/u/53/53/1779120000000/rhPNlskirQUyIyq1tNtPBQ/iy2gGtxZfM6l3kaV7XR1Qd2YTEypvGQhl3-JPGcIL-_FcRworvO2B23DH3r-eCghCj0UFyRVY9vAz_0Xp_3OL3ZQgAKCJ7TmdkR-AdbnvmL-maICeRl6ddGWOo-oh1yOkV5BbCon4WTFlnR_BTL0Vz7CBy_SSjOM_xLlsY3BWGB-VJeLZw9uxTaNMrLdXdDI/JiP876wPhjWvVApbGzy9GT74B40VfjCqmc2kRjOI_yM),R5904.1807,R324729.94,Processed & Paid,"51887,51887,51887,51887,51887,51887,51887,51887,51887,51887,51887,51887,51887,51887,51887,51887,51887,51887,51887,51887,51887,51887,51887,51887,51887,51887,51887,51887,51887,51887,51887,51887,51887,51887,51887,51887,51887,51887,51887,51887,51887,51887,51887,51887,51887,51887,51887,51887,51887,51887,51887,51887,51887,51887,51887",R367289.46,R0.00,195,1/30/2025,55,R338479.94,R6154.1807,Sold,Invoice INV-0046-2.pdf (https://v5.airtableusercontent.com/v3/u/53/53/1779120000000/PgIuFaJLW1J6lWCBqpH5dw/PWbuqyeE-hjifiADcDEJZPO-Bhsu0JakZMUGC_ue6yZH3lZ_FohpFZMAVOjV7Cl-AsVsmarKHcxPJcybFGldRSaFmzxE6aleP2E88DyBOLl6unGl52NMi6dOvT9SeaPv9-5AKAOAeNXwcBkWE4ZLRTx0o-L8Q_kXjior7BzQnYQ/sw2KJzAsQqvp-epEeHTDkxQ3vL4CcCQcPMcumop6974),4.23%,0,R0.00,AGRIFUND DOS.pdf (https://v5.airtableusercontent.com/v3/u/53/53/1779120000000/YuJqse34zYxX5vgxOvGWVw/EiPHFgq1FyXcUjwIlSGr_I1jnC0B-TfhaVz8uFAojDtBySJZljvO08VQ4GFjfQGPq2c3vyTs7o0yNnU5jAbdRMbw_odcdeOynb3wPRGYou6eafwyUf0YcOpxJFgcPafD3K4YzvXQFxbSrkT-x0anmqflE8qwY8bvevG1Ket8zvQ/MppugRRIIT0ATDPh7IB16lqQNLd8Uz9kMBcyKuuQC5I),,
Batch 712 - AgriFund Dios,67642,"July 19, 2024","July 19, 2024","September 20, 2024",,Cycle 5,-605,AgriFund Dios,42,0,42,SKM_28724072408270.pdf (https://v5.airtableusercontent.com/v3/u/53/53/1779120000000/_4-gMpEtZhh9OUop70c0cQ/wuOojskOwoFFejUxVJonJd8_hhCeQaHou0h_Det_jBWKArTy7yx5U8FKLnk2sstQsDGYjyYY2xRC5urXEcoKDN2WhUyBIvHNbiPOJ3Di8ZVsgwE0Jc3yGZM3FVQNQiWOjTzFRSU-CdQTJYCEUQBKohQM9nEzTs2pwXr0YOW9zyk/OR6BAcV1EN1yokNzQCTit3xHeCKKqXAjSD1-NgYsBHY),Payment Confirmation-50.pdf (https://v5.airtableusercontent.com/v3/u/53/53/1779120000000/mR1IeumBLhDjybyqyadbWQ/Z_M_WcypS4a5psFNjofOw267u8hkpicW4vzuUrg7A47O09Ps81zgyS4q18hkjsHZJLmkggUDVEv4OAypH409Obzxda15YWgBnTmQzN3Qe1UN_lo_PxDZqV718SMgVre6Lr0yEIOgW-t_ARcWpwfuJsEbKNzJH-shJny6niYn3o_qWnGAohVNj6Qgl5XbkXrv/B5aBCHvlbVkTssknvHh79fOH0w-57Uipib27M4prqHU),R7484.0164,R314328.69,Processed & Paid,"51889,51889,51889,51889,51889,51889,51889,51889,51889,51889,51889,51889,51889,51889,51889,51889,51889,51889,51889,51889,51889,51889,51889,51889,51889,51889,51889,51889,51889,51889,51889,51889,51889,51889,51889,51889,51889,51889,51889,51889,51889,51889",R353662.02,R0.00,236,3/12/2025,42,R324828.69,R7734.0164,Sold,"Invoice INV-0046-2.pdf (https://v5.airtableusercontent.com/v3/u/53/53/1779120000000/gceZG8x4WYZv5xbrRb1Pxg/JdKQ6ZkmJlal8LYzlMohcOdfKvElCKqCTTPH2QJgDpyDRXBQThbp7i791OfdnuEdW6ffZa8IJGV2BPvmQEvJuj0TyHWxTUV-BA3i9_Ezmw0na85yMCBBGCJZQ3mhCUUZ7cIGhHzYGVxyMpYLYdI9eN1ni1MbuVFT-QqM1bm4QRQ/W-qVzLaOnv-dDgZnvZM4mc__Ubar8ao5pvBdudu8i1M),Invoice INV-0050-3.pdf (https://v5.airtableusercontent.com/v3/u/53/53/1779120000000/Hc47ZOjY2hM1JfMRf3oZaQ/epFWSyHI61FOAlgUPYs0OgJD4mt9QdakVVgaHJRjcQXxoTIMAzR9anXtfhfWJDaqUV9Qcg-ngXMb-8ehoFjCINiiXisy1-ul7jM79TOxBWxh8bfPXZRoxTMwe8qdN-eQpssRaDVVXUSnrfCGSk2lGqvyFxqYwlr9RVR9u4DuZgw/GwDgNgPXlXINs-tCBycSGsEAPGffPHhsuYeXuh38PKo)",3.34%,0,R0.00,"AGRIFUND DOS.pdf (https://v5.airtableusercontent.com/v3/u/53/53/1779120000000/N47GuahrUwZslwZcQGVlUQ/s-RBLG233GGZzk6RbK9QOwofQ41rXa3QSRn_z2ryX9RkDOscGGA-3Uw5DMHZGCHrLr3fqtLZlJSmo6hyYhTuPObTCEUHAwkm3bNvmHhhV9szfs97YTM53c_yCYOf5K3CmVpurZ3szQjBhoEe6XwhxIUKEDdGC9I9XZkxysf-ecw/s82FXDkLUWANhkqKBR06VfyLdEGcF7n2M3pXneWv5Xk),AGRIFUND DOS-2.pdf (https://v5.airtableusercontent.com/v3/u/53/53/1779120000000/DSVw00Lf3mrjqrEE18alWw/YtC3eQ356tu2ppLlEM73fqXJBoDNECNJ5U9L_7Pt2_mjuCbpqjKmsrOPq8MivBIa0taYLL_HrQywy9XN7iA0-_Zd9ZU3nL07ZonuOpF5UKCQNITivNokBL86GPRWCVKWOyXWNtTkKdHSXlZgrl8ipzNZPyENDm1YaraTUHPR2CY/oqjpwmYZH3viAx19sUDkEjfYzQyIAdagDd3O-KlRa08)",,
Batch 713 - SVC Cows,67644,"July 23, 2024","July 23, 2024","September 24, 2024",,Cycle 5,-601,SVC Cows,205,3,202,SKM_28724072409190.pdf (https://v5.airtableusercontent.com/v3/u/53/53/1779120000000/Lhf_blwUmnZL6t-fnb0w-w/5rkIv_yNshCuqX-O3usF5EHN9Q882fQjIubb8dRkXYAqDwTs8ZhfKVVkcmedhLAXAvYi1ID2bm0-vhxH1lx6-EwM5m6SW5OGuo-pEA-NMhCwzSYm6BhBDpsv7sRAxaKsnfEVgcd611Uq70ivH4Pm64zXHkAfKjq1DM8MhY8nCDg/rvze3CzC57ylOy9iw1bTRfL2Ow3hdwq5FgR-GJW3L30),,R7441.2407,R1525454.34,Processed & Paid,"51890,51890,51890,51890,51890,51890,51890,51890,51890,51890,51890,51890,51890,51890,51890,51890,51890,51890,51890,51890,51890,51890,51890,51890,51890,51890,51890,51890,51890,51890,51890,51890,51890,51890,51890,51890,51890,51890,51890,51890,51890,51890,51890,51890,51890,51890,51890,51890,51890,51890,51890,51890,51890,51890,51890,51890,51890,51890,51890,51890,51890,51890,51890,51890,51890,51890,51890,51890,51890,51890,51890,51890,51890,51890,51890,51890,51890,51890,51890,51890,51890,51890,51890,51890,51890,51890,51890,51890,51890,51890,51890,51890,51890,51890,51890,51890,51890,51890,51890,51890,51890,51890,51890,51891,51891,51891,51891,51891,51891,51891,51891,51891,51891,51891,51891,51891,51891,51891,51891,51891,51891,51891,51891,51891,51891,51891,51891,51891,51891,51891,51891,51891,51891,51891,51891,51891,51891,51891,51891,51891,51891,51891,51891,51891,51891,51891,51891,51891,51891,51891,51891,51891,51891,51891,51891,51891,51891,51891,51891,51891,51891,51891,51891,51891,51891,51891,51891,51891,51891,51891,51891,51891,51891,51891,51891,51891,51891,51891,51891,51891,51891,51891,51891,51891,51891,51891,51891,51891,51891,51891,51891,51891,51891,51891,51891,51891,51891,51891,51891,51891,51891,51891,51891,51891,51891",R1693572.12,R13202.00,184,1/23/2025,205,R1576704.34,R7691.2407,Sold,"Invoice INV-0108.pdf (https://v5.airtableusercontent.com/v3/u/53/53/1779120000000/JbdkITybVspILd2b15nQOQ/Xy2XLonlIdCQBTzDsSkEKi3YJ1_5yYFDijiIG0yj8XE3RehfA1CoMXzMO8HOnJVu4gnxtsa3exivDIBXi11pvGXAr8nBIzpUNQy1iAsc39y9JkduZp1rGqyTuAl-Mqnmu9AF9oErUdLDoh1WjcaM1h_gP8q4XYMsqwRw0LZ21cs/U1G5K_I0AQsHd-DWNr1T497y8JgYmms57PYLETtMhG4),Invoice INV-0109.pdf (https://v5.airtableusercontent.com/v3/u/53/53/1779120000000/eMEgzHaHWXhg2enMwkQfzg/3og45fV_R2iiHBtET5vvkbrMlWJ4SIhXexQkSNqO7Ka0HQtjzpXHEuziCOh0_3KmPXBrwTTKyGK3szIyO9DnuY4zOtTewLRH7_QUvALbkNIFGJleVlDvr_i3bFWhy_TauS_bTkidHLK5EKK9UAkeWEKHQh3V9Yz2m4hGd1VYMjY/NFLurINz8ONasbG8qWxyQL7XVwjHelmt-n-5jE7QxiE)",3.36%,0,R0.00,"SVC COWS-2.pdf (https://v5.airtableusercontent.com/v3/u/53/53/1779120000000/btIqyk3wzAbNp2p3KHuSXw/yGQVS9y2PEfXwm5r8CIiPHwF1KvxQOmHcyGP6B4WWPyCbjPC8T59KyhwOzmAY6hz9RBLMGW2VfZ_swCfMIXNi_DjHmJNJgNxfpzY8Ij4H76vl6_bRFGk9dp9NbQepfRvz0WjvmyrDviEf8WoCHAa1lylm1uR1qAmhw8di3zxZlM/b9V7JXQePomB54h0gfdY2E2tl-OqTQuPWOc5zOfgDZ4),SVC COWS-3.pdf (https://v5.airtableusercontent.com/v3/u/53/53/1779120000000/6U_kbYcYlXpMS2dlztwbbA/jMC1ugMy_HYOxznC1kw6k7w7VkuglVx835ZhvF_JEZ8jpZF5KHKZ_6xReBbUMYnYeS_CuRSQgSbIZ4ONT9-efidj-D_ipKPvGS_NieYxegBoeZyRvzp8ss4V07Nd41-ao6Ertg_jx8vGWgBr7h_aWfmx7OI1pIYZIETtQXu8e8I/DRaC0BQ69ZyHMCVMLjflOyHAKn1v2KYdcRqMkcrq4V8)",,
Batch 714 - SVC Cows,67645,"July 23, 2024","July 23, 2024","September 24, 2024",,Cycle 5,-601,SVC Cows,108,1,107,SKM_28724072409191.pdf (https://v5.airtableusercontent.com/v3/u/53/53/1779120000000/Zi-2hCwHznLuVKat1aQqgQ/rT-HNCqYuudJiERo25G7Qti9OvtB0nJ2xJkgDXO1txm_AcEJQCWnubOtJBf0BgYo6vlT7kUItWRhZKCNryJSEKnr4I6uge7g046zO3uim0umfoyfC5YqTfGqfasg3waFCjCgSpJqQmjayxB8mhHiZfQSC4W6XdAO0QYtf3F5KI4/riiET705DwYg3-bzVvo6f8E01IXnNVBgJruHS3_yjeE),,R6496.1911,R701588.64,Processed & Paid,"51892,51892,51892,51892,51892,51892,51892,51892,51892,51892,51892,51892,51892,51892,51892,51892,51892,51892,51892,51892,51892,51892,51892,51892,51892,51892,51892,51892,51892,51892,51892,51892,51892,51892,51892,51892,51892,51892,51892,51892,51892,51892,51892,51892,51892,51892,51892,51892,51892,51892,51892,51892,51892,51892,51892,51892,51892,51892,51892,51892,51892,51892,51892,51892,51892,51892,51892,51892,51892,51892,51892,51892,51892,51892,51892,51892,51892,51892,51892,51892,51892,51892,51892,51892,51892,51892,51892,51892,51892,51892,51892,51892,51892,51892,51892,51892,51892,51892,51892,51892,51892,51892,51892,51892,51892,51892,51892,51892",R778909.55,R6955.20,184,1/23/2025,108,R728588.64,R6746.1911,Sold,Invoice INV-0109.pdf (https://v5.airtableusercontent.com/v3/u/53/53/1779120000000/ilodimVwYAgCnIC5yOGNvA/G3jLp-7YVDbKwUSSmG_u7sbF2SY5dB-5NLvDkzFLE2gQAAEZm2BVXUrYOZV3ENSOD6UkJHO8JIHt3WzpaPRVUZwHiWcRVGogXup4QsEJB8tnUQp5BhYFAjVm-6xyk7Jc4pz3Ea3zYHnkhWW16HQY8cQHOM5s0-kPWWWguKK88pQ/foE7HcMg039KwveonVgeHFhaHgnokbc1rfiU1LjFA7w),3.85%,0,R0.00,SVC COWS-3.pdf (https://v5.airtableusercontent.com/v3/u/53/53/1779120000000/wrVVleQ1ONR76mIh-5Mfxg/DR1Qb1-VO7JeC5mAEeKatcgIj0zyQ6h8Y_MvqiXHFdmGn0G6_wHd_n6dlbX7w88I1IkSq28lz615fsX9e_nWBW_lLQE9DyT8aYvj6ByP5LGxh-A2Sze9_D_eG9R3OuCVfAmoTTNq-KVvWbg80XYGTWA7xbjBDBwW2-oT9fmb-T0/8mijHxbBcF0cK66ru01KZOCOtTF57Fvy1l-GwWMMInM),,
Batch 716 - SVC Cows,67679,"July 24, 2024","July 24, 2024","September 25, 2024",,Cycle 5,-600,SVC Cows,76,0,76,SKM_28724072609090.pdf (https://v5.airtableusercontent.com/v3/u/53/53/1779120000000/K7WO7GjM2z5lmsUoiHFB2Q/0lp6Jo1jmRR_dgEBwhC8qKUHHzCJhmhV6t7XRlqNL88mIusoxW6ERMm1a42BepYeAOlWZeZVCahVkrycqEVGNPirVUM4SUYhebB9TfmGY3lAkvDcFb_qeRWxzuhgz9TG1MPx34SITLu-xLpfwiguEHT0U4r8HP2ZBoVq3UwNRts/Udiwi9rBsqmhBXyFwbabVmqXjhX-FSSn91-3IJi1kwc),,R7618.1746,R578981.27,Processed & Paid,"51894,51894,51894,51894,51894,51894,51894,51894,51894,51894,51894,51894,51894,51894,51894,51894,51894,51894,51894,51894,51894,51894,51894,51894,51894,51894,51894,51894,51894,51894,51894,51894,51894,51894,51894,51894,51894,51894,51894,51894,51894,51894,51894,51894,51894,51894,51894,51894,51894,51894,51894,51894,51894,51894,51894,51894,51894,51894,51894,51894,51894,51894,51894,51894,51894,51894,51894,51894,51894,51894,51894,51894,51894,51894,51894,51894",R642443.05,R4867.80,183,1/23/2025,76,R597981.27,R7868.1746,Sold,Invoice INV-0109.pdf (https://v5.airtableusercontent.com/v3/u/53/53/1779120000000/j-2Y02mgSpd8dzSJFJ2_-w/D2I39soLXCNcl5qyY74BblsDGkxkwD-p7_sZhOvP7xLaaGkbpJQ_KaaLBZOCZyUYLdS0U9v5NWjWxXBXGRLibEAFWQWhxlViMFE4fslAJgoT8ZiT9tVfs4UUStolvkwonceHl6YeStmecP_XbsuNCP5mQaAo2xwBMVCGtrDXU5c/1L2FRUI9VjpIL-BaT6uA93AAk2Sv8FECd823uujOU1A),3.28%,0,R0.00,SVC COWS-3.pdf (https://v5.airtableusercontent.com/v3/u/53/53/1779120000000/5x7afkQOI0VB2LmWLkz8fA/CGrEMkzw_J6FzenZnOVNcJraB0zmvHN9V5VG5hZ__8qBsoJBnRXgME3g8mLIdWbDQIGXFR2-T1xip0qTow2OJKCoUspHSB3jATzMV1KMLhAweTaa9ANovUaONFaUPd28QlaVPsdW_E7e_6zvhgiMB_qg3dwm92rWsSx-zwSma3o/Cvpr2tdawpKR3dl2uebhLldw9D_UCBaGMqVtrwx2Ux0),,
Batch 717 - SVC Cows,67683,"July 24, 2024","July 24, 2024","September 25, 2024",,Cycle 5,-600,SVC Cows,197,1,196,"SKM_28724072611190.pdf (https://v5.airtableusercontent.com/v3/u/53/53/1779120000000/QdXH11batNmCoKi4RJgxkQ/tsxD3lDyMpUN4E1utdQip--HKAfdFv-NS3hYAN-A_-6XaFkUsVA-7uIkicVSWhWcss9Zzidqj24CsAa9qCbAfRwruZ_2Obz1Ia0CaG8AY1Yd2PORMItJSa8laJ9wfoUpVuWZLdvwgrIIxIq0K16fvQ_egAj4iaczogob1R9OQlg/vy7nApF9kGsjueiwke8QfoMmoW26fLjWjM3qXFPM-Qs),SKM_28724072910220.pdf (https://v5.airtableusercontent.com/v3/u/53/53/1779120000000/zYIikPYFBGAgiVylsuZ51Q/L84_QOQ0XN9Cw6rVsv3LWvNzlZqRdd4u3yZw5z-Jvih7QhvpDmga5jbB1A93P8TU_-HJJ6vi4IfRAhs720i2nnA_epI8UQzXTefaN4ev8TDUoUVjC12M-GR9r8VSQn9ql0mSKcyHfeHAi6wxn_8feYyhC3_aOr-W9-jtyfdEdA0/zOp7l_pFSjSKdxr0zX92Cr3ZmtCnRk09t8dPzpWU580)",,R7467.4310,R1471083.91,Processed & Paid,"51893,51893,51893,51893,51893,51893,51893,51893,51893,51893,51893,51893,51893,51893,51893,51893,51893,51893,51893,51893,51893,51893,51893,51893,51893,51893,51893,51893,51893,51893,51893,51893,51893,51893,51893,51893,51893,51893,51893,51893,51893,51893,51893,51893,51893,51893,51893,51893,51893,51893,51893,51893,51893,51893,51893,51893,51893,51893,51893,51893,51893,51893,51893,51893,51893,51893,51893,51893,51893,51893,51893,51893,51893,51893,51893,51893,51893,51893,51893,51893,51893,51893,51893,51893,51893,51893,51893,51893,51893,51893,51893,51893,51893,51893,51893,51893,51893,51893,51895,51895,51895,51895,51895,51895,51895,51895,51895,51895,51895,51895,51895,51895,51895,51895,51895,51895,51895,51895,51895,51895,51895,51895,51895,51895,51895,51895,51895,51895,51895,51895,51895,51895,51895,51895,51895,51895,51895,51895,51895,51895,51895,51895,51895,51895,51895,51895,51895,51895,51895,51895,51895,51895,51895,51895,51895,51895,51895,51895,51895,51895,51895,51895,51895,51895,51895,51895,51895,51895,51895,51895,51895,51895,51895,51895,51895,51895,51895,51895,51895,51895,51895,51895,51895,51895,51895,51895,51895,51895,51895,51895,51895,51895,51895,51895,51895,51895,51895",R1525713.22,R4274.90,62,9/24/2024,197,R1520333.91,R7717.4310,Sold,,3.35%,0,R0.00,SKM_28724092710140.pdf (https://v5.airtableusercontent.com/v3/u/53/53/1779120000000/9BoREWtf0VO4Fhpud8osgg/tycrp3YXK8jGvCaUdqYbU3YHJM6uYCD1Dwch0iXiwhoHhWSQ0ySTte0-vNn39gSJ5vM9-fu9ET6AomNYfWmak3jp5K63s7KsJNWDZqHMrzi0PLT59jtCRahUKW0y2aOJT9b7fMGgToDG9GsmQUOZRZ1xyjkW37KdZkk3VmzWvo0/BdmNcInclKjDgUeL0ukJVWDJY5YV3toTcDpGKHnTSt4),,
Batch 718 - SVC Cows,67684,"July 25, 2024","July 25, 2024","September 26, 2024",,Cycle 5,-599,SVC Cows,101,3,98,SKM_28724072611290.pdf (https://v5.airtableusercontent.com/v3/u/53/53/1779120000000/s-8LPS4Kwx-C1nmNQjdh8g/xNhT_FYzmvAwcRUy8NW3OZBPjlAPuXyV4q8MWsifPZjFBc9H6mN9FVcyqZ-kj_BRCV5kdrZDP60tOpEFR8P_-zw6Ovww821VFMBEZP_95bmNCOPs-rlCSinI9wzzfi9xXNXk6qp-B9OI-k8397R-rvX5UDvcjtqAXxOVpmh25Sg/w51ufI8a3aBNMUBSJmCgKTtyVnnpmstRjUxnFWqVuTE),,R7812.2469,R789036.94,Processed & Paid,"51896,51896,51896,51896,51896,51896,51896,51896,51896,51896,51896,51896,51896,51896,51896,51896,51896,51896,51896,51896,51896,51896,51896,51896,51896,51896,51896,51896,51896,51896,51896,51896,51896,51896,51896,51896,51896,51896,51896,51896,51896,51896,51896,51896,51896,51896,51896,51896,51896,51896,51896,51896,51896,51896,51896,51896,51896,51896,51896,51896,51896,51896,51896,51896,51896,51896,51896,51896,51896,51896,51896,51896,51896,51896,51896,51896,51896,51896,51896,51896,51896,51896,51896,51896,51896,51896,51896,51896,51896,51896,51896,51896,51896,51896,51896,51896,51896,51896,51896,51896,51896",R877885.79,R6645.80,188,1/29/2025,101,R814286.94,R8062.2469,Sold,Invoice INV-0109.pdf (https://v5.airtableusercontent.com/v3/u/53/53/1779120000000/e8BpE6J1I92A-Vo80Q7Dfg/oOHln9btBXWNSo1Sezgn_ut0-PMPhrwCrZRxfkxf3v5m3hO3HbdJqtncPjXdAu1VXhSG19LhSmJcbTmIrNeEGUpiyRtjT1TBGSLR6mHRewC4u8vcZlp1gjTNp5rP-f_Qj7QJRhiUxYdn_BJuvoJbMf1tRGUfItIyOb2AG2LVIp0/n0KnhXLdFs73JcEcrz45itISu2vY5ehBqq8aExTR7Gg),3.20%,0,R0.00,"SVC COWS-3.pdf (https://v5.airtableusercontent.com/v3/u/53/53/1779120000000/aT2oCvbPfM62GP5xMzjW9w/mnEe8ikD0uiJLoVCG2KVEDpy_GUA-cyxEgs_NYwnVUL0MP0Z6fFNPFfsu-qC8q15fwfrhV-PN4634z6aK3w3d7w03gCbS4EZrDwYx6PMnBxDzbnfVqqeb0gCbhDE4jS8eaK9LaZoDQA6NHzjAQYWHynUxjJLvf7xVKBof6AKwqw/UNT7UODYlgMs5ffjNHK5rLoMwe2rGHwmhovs50JYjUY),SVC COWS-4.pdf (https://v5.airtableusercontent.com/v3/u/53/53/1779120000000/H3FOrbWShpX0yo-Uo3WOqw/XX34RL2vSnCX0atahftNM1lgphFmATpI22VtPOUUU3eAiazfu2G3VUdOUGczM_LFvMkeuMYuQA7EofUfib96ZlvfayLBtSmCqe9VKQ6gw80eNeMaIE3DrxY2vgZy9LCS6WPdaDJhE3k61EHYFHYuicLVh1IAr2gG3A9rZW3k8Ow/eL4fh6fLW0vNiZhnnvSjXmNP-xC6mcXt6yvTofygx8U)",,
Batch 720 - SVC Farming,67703,"July 25, 2024","July 25, 2024","September 26, 2024",,Cycle 5,-599,SVC Farming,125,0,125,SKM_28724073013280.pdf (https://v5.airtableusercontent.com/v3/u/53/53/1779120000000/I9uyAlXFXQlUQVp6IIvcPg/uoNCBrobTvZLhBRj47sc9C2fS-eGesmZejJWX-u0zHXSN31r2BZ_n39ULY1FPWRafUIJN3kzB3m-QXTM4oLl7tjOp_8DLjmYPazUkh-wJxGGgbOD6aRN12YlvTBUvIpnvfdKRwoYdrGok__BC5_SeUjbe3r9WprwJdjFQjPa7wQ/OUR45Hr8nUDbiGa1PaVe-mY-7o33_uxi6zWrDb_VhcA),,R6751.1961,R843899.51,Processed & Paid,"51902,51902,51902,51902,51902,51902,51902,51902,51902,51902,51902,51902,51902,51902,51902,51902,51902,51902,51902,51902,51902,51902,51902,51902,51902,51902,51902,51902,51902,51902,51902,51902,51902,51902,51902,51902,51902,51902,51902,51902,51902,51902,51902,51902,51902,51902,51902,51902,51902,51902,51902,51902,51902,51902,51902,51902,51902,51902,51902,51902,51902,51902,51902,51902,51902,51902,51902,51902,51902,51902,51902,51902,51902,51902,51902,51902,51902,51902,51902,51902,51902,51902,51902,51902,51902,51902,51902,51902,51902,51902,51902,51902,51902,51902,51902,51902,51902,51902,51902,51902,51902,51902,51902,51902,51902,51902,51902,51902,51902,51902,51902,51902,51902,51902,51902,51902,51902,51902,51902,51902,51902,51902,51902,51902,51902",R937649.51,R11812.50,189,1/30/2025,125,R875149.51,R7001.1961,Sold,Invoice INV-0063-2.pdf (https://v5.airtableusercontent.com/v3/u/53/53/1779120000000/J9PoLrX5EpxWHG6PB4atSg/UuPot_HnTdZtpt44OaoPiT0ETaGKXzdLYho6Qm3whNdaAkg0iqe53xCCdHMDVOitB6X4XZlyaR0DzF1gdCAy3OjjKhpjAs4dstvQ6Y8Rn3w5BtrOMhQp1i4sEBQvZEX6YhkxUSa7ddwMRAgfhk4FG3jzi1aL7I6BzbQigrIXHx8/WReWbwjNkiRRFnwmaBUQxTldIbhcDfROfV_HFClOx2Y),3.70%,0,R0.00,SVC FARMING-2.pdf (https://v5.airtableusercontent.com/v3/u/53/53/1779120000000/lscLagokYZ9lgkrWdRkYnQ/KNhax54LviklPNQhetv5Eyj55R7DirN8IvI2waVjNrlHHk0Sdqg6wjCbHjQEiU66bIiWp__AovZ-vWXgps7PCv8zRCC3kXL8l2mkmtJo4UgrJEGcgK30TFU-hrDgGzp5NzMziBRBbSv_y5n4BNW1TQ-C_i5TpXGM4df3UjAuofQ/Mb75Q-Xp7SV2Hj-5V01F45PSDFiwFpoOVmWErNmr2xc),,
Batch 725 - SVC Cows,67737,"July 26, 2024","July 26, 2024","September 27, 2024",,Cycle 5,-598,SVC Cows,196,5,191,SKM_28724080115110.pdf (https://v5.airtableusercontent.com/v3/u/53/53/1779120000000/oUZOI4042_GnuVWCiDMQbw/4ZOmTfT0u8vMPSwS6pJkFtHRuC7qZ5MOdybx81_P39xhx0odNy9bsHDpedxnEKj4Je1LOFY8kPOoB70y0WGkXzdu99I1YsnFQYN1QOdaO37Q4onZxEEFGqs-2BRjvXRya1SkrlB4C5HZMJ5Ja__NsZH1gJ0dnP7S_5uU13MIflw/swwrP3n9DRF8JPfgbSoIWssMHwbcjG_Ov874i4ELoyM),,R7314.6495,R1433671.30,Processed & Paid,"51897,51897,51897,51897,51897,51897,51897,51897,51897,51897,51897,51897,51897,51897,51897,51897,51897,51897,51897,51897,51897,51897,51897,51897,51897,51897,51897,51897,51897,51897,51897,51897,51897,51897,51897,51897,51897,51897,51897,51897,51897,51897,51897,51897,51897,51897,51897,51897,51897,51897,51897,51897,51897,51897,51897,51897,51897,51897,51897,51897,51897,51897,51897,51897,51897,51897,51897,51897,51897,51897,51897,51897,51897,51897,51897,51897,51897,51897,51897,51897,51897,51897,51897,51897,51897,51897,51897,51897,51897,51897,51897,51897,51897,51897,51897,51898,51898,51898,51898,51898,51898,51898,51898,51898,51898,51898,51898,51898,51898,51898,51898,51898,51898,51898,51898,51898,51898,51898,51898,51898,51898,51898,51898,51898,51898,51898,51898,51898,51898,51898,51898,51898,51898,51898,51898,51898,51898,51898,51898,51898,51898,51898,51898,51898,51898,51898,51898,51898,51898,51898,51898,51898,51898,51898,51898,51898,51898,51898,51898,51898,51898,51898,51898,51898,51898,51898,51898,51898,51898,51898,51898,51898,51898,51898,51898,51898,51898,51898,51898,51898,51898,51898,51898,51898,51898,51898,51898,51898,51898,51898,51898,51898,51898,51898,51898,51897",R1595108.66,R12896.80,188,1/30/2025,196,R1482671.30,R7564.6495,Sold,,3.42%,0,R0.00,SVC COWS-4.pdf (https://v5.airtableusercontent.com/v3/u/53/53/1779120000000/Q5Z1ZyBwuTqlSaxqVfiDhw/HVTKmhKawPRDU9iRvOkXUh9MY4c9JcatlttofEUp7ngstJLpJOQgecwcmSELmOAfH9CSXtTO-gr5x9iC399EnMudAKMKb8H_DEiImKGsIluC1w5Onw5FiivQCjUPreT4WUuo03B7wTZIYwONyenhN3PI9TO5XHUCatR155R7_8I/AqDJPZyDIa7m0KiQoE87Y5aJF3dygEcSCmiP3HD5BmE),,
Batch 722 - SVC Cows,67701,"July 30, 2024","July 30, 2024","October 1, 2024",,Cycle 5,-594,SVC Cows,99,2,97,SKM_28724073011060.pdf (https://v5.airtableusercontent.com/v3/u/53/53/1779120000000/dI42s94ZgQZ9llmeBB5ayA/qGUCCLKspVTIKblkFU400tS5vx36A2qZiIRC_IuilMpwg-DO8B-Jn2-J5HcYv2bJo8J1XaRHmqGqOZLX_i1wOaBBaRM1on_c8XOPV25dly8e3Cg6deETEz-Q5neXLDa-iAzBe1jOgUvkCcxEiTRIHoBpefsGxwGzRt5NEjlGKQY/5I_f5pxHDBhn2UlyyLmwx0E_uDCd_3whaKBk4JiNWpU),,R7380.1053,R730630.42,Processed & Paid,"52528,52528,52528,52528,52528,52528,52528,52528,52528,52528,52528,52528,52528,52528,52528,52528,52528,52528,52528,52528,52528,52528,52528,52528,52528,52528,52528,52528,52528,52528,52528,52528,52528,52528,52528,52528,52528,52528,52528,52528,52528,52528,52528,52528,52528,52528,52528,52528,52528,52528,52528,52528,52528,52528,52528,52528,52528,52528,52528,52528,52528,52528,52528,52528,52528,52528,52528,52528,52528,52528,52528,52528,52528,52528,52528,52528,52528,52528,52528,52528,52528,52528,52528,52528,52528,52528,52528,52528,52528,52528,52528,52528,52528,52528,52528,52528,52528,52528,52528",R814215.30,R6618.15,191,2/6/2025,99,R755380.42,R7630.1053,Sold,Invoice INV-0111-2.pdf (https://v5.airtableusercontent.com/v3/u/53/53/1779120000000/hp6ahnH6CckfE2GRN06_NQ/lDnjxNb3Z0uyFuZXHtFv1sUddL9SXlJXnfMz1E4Q8jFy9WsK6G-DkJOk7O-0pNf8JUB3FXBNn5TAqXKcLpnX8Ac-9CPigfv_w16yel_dCOwYwfN0vUqugYUiBQpp0LrF5YFGOf0fejIcUfjz_CzOBBTzdE21c6U-AX_xOFMTq7g/MsV05ddtsZay0to_7uNccY-HdVmge1Sd1a3EUzWAvhA),3.39%,0,R0.00,SVC COWS CALCULATION-3.pdf (https://v5.airtableusercontent.com/v3/u/53/53/1779120000000/3t-CSE2Fj4Km-UuAj3EWtQ/VllhLY2rHQZs6sEuQ1dF8cWemlKAnneRKaRDZ_ZF3pA5qt1-7HFyvGHyL_RAMlxeREPhlN6ZMGnBDxtEmW6sHpsP2vgAWhIspTpmU1y_qyam7KrKvShBPIL0kFBxozAF9UuLPaFDlMYG7Je46MI6NOfYCkqjgfwAImRSvlDOMV4/2MBvBksswvQkcSqvDctyupfaAICjD_mnMF6DK3jKRV4),,
Batch 723 - SVC Cows,67711,"July 30, 2024","July 30, 2024","October 1, 2024",,Cycle 5,-594,SVC Cows,107,3,104,SKM_28724073110510.pdf (https://v5.airtableusercontent.com/v3/u/53/53/1779120000000/3ehuYfpzoRE0rZjj61M16Q/bkqLdbXr2SHC9stn87UQfwR-pWkOvHsLS3gsWx-F7F-wgGOJ3PRXh4KYyHAXA64CMTECwWYoL1bnR4m6_sPBv04_UF1vu9XIrNwRJHs_RqJ8YxIESSmQwvSvA-wyl9vfo6AwLF-npatWqt-GGv6GLyg6e9LqoaNFFn1HdKF10DA/F3tWv2xxqlFX88Cm3WRQO6oDyAvzsUgXDiT-1JTo9gs),,R6667.1513,R713385.19,Processed & Paid,"52529,52529,52529,52529,52529,52529,52529,52529,52529,52529,52529,52529,52529,52529,52529,52529,52529,52529,52529,52529,52529,52529,52529,52529,52529,52529,52529,52529,52529,52529,52529,52529,52529,52529,52529,52529,52529,52529,52529,52529,52529,52529,52529,52529,52529,52529,52529,52529,52529,52529,52529,52529,52529,52529,52529,52529,52529,52529,52529,52529,52529,52529,52529,52529,52529,52529,52529,52529,52529,52529,52529,52529,52529,52529,52529,52529,52529,52529,52529,52529,52529,52529,52529,52529,52529,52529,52529,52529,52529,52529,52529,52529,52529,52529,52529,52529,52529,52529,52529,52529,52529,52529,52529,52529,52529,52529,52529",R797560.93,R7377.65,197,2/12/2025,107,R740135.19,R6917.1513,Sold,Invoice INV-0112.pdf (https://v5.airtableusercontent.com/v3/u/53/53/1779120000000/Nn1xgK_ZmfX9FPCd_b6ZEw/IUyblh3rGDSEMEZ3hVQDV9FfjnhasCPNJE6qX19WX5TeZx6JAhVnKrWSgR-_K1MkPA9HY-imEWSkoJoYVmY8QRo8YPcSaS9Tc1Kev2lIWWR8_O3d7ScTBcBvAy3eROX8lmD9ECApsZ-5MiLZjEZfQQ6PzPbrn8EYeNO55Ttv81U/OQml43CAvGRUz1JUbDJ5-Drkg-6UNqK3TIIJA4Cz3cI),3.75%,0,R0.00,SVC CALCULATION.pdf (https://v5.airtableusercontent.com/v3/u/53/53/1779120000000/gkwltcecOwrhi8Ppy8jVLQ/t0wesM6SUxFGdfc-42R7gA_jQLPRDOzLhKugxz0jSlf5ucm48NENF0b0Xql9wBShDzufPSKkI-r6yveNXBjSU8u6051MM5ZNY8bil_tUWmL1xebYJtngawB-3mqCpk4cLgtnNwPsI2phld5l0fAbVYtD1kzWqx3RbPwazZwglwg/v4a4i3pILGxKmKQ_X88M2yuPECZiX57JodSnJzucLmw),,
Batch 724 - SVC Cows,67702,"July 30, 2024","August 30, 2024","November 1, 2024",,Cycle 5,-563,SVC Cows,96,0,96,SKM_28724073011120.pdf (https://v5.airtableusercontent.com/v3/u/53/53/1779120000000/MZy9-VEGg3wJ8IUCRgrg2w/yhx7Gk-Xps9C7y7w29jFw0SELiGAhq1RDvRxvmzJBTIDny_zMp1pbsmMop8Z_F9fNZkGahV09zTSjAszTBznFPM4fNPjkJwgSqG-7xNwGOz7tusy041LnsZAKG5O26McfflsnwiKFrBEONbw1wRpoD9763FeF_jFf3wHZOzZ41g/XdGpR1unNvKpYKZ7dLugZllNjI2ERS6zJCA_hAZTx6I),,R7000.1583,R672015.20,Processed & Paid,"52530,52530,52530,52530,52530,52530,52530,52530,52530,52530,52530,52530,52530,52530,52530,52530,52530,52530,52530,52530,52530,52530,52530,52530,52530,52530,52530,52530,52530,52530,52530,52530,52530,52530,52530,52530,52530,52530,52530,52530,52530,52530,52530,52530,52530,52530,52530,52530,52530,52530,52530,52530,52530,52530,52530,52530,52530,52530,52530,52530,52530,52530,52530,52530,52530,52530,52530,52530,52530,52530,52530,52530,52530,52530,52530,52530,52530,52530,52530,52530,52530,52530,52530,52530,52530,52530,52530,52530,52530,52530,52530,52530,52530,52530,52530,52530",R738831.71,R5577.60,166,2/12/2025,96,R696015.20,R7250.1583,Sold,"Invoice INV-0111-2.pdf (https://v5.airtableusercontent.com/v3/u/53/53/1779120000000/9lNdopdiEvEask-i0viahA/5S5BI6NudWKnBv714Wnl6aXI6PRMVNz1Ph56IxzVkJ40hSbHd_i3b2ub5DdvxmuvWK8KfX5IAFGUOcbH7AWopBjDXyFyuydsrmI9sEKrnuU1gRtvJVRwjBSaR5dzq8eriqLboXyxNOhxB0ij_vWTgCbRXizduUfSLSofzGdS5-g/nc87qI77IDdbht_s1trpyexdwS2L9rdMpiecxZiB33o),Invoice INV-0112.pdf (https://v5.airtableusercontent.com/v3/u/53/53/1779120000000/kQHFo2KFdCxyOutXyW1s9Q/IuJ7bKJJCxwEIUw_YaHu5oy7EOMxIGOSKUQ7Sp-jyg5mpYXCDC3yaNhKK6qJkLAMdy9JamaYtAC_XkfoSxW83_rh8p7SU9emupM1hyE8znvbJp2bKs3HJ3F-cyzWMqeoE96P08oTJzoVi7mEseuHsZdWn9JtaEEaeBb0tqtqS3Y/mOXkAkKZ4PD_P6j1gwajEHbaN5frhA2gWh1cTab1ojI)",3.57%,0,R0.00,"SVC COWS CALCULATION-3.pdf (https://v5.airtableusercontent.com/v3/u/53/53/1779120000000/VjFu8qtz_GanuYSFc68fQQ/EsaLpSRVNLDd2QbvRLQMyp-yFcab3ZkctXDuB2OUVXoz1lDCsOXWSQM2tQ3q9d_6fLZh9LdCJt9GkAtba0QxvL-FF4jiFoS2YJWd7qhASD05Iu-dX8irEaKNsoZ4VUWFz2ITFtue2Hz-oEsNHBu-j4akZIjUfFZ5sCEktFGhLnw/xRlvcZeZ0zLUnW_y1--3-IZZWlPjjORkP0kxSMETQ4g),SVC CALCULATION.pdf (https://v5.airtableusercontent.com/v3/u/53/53/1779120000000/cecRmdOVzTA7fmsV3xlnIQ/d5BQ7Q1aJC0gm_PkIqdlGRa8P1Djq4g68O85a7aMwGDuMMUs7G1eAhl3K6SvRbfPCx46MkZO2L0C1_CpCZqys7IlDWnX3zzjmT8R3q_TPV1DKG_7WSwEQAjCAQ1QSyEXoU1psfbBPtNYhM16Y0hmkY8ziE1FTbIHt4zq5vGOsPU/CX3O3V0pfO6Zczb9xOEKSfiLoDw5G00_Gj0NrDTosWE)",,
Batch 728 - SVC Cows,67727,"July 31, 2024","July 31, 2024","October 2, 2024",,Cycle 5,-593,SVC Cows,123,1,122,SKM_28724080109430.pdf (https://v5.airtableusercontent.com/v3/u/53/53/1779120000000/bAD82aSJD63V0XTa9M7sHw/2u8TqNyuICEDy8mPCKaSQcXa4UsTkM66rMxz__cw8Q4TJs8EUzgZV28wk3w6_LcjgoBIBfdBF7aMqA_V-p-VdLiaGtoiHPFmW2L2TzQgLncNBwviR0shhBA4rPR2H_cRhBRcJVU6VmYs4upmNDGFfCbdSvMMgSS5_hB3sEk4pPw/UkA6gSIawH6zra8hYjkPjOa2kbJUSchCcqRAUkhNHVg),,R7425.3549,R913318.65,Processed & Paid,"51905,51905,51905,51905,51905,51905,51905,51905,51905,51905,51905,51905,51905,51905,51905,51905,51905,51905,51905,51905,51905,51905,51905,51905,51905,51905,51905,51905,51905,51905,51905,51905,51905,51905,51905,51905,51905,51905,51905,51905,51905,51905,51905,51905,51905,51905,51905,51905,51905,51905,51905,51905,51905,51905,51905,51905,51905,51905,51905,51905,51905,51905,51905,51905,51905,51905,51905,51905,51905,51905,51905,51905,51905,51905,51905,51905,51905,51905,51905,51905,51905,51905,51905,51905,51905,51905,51905,51905,51905,51905,51905,51905,51905,51905,51905,51905,51905,51905,51905,51905,51905,51905,51905,51905,51905,51905,51905,51905,51905,51905,51905,51905,51905,51905,51905,51905,51905,51905,51905,51905,51905,51905,51905",R1013426.94,R7878.15,183,1/30/2025,123,R944068.65,R7675.3549,Sold,,3.37%,0,R0.00,SVC COWS-4.pdf (https://v5.airtableusercontent.com/v3/u/53/53/1779120000000/FrqTOPSUxJoI_KrGpv6Zzw/m-wEkL22Z43JQK10WPXaCz9N6AL3TZC-hLfgvfDZdkYmF8ATyaayk3y69714hqzEJPxRAdHcShrUeaPPeNy7n438-vjeyBikI8BXwPShj45fjjVQClkoUUd67upL1J9v4NTSW_7fnbX3My7Kk1zLMl-hsfNbDbg4lHBDObJKO6k/5lzu884ltJW4WsKwnh7VwzDzO9J3wDVPrdLEdzqHp1A),,
Batch 721 - SVC Cows,67732,"August 1, 2024","August 1, 2024","October 3, 2024",,Cycle 5,-592,SVC Cows,100,0,100,SKM_28724080111510.pdf (https://v5.airtableusercontent.com/v3/u/53/53/1779120000000/K_bB6exne2h9sZ_hWngcxQ/z-DuyQ4L3k8Ywerw8g0DAloPJah-7GMUKSnD6JMXkfLku7d5btumRbFoummRO_aaR4aAq0VgbD6jqCulg-DcJickYQqEd-Nss1jfdTUzwglA3Q7wTByjE7v7rxjPKfJy2jR86k78Ow95ptu51ionFaoSamgJLJ1H7tplsTUreHI/so8HLoibGVRyMF9zzmRa-1fddgiwwdPXJUSEQpsgygw),,R7605.3434,R760534.34,Processed & Paid,"52531,52531,52531,52531,52531,52531,52531,52531,52531,52531,52531,52531,52531,52531,52531,52531,52531,52531,52531,52531,52531,52531,52531,52531,52531,52531,52531,52531,52531,52531,52531,52531,52531,52531,52531,52531,52531,52531,52531,52531,52531,52531,52531,52531,52531,52531,52531,52531,52531,52531,52531,52531,52531,52531,52531,52531,52531,52531,52531,52531,52531,52531,52531,52531,52531,52531,52531,52531,52531,52531,52531,52531,52531,52531,52531,52531,52531,52531,52531,52531,52531,52531,52531,52531,52531,52531,52531,52531,52531,52531,52531,52531,52531,52531,52531,52531,52531,52531,52531,52531",R849362.37,R6825.00,195,2/12/2025,100,R785534.34,R7855.3434,Sold,Invoice INV-0112.pdf (https://v5.airtableusercontent.com/v3/u/53/53/1779120000000/NXGDHBD2HZ_o9lH4NjfSrg/RLwWWq3f2FqoH_myApEMucSSaG-qOpeGv2ug1UrFRLkzMkkPdVo2pMb--faxpKHgJhD98ZFopDJHOqAmmcxT_2BH2MqM31IyK11a_JXZASTQjWPS1FIPwUSuDeVjvEvB5fD2u35wW0vkhqwTvDpGjCQLFA0Toap2EAqHEuDkqYQ/TdneJLaLfb5yWWW3_MbFOwHHIyY0I7pX8ncuo9sJ6fk),3.29%,0,R0.00,SVC CALCULATION.pdf (https://v5.airtableusercontent.com/v3/u/53/53/1779120000000/dKVMihii5NFf_JSRIux2kg/OaqmB5SLqcf1pKCMY8J2mcdjbabhVL7clV0lDBKWoZNRwZzzAVlMKNg3F6B_iZIdrxU1qhEMezhNP9USHhqpQ51txQFiq9iY7LcBHMNHfRCKUh-ER5RTc_GHaXnvhIJOB_rS7GqFBEdq511UL6UfTj1s_0gW0BZWRXCrOC-78lU/mZryrIx1nb0DW1sImpmmDaHqEUeTehnY-m6urPnwwDU),,
Batch 727 - SVC Cows,67749,"August 2, 2024","August 2, 2024","October 4, 2024",,Cycle 5,-591,SVC Cows,102,0,102,SKM_28724080509320.pdf (https://v5.airtableusercontent.com/v3/u/53/53/1779120000000/2X9J2Y142gHAApWIDZQSLA/RNQKrb5OnScIDyOlbbFGzYPKC2PkhNRb8d03_Yb2thSSUU21OFT9cvj5mmcSXMcdCdGljLUWTqWmWvOwyGKZ97hEhJA2gKbB3uvkyuygOhNFYPdZF47CzXH4JTHYuXLP2Ocy_tWdMoXiDzMgMYhoBL72u_cp9lRmhbAs-dIMnhY/2T9w0sajSDgjWwTXGAeiPYpzZdTTYSqOf4gaOrKs9hc),,R7277.9282,R742348.68,Processed & Paid,"52532,52532,52532,52532,52532,52532,52532,52532,52532,52532,52532,52532,52532,52532,52532,52532,52532,52532,52532,52532,52532,52532,52532,52532,52532,52532,52532,52532,52532,52532,52532,52532,52532,52532,52532,52532,52532,52532,52532,52532,52532,52532,52532,52532,52532,52532,52532,52532,52532,52532,52532,52532,52532,52532,52532,52532,52532,52532,52532,52532,52532,52532,52532,52532,52532,52532,52532,52532,52532,52532,52532,52532,52532,52532,52532,52532,52532,52532,52532,52532,52532,52532,52532,52532,52532,52532,52532,52532,52532,52532,52532,52532,52532,52532,52532,52532,52532,52532,52532,52532,52532,52532",R828608.05,R6925.80,194,2/12/2025,102,R767848.68,R7527.9282,Sold,Invoice INV-0112.pdf (https://v5.airtableusercontent.com/v3/u/53/53/1779120000000/OT4V7hkN2m4FYAeGSb4WdA/Pu-Ut710GOEopC6Shw6qibzK9wnqte9CuSBV7ILJMmcjKXRZr2-EjJSMgvVpWSzfkU8m7sVhUwxso4k2DVdZlhWoTrm2M7ghnQt6SjVGnviK5Qu9YOykvt76CM0lHs83hOrI8zz0i1cOoBu17BwjatP8rDlrXrpO1r6p7VMC4fg/NkbYJgZ9Wj8f-iTPkAN-7-iFxD-Qb8EMRGtJ54oFius),3.44%,0,R0.00,SVC CALCULATION.pdf (https://v5.airtableusercontent.com/v3/u/53/53/1779120000000/9MFISj1MXSEnuA_sxBA8tA/dztpy_a1pFKWtxGMRXSrrAn54FOvFqUzqvtASxGcIlPgrWatA0LYL5q4KM6BgBHe27boIkHjVjuwfNgBS9uFqSbBY3e5zvGHYKv7NVBypfuzHS5tIfgWauknTaCwlmeb6QAKTN8hdW-xmA5ZlIxyJwbAw7LXFnJs35rCExQwiEA/VKn3hdZR-ctCqV7ev3Skz1_9ZGBR-f4JPrKwEQpZ_gQ),,
Batch 729 - SVC Cows,67752,"August 2, 2024","August 2, 2024","October 4, 2024",,Cycle 5,-591,SVC Cows,94,2,92,SKM_28724080608270.pdf (https://v5.airtableusercontent.com/v3/u/53/53/1779120000000/nSPgmq9QtikeRHJJugXX0w/m1nPdipd2HlYJZZR4kxgStgIp5ankLlr_s5JdVWGm21eejiAvWyryuuCKxU2brtWZMvcq5m8cDb3QG96dj6G8W2wU0QiIjYERieS3W6-XRqkG-3fuzantFx0IYtRC0bvXmPQSr86GDMuxrVfqmOogOY1PQFouP2Wp9j0BbDQseI/A_JmxfmKQ6xb9LNd6ONT7VZji3EUN9Q9RoWFynMsRm4),,R6683.4551,R628244.78,Processed & Paid,"52533,52533,52533,52533,52533,52533,52533,52533,52533,52533,52533,52533,52533,52533,52533,52533,52533,52533,52533,52533,52533,52533,52533,52533,52533,52533,52533,52533,52533,52533,52533,52533,52533,52533,52533,52533,52533,52533,52533,52533,52533,52533,52533,52533,52533,52533,52533,52533,52533,52533,52533,52533,52533,52533,52533,52533,52533,52533,52533,52533,52533,52533,52533,52533,52533,52533,52533,52533,52533,52533,52533,52533,52533,52533,52533,52533,52533,52533,52533,52533,52533,52533,52533,52533,52533,52533,52533,52533,52533,52533,52533,52533,52533,52533",R701245.51,R6382.60,194,2/12/2025,94,R651744.78,R6933.4551,Sold,Invoice INV-0112.pdf (https://v5.airtableusercontent.com/v3/u/53/53/1779120000000/Ow023lpPQWLKX50CmzKdVg/CUfBApxGgvgyi0YFDQ392PM9Fbu-ebw96EAUIvtC7t6ACSQ8RqEFVDsw0oT_RGq-Ullg6gisWshI5c0e0cKuGVmR_AeEpHgSEz1IJwPx0ANTK64BXfP1Elp4PBmdNz3kATU2a1l3ne9ogJ08lwhTsSw0G_dFvGiB27dbhS4zRZw/GO5s4j-JdfLg1rhLHogiaePAvfW0UhlsMy0a6V9clW8),3.74%,0,R0.00,SVC CALCULATION.pdf (https://v5.airtableusercontent.com/v3/u/53/53/1779120000000/xYOZ-VQb8ZtQ2pKnvXCAOw/lo8X405jDYMXpqd3z0v4Ov7qlB_OGj0Zqp9M8t31aLs16UXpPadMnM5nKvBslENKgPZpD3FvF2YE5Pg9X14zl-pn64c5MTIPaxzPWd4_Fb6ngtze835Hlad2h2wWDSQqhrPaO2z9-jGxvChtL2O-wZMKu7HIted4nOnlSHBF-yI/QiHSDUrNFfH9LnmI2RMMWh6t17gL02qvbFmQdCFKXS8),,
Batch 739 - SVC Cows,67850,"August 2, 2024","August 2, 2024","October 4, 2024",,Cycle 5,-591,SVC Cows,124,0,124,SKM_28724081212270.pdf (https://v5.airtableusercontent.com/v3/u/53/53/1779120000000/csXR1_dNEoOuWMRvDhVpdQ/S4mikPZ0W8HJ3NwFKEcrROBbdsKV52NFRNvE9ucA3kiNkyvNPZlmulbrSOAI2fWaBJMQgzzOBYt4uCHWN00KXrhcAx5EU0vvk6p4O1tTTPbEzDmVEdrSQwSjpZLGK08Vj1OQH8D76lsS8QuEfC9Sy5qfX5jOh2qXEVZ4lg3VfpA/cddVHNbNiG5RnOFVDgLAipTds1eJDjFkdweFuSYpyyo),,R6165.4976,R764521.70,Processed & Paid,"51906,51906,51906,51906,51906,51906,51906,51906,51906,51906,51906,51906,51906,51906,51906,51906,51906,51906,51906,51906,51906,51906,51906,51906,51906,51906,51906,51906,51906,51906,51906,51906,51906,51906,51906,51906,51906,51906,51906,51906,51906,51906,51906,51906,51906,51906,51906,51906,51906,51906,51906,51906,51906,51906,51906,51906,51906,51906,51906,51906,51906,51906,51906,51906,51906,51906,51906,51906,51906,51906,51906,51906,51906,51906,51906,51906,51906,51906,51906,51906,51906,51906,51906,51906,51906,51906,51906,51906,51906,51906,51906,51906,51906,51906,51906,51906,51906,51906,51906,51906,51906,51906,51906,51906,51906,51906,51906,51906,51906,51906,51906,51906,51906,51906,51906,51906,51906,51906,51906,51906,51906,51906,51906,51906",R850610.03,R8159.20,188,2/6/2025,124,R795521.70,R6415.4976,Sold,Invoice INV-0111-2.pdf (https://v5.airtableusercontent.com/v3/u/53/53/1779120000000/Q3zgGSOqdB5MTalF83PfyA/xSipW0ogDNEgA3UIiUpz20s1RViLxoSEk91M_07j2AWDCpG7vZmQ_5AXH9bbGY7qLetzwScsHS9ocvAVSjC7UUaVvRA8UMcWykpJdhWCDIA3t1KTeCHyLIw7hMdkva7tVReUOevVAngwT37lBLLSFClvxyX6_8RAYYmK2e85Lsc/DsXXyNVA_nQzRhKHQ-AyWs6BYJHluF4xBBtn1CDX4Nk),4.05%,0,R0.00,"SVC COWS-4.pdf (https://v5.airtableusercontent.com/v3/u/53/53/1779120000000/T0YleXmMiFvtPiVwyTGoWg/pREd37C-arWajf0UPbO6u_WyFBIhtK4qVYr4VDOHvohxKJ41Apw2e2LBBZk0UpV0FqSxvvGVRDf_PTkjGLSw_2lmfGhFl8Isy1TMmBqaa26KsYpVIs7mqRFHOYvxa2zcQR51mukWMJmwFWRmNm00-C-qyTLVsLyWpmjgnrhofzo/2zfg1vxHoflHXznkNhifE_yybokAoErxOqGo-G2jdT8),SVC COWS CALCULATION-3.pdf (https://v5.airtableusercontent.com/v3/u/53/53/1779120000000/lf8xx_aEzV9JFJybde9IuA/p3bC-Rn-V6DIR007nwS5FHy_hxo-UPhmsBkoXHkGaLgw3MAjual_-nq6cNK6Z9O1HmYHcJD6qV8fNqLT5dCGvV9NeejT6VNS3qnIu9U4QDcHRw2Ui8clEmApK96DZO8mOsE2qfv4AxrskH2ggOob6Z6Qk5M8U7LWeOyaCRpOxKY/AfUScIGIPvdmpub0v-ZPd92X8zlJMxbTscR9Z9YW3Bk)",,
Batch 730 - SVC Cows,67772,"August 6, 2024","August 6, 2024","October 8, 2024",,Cycle 5,-587,SVC Cows,101,0,101,SKM_28724080615270.pdf (https://v5.airtableusercontent.com/v3/u/53/53/1779120000000/7tB_MVQtNYDOUHgGgXtgvw/dafoRFX932sI6TXoICOROw_yvlEsXGn5CgWqi5zria1sUXxAJhIhREDX6tsJDdwur0RZ9qpUeHun_KZp2LpzrqLgq8i5aEX5-dVzlGr8eVz7P-V8FRwwY6IhUEtRKWY2MmOSIFqbOZj9XTNLnHJdjhU-gZJFf6y3lZ0sdR6LVLU/NIDenlPaeACU95Ds211YGkoVXEao8OG0cCz5vFsLD08),,R7043.7234,R711416.06,Processed & Paid,"52534,52534,52534,52534,52534,52534,52534,52534,52534,52534,52534,52534,52534,52534,52534,52534,52534,52534,52534,52534,52534,52534,52534,52534,52534,52534,52534,52534,52534,52534,52534,52534,52534,52534,52534,52534,52534,52534,52534,52534,52534,52534,52534,52534,52534,52534,52534,52534,52534,52534,52534,52534,52534,52534,52534,52534,52534,52534,52534,52534,52534,52534,52534,52534,52534,52534,52534,52534,52534,52534,52534,52534,52534,52534,52534,52534,52534,52534,52534,52534,52534,52534,52534,52534,52534,52534,52534,52534,52534,52534,52534,52534,52534,52534,52534,52534,52534,52534,52534,52534,52534",R792376.69,R6716.50,190,2/12/2025,101,R736666.06,R7293.7234,Sold,Invoice INV-0112.pdf (https://v5.airtableusercontent.com/v3/u/53/53/1779120000000/eJOHXMtsHvyZZS416Cb3Hw/23vYg93UUiBazRPb1oz4uLlIBzpQVbUzx9VyUbB8Ekw0TATb58yVEIhh_4FNqEQgDh518czndquUZoiG3u2Fkj3pZPwSx7h25jScy94XAk6G6Q57h1AMLMAJQFvGfe2RNvRzupbud2Ae-WdFQn8QAzYXEBqTdvpZTqOWGb0pFbs/jxapbmQbgwd0Gwopt1Rw7lz71PFWHW7gSYXy1f3S2q8),3.55%,0,R0.00,SVC CALCULATION.pdf (https://v5.airtableusercontent.com/v3/u/53/53/1779120000000/hOsdpAn4vOoPQ7q1sIbl5g/xhRn4yfPKHf0Q90Eax4eAuvsXYPEW5zfTJYD5QlYfI6zHp5pSeTIajx7Uio7jVRRSl9yFtv38is9xjHB4oblCwytzeGeRz1C1f45aATVgtFWaWU2Vcosxxp99E3YSredrUElhQ1IyHCY134u-_YdvGiuvECVEDEtiNF73Yyunio/bvlI6RG5VP96O0ct02V6Gmi7MKiXbfKgE-AyPQdrOHU),,
Batch 731 - ,67809,"August 7, 2024","August 7, 2024","October 9, 2024",,,-586,,0,0,0,,,NaN,,,,NaN,R0.00,NaN,,0,NaN,NaN,,,NaN,0,NaN,,,
Batch 736 - SVC Cows,67809,"August 7, 2024","August 7, 2024","October 9, 2024",,Cycle 5,-586,SVC Cows,107,2,105,SKM_28724080807520.pdf (https://v5.airtableusercontent.com/v3/u/53/53/1779120000000/eIwuscmpZ6IJFYkvOR8bFg/q5xkNKwj1S4wslNPVxXiIdprCF4ZObkO1qyx8Oo0W4cOZVtMleaOyZxpCvBQxt1QANisD6uGLvOhn8hNEYIx2vDQ3qXanNPDncJVWsxv5ZA1CYrDflFQQ1HNr-dwf1CuUlK1pG-tQzkBnj9oSipe1mubNYd0cuXWf7n7p9cCdUk/AkdOTOzC3cn49KTJi5nFtY0CRuvRMQgefV1VkmWfnyU),,R7124.5141,R762323.01,Processed & Paid,"52535,52535,52535,52535,52535,52535,52535,52535,52535,52535,52535,52535,52535,52535,52535,52535,52535,52535,52535,52535,52535,52535,52535,52535,52535,52535,52535,52535,52535,52535,52535,52535,52535,52535,52535,52535,52535,52535,52535,52535,52535,52535,52535,52535,52535,52535,52535,52535,52535,52535,52535,52535,52535,52535,52535,52535,52535,52535,52535,52535,52535,52535,52535,52535,52535,52535,52535,52535,52535,52535,52535,52535,52535,52535,52535,52535,52535,52535,52535,52535,52535,52535,52535,52535,52535,52535,52535,52535,52535,52535,52535,52535,52535,52535,52535,52535,52535,52535,52535,52535,52535,52535,52535,52535,52535,52535,52535",R848620.36,R7078.05,189,2/12/2025,107,R789073.01,R7374.5141,Sold,Invoice INV-0112.pdf (https://v5.airtableusercontent.com/v3/u/53/53/1779120000000/STl_LIqY6rb9nMN5OaRhLw/gH6bQ-JdTOn7_sR2oJJIukXFyIMRT_1KCG052A7ikKP7nbuY4VkFb-Z5sV8mxEfNz5Rpnmh_AmJB_vcwrPQNfdRmqZfMFwZe09FSFS5HCQVm_uheZOl7XUoAUWei1I5sw5JpD5wFoaWEA3gCrf2v-pqE74PEKbNuMR73oTIFgsI/cgJkzzJrDtBL6JuPYl_4WlmKYaUAlzYKVycSU2oot-A),3.51%,0,R0.00,SVC CALCULATION.pdf (https://v5.airtableusercontent.com/v3/u/53/53/1779120000000/HCJRVX5ILd_tHC7X4h9QSg/TTeIpX6PsBZXsYa2tdycQmxqZOUGRzFUNMKkNbpZQbygjRo59S9KCgiKKz_zm5vTlSrbt_c3mycoq-vedW0NY_TNd8hNdfeilVoKfyD3mQesh7uUTbG-pO4OugE5-iGQDH_tv6512UA4fH08lOv3PYMxWiQ7DFjG5kaMnbOEowA/hUlZ0EZQYUNjcvTLhhnAeXs09UggDtwExWq91vyjbMc),,
Batch 737 - SVC Cows,67823,"August 7, 2024","August 7, 2024","October 9, 2024",,Cycle 5,-586,SVC Cows,113,2,111,SKM_28724080810090.pdf (https://v5.airtableusercontent.com/v3/u/53/53/1779120000000/JQjQQkfEanx1yZhjd_onaA/h-55O-DK3PaMazBqlmbISlHWC-BQm5Vim6s76OThX8NoOfBTfkGpCTXWM6cU_-HEJroRuB2CzThgc9OXv1H61NtwGg65BGirHuy4yTyR54Xk_U7EjpqhCsgnbCxzPPHssrpnqViyoQ9pr0u6f5rdwMkBtkMr9Et7LtvUfc22VX8/t55fnwOqrUoCATR_IHRfmhvdMj1MMJcZMQtTC0XqX20),,R7744.7248,R875153.90,Processed & Paid,"51907,51907,51907,51907,51907,51907,51907,51907,51907,51907,51907,51907,51907,51907,51907,51907,51907,51907,51907,51907,51907,51907,51907,51907,51907,51907,51907,51907,51907,51907,51907,51907,51907,51907,51907,51907,51907,51907,51907,51907,51907,51907,51907,51907,51907,51907,51907,51907,51907,51907,51907,51907,51907,51907,51907,51907,51907,51907,51907,51907,51907,51907,51907,51907,51907,51907,51907,51907,51907,51907,51907,51907,51907,51907,51907,51907,51907,51907,51907,51907,51907,51907,51907,51907,51907,51907,51907,51907,51907,51907,51907,51907,51907,51907,51907,51907,51907,51907,51907,51907,51907,51907,51907,51907,51907,51907,51907,51907,51907,51907,51907,51907,51907",R971078.97,R7237.65,183,2/6/2025,113,R903403.90,R7994.7248,Sold,Invoice INV-0111-2.pdf (https://v5.airtableusercontent.com/v3/u/53/53/1779120000000/fMWelkGbD9UZG-ceVRSlJQ/d026aYZe9w9K0LRinXVpvSxfU4xH-yN99f3sdR5jiqORRdoZygTxnO-bIIZq9alw8trdG2I5wfa4o-XXtJXTAfbDQxyF9_MiL8ScGWa9bEIt1NNuxhHLQt9DPhOAl3IwiT2nj-NF_-RCPaUiWYLxJKh00z9I2kv0vfbVtK0KuAI/vqyd3QkFvvGmfXV4IqRjgvYmkSVpVBffqo5J85BWjPY),3.23%,0,R0.00,SVC COWS CALCULATION-3.pdf (https://v5.airtableusercontent.com/v3/u/53/53/1779120000000/qCuBpTqDDeLa6rcWBuqbPg/NcEmKELdpvzyV6cbxWDDnj3GQdj6XwHypPbTjZEV3ONM2BL99tMxhkHbAS73c4Jskw2vypl_LGEaYC2RC8SlP3lyEPJWpqQoXNIEYfXuBe_BHI8X3sBgFE7qoHbzgzmuxwjPlwgaet1QkhSj4diH-mv3jmuWOm6cuebtRkYPuG0/vCgMHxh2iscM_5fLf29DNAwv7CBzuWPcawVJihpLDT8),,
Batch 742 - SVC Cows,67859,"August 8, 2024","August 8, 2024","October 10, 2024",,Cycle 5,-585,SVC Cows,100,2,98,SKM_28724081214510.pdf (https://v5.airtableusercontent.com/v3/u/53/53/1779120000000/YRaNepKkj8g-fbX7-ush0Q/wRAsUemVE67drwATVuvTiJCiQEUQxF3fFXNknRKWmoXrVK_OCNfj85ta1crmI0qZM5OXsf8LhWQ0ZG_6KbGk7Vxj38KH3KAKMH8azf1z-DLO2uhIHXAHpxSdKazjiL4hHoC0MVeMrkJax2lFKRPNIQ8mVlDmrBPZjYctabCMdic/DeZ6U13dQwQg-eWT3KDJnQFl-ZiNvR-oTiTMJe5QipY),,R7424.1517,R742415.17,Processed & Paid,"52536,52536,52536,52536,52536,52536,52536,52536,52536,52536,52536,52536,52536,52536,52536,52536,52536,52536,52536,52536,52536,52536,52536,52536,52536,52536,52536,52536,52536,52536,52536,52536,52536,52536,52536,52536,52536,52536,52536,52536,52536,52536,52536,52536,52536,52536,52536,52536,52536,52536,52536,52536,52536,52536,52536,52536,52536,52536,52536,52536,52536,52536,52536,52536,52536,52536,52536,52536,52536,52536,52536,52536,52536,52536,52536,52536,52536,52536,52536,52536,52536,52536,52536,52536,52536,52536,52536,52536,52536,52536,52536,52536,52536,52536,52536,52536,52536,52536,52536,52536",R829571.62,R6860.00,196,2/20/2025,100,R767415.17,R7674.1517,Sold,Invoice INV-0113.pdf (https://v5.airtableusercontent.com/v3/u/53/53/1779120000000/DaEauk6HCYG0zm0Ab-NAXA/zRdGGAldh07wu_R3O8KZtiYu9451wGzebKniI0P4UfjUL72zgjUbGtmhymL3XKuFSt6J8FLYEranW3D7Dv5KY_bm3B0P44EdGerVPs1rWtpuZfBxQAIpGt95bfjDdvrrP5DLbLU8UI8plqGR8cGp2AVPYQDWnyEdS7IXLLisSFg/Ono_57jQ70zAWObvRmw2pLjxnkDKQEhrRW-CA6MEmiE),3.37%,0,R0.00,SVC CALCULATION-2.pdf (https://v5.airtableusercontent.com/v3/u/53/53/1779120000000/wAaQfdjFaD4yKG4rSHSlGw/UXKEX1LW6ZHjpleqnsaT_AhthANguFtppy-mWINPba99VJqHs_ekq_PBTvkn9q3vauUCB1nUoSjPfIyYsvY12pR0F9IchVGySF5IED7CrQ3BHFKw6iLdA3bL5yttOnGdArO7X1MHk8DyhCdSZI8b3vf-RZFV4qdccoItM9_PBbo/9_70Al7uRvyRkClPg75QKfHWkxQ_HhJyt4uNjCKSRLA),,
Batch 743 - SVC Cows,67842,"August 8, 2024","August 8, 2024","October 10, 2024",,Cycle 5,-585,SVC Cows,102,3,99,SKM_28724081209430.pdf (https://v5.airtableusercontent.com/v3/u/53/53/1779120000000/phqHwA0KZBs-y1OJolbGxw/VkZDxtPy4EJD_gwrHXxeUyH-jUlt1MpgVhd5QJB-DK8cAroSbf3kA3IqEs8OezGs7yYrgp1oQazPpi_yuxX5FBrfH2KL91XMK7kKGzYma7Nx-LTcJeCS930xyOwLEOH5VR_J5y0MdgmQO2cXdc9MYPdeyPigAttxshYM-rhIWVI/NVj08n26QJTT9uW4qPYTJrfeQtgwEz5jRlEP6souYIg),,R7680.8649,R783448.22,Processed & Paid,"52537,52537,52537,52537,52537,52537,52537,52537,52537,52537,52537,52537,52537,52537,52537,52537,52537,52537,52537,52537,52537,52537,52537,52537,52537,52537,52537,52537,52537,52537,52537,52537,52537,52537,52537,52537,52537,52537,52537,52537,52537,52537,52537,52537,52537,52537,52537,52537,52537,52537,52537,52537,52537,52537,52537,52537,52537,52537,52537,52537,52537,52537,52537,52537,52537,52537,52537,52537,52537,52537,52537,52537,52537,52537,52537,52537,52537,52537,52537,52537,52537,52537,52537,52537,52537,52537,52537,52537,52537,52537,52537,52537,52537,52537,52537,52537,52537,52537,52537,52537,52537,52537",R874014.02,R6890.10,193,2/17/2025,102,R808948.22,R7930.8649,Sold,"Invoice INV-0112.pdf (https://v5.airtableusercontent.com/v3/u/53/53/1779120000000/_60baihNIp0uUybOvl9BOA/fQMn6-IpHCbbB2BBENiDti9XnoASR2Fazp22S_s6vt0YbBjuAnkRqJk4OgvAmyUGrbvH1e9DGHKdnUgxqbmKGaoZ1UUC4BVTZqu6pjkxcY1dN1jGu0NnujQO8iWsVCApaerTHqBp4moqFsT9t1AYrde9YA0SlGHWzT7A7trI5Pk/Po5BkuR-17HG6Sxjo_Xyusw-Jl-TqBKjC-T3zoOUh_c),Invoice INV-0113.pdf (https://v5.airtableusercontent.com/v3/u/53/53/1779120000000/4hVxbQAUXD1wiq_dWJw0mQ/K7Dc7hfC0t6p04_nSjBTxmNhOjgENqVjVZz655CznNwW0grSrsMWgI9mRPw5WvWshsT_K5dhqib00NL9femtgVxaO7tJaBGkWI2Z-ZWkjm6CdpSIpezfYn5bc4h6A5hMlIkvgiT2L617EOxtF4xVznMXFH1ZFWi9SqPQz9aGX1A/pJa3YgEYuYkTUNjMexs-4OzdBoK20wx8Ae39ouEmkZ0)",3.25%,0,R0.00,"SVC CALCULATION.pdf (https://v5.airtableusercontent.com/v3/u/53/53/1779120000000/k8fjoJi4LJQQ2srRFWr2Gw/hoBKC_z9QNx9dRTnDjOiY3PFPhyDMD8tz0YOpt8L6XT--6Kklxm8m-U_qNwGN9ht-T5XcPMGqNLbawTuanwwfCbuFfoHHlPY3BhRSiRWgd5gFEEpt3rz-Pxb0aAXSQGb9rz8xn7JEMAUDl_saliz5Cwl-uWDl2xhqy3sf2gT6bQ/m4wvpeyj6_OCCR5Jwda3VgjPvsThUdd8O9Y8tKFBMj4),SVC CALCULATION-2.pdf (https://v5.airtableusercontent.com/v3/u/53/53/1779120000000/nNvqC_Wk1u6Hi7HRu2tUug/VbAeEe-sBheTT4nhESKtbvtoaSkETad0_gWhNHWnCW9n1bKEI8LMs5ACubt-75Aymd3qxOTIQGRVsCTvn4kvtQTVom8wQn6J613UM-NfqB2J0URRwSE1MEoEffcwPMPI0fci8HJ9TjQW88bvbRvkjR7Re-NM4cPSdNCQTynFyPI/o_qE546E6vXqBu5iVdbW80EwLPeL38eVibB6fIRdxtA)",,
Batch 745 - SVC Cows,67882,"August 8, 2024","August 8, 2024","October 10, 2024",,Cycle 5,-585,SVC Cows,54,1,53,SKM_28724081409240.pdf (https://v5.airtableusercontent.com/v3/u/53/53/1779120000000/oicXXBF56hA_5M7ex79FMQ/xYuLkc_NLpNuJpfFFP2hUEJa5xtZG6z5zHSU_jSDP-N04jQHYOxAKw4-nnF-d8jQVST-p3moA1H8AduFg_SVrvH2cjweoWKqOvL13S0-Mn4se4-E1dQFtTg_WdlFDHydt56lFwr50niu973xlPCfZ8tZVvPhEBcRh_yHf0kWC6A/tDLqTGc9CBOwlxZPADvezmuDXQPF2QF1vkBfopxbpPA),,R7636.9806,R412396.95,Processed & Paid,"52538,52538,52538,52538,52538,52538,52538,52538,52538,52538,52538,52538,52538,52538,52538,52538,52538,52538,52538,52538,52538,52538,52538,52538,52538,52538,52538,52538,52538,52538,52538,52538,52538,52538,52538,52538,52538,52538,52538,52538,52538,52538,52538,52538,52538,52538,52538,52538,52538,52538,52538,52538,52538,52538",R460810.63,R3704.40,196,2/20/2025,54,R425896.95,R7886.9806,Sold,Invoice INV-0113.pdf (https://v5.airtableusercontent.com/v3/u/53/53/1779120000000/f4g7JPz88KNBmt3g1n-5YQ/SXcwOU8W7JUB4WsECwL_BJQalOZ0i4hH_by13CnXgy6zqKMhSpp6vcSAG6pr022p9IP22eKWS-UfXWbjZDd1aoBsi4ghMKVDDnmf5bQsRxuMv9809rIAPIPx9RjdMQoUFTvuhiT-m3SDyPTqd1tGf0qxripE1N1Zmww0zwFtlMw/nTqFpAO7xL88RIH_ftvT-H0_xc2_GJ7opSt_2riem4Q),3.27%,0,R0.00,SVC CALCULATION-2.pdf (https://v5.airtableusercontent.com/v3/u/53/53/1779120000000/09Aa_iLm8LA6aMizUjLyQQ/HC98fqvQuMDD9n_VDpuLhWWJrRfTdsGLtXRBHhc4_cqJE72Z1xfCYS0yM5A2xDEkaBzY819_LeVOEYH6s6OrxtgDHgwB-fCzL2HH0gqYzTGzN3DqlwurtZBxFZgH7LjjTqaqx5_SyA5hYFzCnKW8I_R1tydFOBpBx4CNAzbbFQw/J3ZhSgCzSFDxid_hMGzPGlWrig_qb35x1nStU3jbP4o),,
Batch 746 - SVC Cows,67883,"August 8, 2024","August 8, 2024","October 10, 2024",,Cycle 5,-585,SVC Cows,45,1,44,SKM_28724081409310.pdf (https://v5.airtableusercontent.com/v3/u/53/53/1779120000000/2W3WxVazmrJNAcIw_djLTg/D0cXVsM4koOzfxlXV7BGngwuttIsXaeyF15x0OseP3wFiboPdjd6ZL_naYncNbcZfI9Gvn3kibcqOZN8Mr8GI6T4wfaE4Pd6vGjXXhlP8UdDA5SBZ0IW0_x1SI0aQ6er2kUifkdDPVI2AmGH3r8Z5_B3Fuw4BM_agtbFsgzwDKQ/DTGzVWCsjlD3gPWvJmrVw9ZrPYZ0ZiX6kPyEq8nx4rE),,R4825.0916,R217129.12,Processed & Paid,"52539,52539,52539,52539,52539,52539,52539,52539,52539,52539,52539,52539,52539,52539,52539,52539,52539,52539,52539,52539,52539,52539,52539,52539,52539,52539,52539,52539,52539,52539,52539,52539,52539,52539,52539,52539,52539,52539,52539,52539,52539,52539,52539,52539,52539",R242619.17,R3087.00,196,2/20/2025,45,R228379.12,R5075.0916,Sold,,5.18%,0,R0.00,SVC CALCULATION-2.pdf (https://v5.airtableusercontent.com/v3/u/53/53/1779120000000/ZgKrnfGoq29thSfjKR9Gdg/UhsZfGWHvQUmhFIDSnXWGb79lL6CU6AXrC0P-jELat8EUyIJgvxaNEr4OAlECyfeI_sulMkD3KWw90BLfUxHepubCDPVnkYiA1gDmkQjin2zlYvxClvbozBECLIDyddeibf_esj68RxKJ2TmdOWnKXKOq54-7xEg8DbivTpECeQ/JqHZfCICKbDcp_MNan2RoIWx13q147cw1LRpB78Fnoc),,
Batch 747 - SVC Cows,67884,"August 10, 2024","August 10, 2024","October 12, 2024",,Cycle 5,-583,SVC Cows,97,0,97,SKM_28724081409350.pdf (https://v5.airtableusercontent.com/v3/u/53/53/1779120000000/QrdtNjxgGv3XhLXbAMpVdQ/U-S2Si5vNq5N6bTnMvq8tnWNwl1eEnQi5mGdYy-mHWGxY-oKFOl4Y-erjvICptpsAf1lrNVKgFQFhc-hy_UZN5VXlgems6NrjUNIfbwZ5Fm9LCK5O2-yMPqtG-_sEwvhvICxsQaZpuF399KeI3UDjLbYHj2EgN6S1jUuNCtf-R4/v8gdbvAhn_HszKabqtpfeHvAEe9L2ywf1bBBFhs1YSw),,R7312.7562,R709337.35,Processed & Paid,"52540,52540,52540,52540,52540,52540,52540,52540,52540,52540,52540,52540,52540,52540,52540,52540,52540,52540,52540,52540,52540,52540,52540,52540,52540,52540,52540,52540,52540,52540,52540,52540,52540,52540,52540,52540,52540,52540,52540,52540,52540,52540,52540,52540,52540,52540,52540,52540,52540,52540,52540,52540,52540,52540,52540,52540,52540,52540,52540,52540,52540,52540,52540,52540,52540,52540,52540,52540,52540,52540,52540,52540,52540,52540,52540,52540,52540,52540,52540,52540,52540,52540,52540,52540,52540,52540,52540,52540,52540,52540,52540,52540,52540,52540,52540,52540,52540",R791760.87,R6586.30,194,2/20/2025,97,R733587.35,R7562.7562,Sold,Invoice INV-0113.pdf (https://v5.airtableusercontent.com/v3/u/53/53/1779120000000/Locou7ge_QkVwkdaB2IViQ/j54AddqT-w-QTLGp30iEmFVNbiK46SINxIXC5jpd8DpDdgVSklqFvO8tg-3L6tNKwf61pQMO8Bcg7M-lhEFtaEOStgw935VDIhP_jF8rq5_xkhA8d1CK6-MISBvK3WZHQaaWlb89NK_bYS8bNtE26IzHFbBXbZ0mskWlulXJZ_Y/Pjvvb3dyLZ3YdVdnLXD_D3aPZug6olJhm1eVd9Ks26w),3.42%,0,R0.00,SVC CALCULATION-2.pdf (https://v5.airtableusercontent.com/v3/u/53/53/1779120000000/ORA6eRuj1qWHVbUcepMS3g/h2IkjRnvQOeNQqHDmRKFK3FNecNczzDbIZmsf-T9D6q8-Vi_BP5pCIBIjsf3X5jtdHbDP2u5W9nadk4QAWny0wZyi-5oa7QpRDcD2UizrGBagjhUPeES6oJjyt7IiarqhoASeZw_dKgwkWj-rTro0NVf8umuwJ6_6GkFTk5VjeA/7HaVRlXlyvfOhNBLfisoX-ZTd7qsggPdU3ug8URZXLw),,
Batch 740 - SVC Cows,67851,"August 12, 2024","August 12, 2024","October 14, 2024",,Cycle 5,-581,SVC Cows,391,3,388,"SKM_28724081212271.pdf (https://v5.airtableusercontent.com/v3/u/53/53/1779120000000/XK331EX3eJ4jvD6XOSgfCw/VBimuy0iYuNzWHL9XyNGT1vZCKpmZYiWNO6NE5l34ShUciItc3uj4XcH5fCaA1zQi-_dYbfIOiOx3B23fVUrO7YD7l1GYPKaTnuYuLrswsnOcXsHrFjCFjlTTLbn9wgP-nLKlQCoAqUecmjlaFud6rtirMxtxE914Rx5rPfEOyI/8GramgxYFw97OrzxdwnttAds2_Rqk2Yw5K68dgLsWSE),SKM_28724091913470.pdf (https://v5.airtableusercontent.com/v3/u/53/53/1779120000000/eyHibI7uiRSi6bqBk9PqBg/x2T4sX-djRjIlLhSr8BZBxmrL3XAqOPb4k_9ycnLDw5bwcsCwkNNaG4N61mVmR7Ow4HVU1wzav8yOmVT-uxYLQfXqkco25TSAk372GQo0A2rw98ZGUJHmqTfFrLscMPnA-oBl3TK47bpS0DRcBeupKzW3sySbJPdadWLtN9QNf0/ASbrlyO95s-0fJAiIW3SQrRUIHRibdgWM3abiD2lIGw),1_PDFsam_SKM_28724092011390.pdf (https://v5.airtableusercontent.com/v3/u/53/53/1779120000000/MZNHzPS6O3FJKgoMV0j7TA/Zhx2ghlD96CSryQnK1RR-DT5Jeler4VoUqTG-HdGMexRs-hBxjWSBJk4OYuBcnTMUhooqwVExT_2IN9Zq3lzsptfDje7FmojedxcJrE3FVL9TFKLbXYGHYF95JfvKlk4ayDJCZNNHWSf_Xt1DsghkTdJEO87drXxhGqIHl_m7b8kFFqb7xNdmEodMiaGa0Ke/toJvOwGGvU82bf8OroZhfY8DmGzTrdg_o5O75fw7ilE),SKM_28724101415000.pdf (https://v5.airtableusercontent.com/v3/u/53/53/1779120000000/eEbOOvHiRYCuGypaUwOyZg/8i09hlaVWetybRaWmqM1KV6KwggO78pE1I7NUs764iszD43lLDOtSAOFpWXUlr_U36dD4aZh6g3HUw3NaRwNwi4TGQx-uq6Pn8p07qR7Sq1bTKG8Bc5ibTD_VTW2qA188-ayOqib3XWx06wMva3JSOPYyJFenROmme3HVVanPyg/E_bzGQ7GZ7vgcGavwM1Ji-po4Lk9xZeWTO-W12IIPQw)",,R13085.5364,R5116444.75,Processed & Paid,"52059,52059,52059,52059,52059,52059,52059,52059,52059,52059,52059,52059,52059,52059,52059,52059,52059,52059,52059,52059,52059,52059,52059,52059,52059,52059,52059,52059,52059,52059,52059,52059,52059,52059,52059,52059,52059,52059,52059,52059,52059,52059,52059,52059,52059,52059,52059,52059,52059,52059,52059,52059,52059,52059,52059,52059,52059,52059,52059,52059,52059,52059,52059,52059,52059,52059,52059,52059,52059,52059,52061-A,52061-A,52061-A,52061-A,52061-A,52061-A,52061-A,52061-A,52061-A,52061-A,52061-A,52061-A,52061-A,52061-A,52061-A,52061-A,52061-A,52061-A,52061-A,52061-A,52061-A,52061-A,52061-A,52061-A,52061-A,52061-A,52061-A,52061-A,52061-A,52061-A,52061-A,52061-A,52061-A,52061-A,52061-A,52061-A,52061-A,52061-A,52061-A,52061-A,52061-A,52061-A,52061-A,52061-A,52061-A,52061-A,52061-A,52061-A,52061-A,52061-A,52058,52058,52058,52058,52058,52058,52058,52058,52058,52058,52058,52058,52058,52058,52058,52058,52058,52058,52058,52058,52058,52058,52058,52058,52058,52058,52058,52058,52058,52058,52058,52058,52058,52058,52058,52058,52058,52058,52058,52058,52058,52058,52058,52058,52058,52058,52058,52058,52058,52058,52058,52058,52058,52058,52058,52058,52058,52058,52058,52058,52058,52058,52058,52058,52058,52058,52058,52058,52058,52058,52061-B,52061-B,52061-B,52061-B,52061-B,52061-B,52061-B,52061-B,52061-B,52061-B,52061-B,52061-B,52061-B,52061-B,52061-B,52061-B,52061-B,52061-B,52061-B,52065,52065,52065,52065,52065,52065,52065,52065,52065,52065,52065,52065,52065,52065,52065,52065,52065,52065,52065,52065,52065,52065,52065,52065,52065,52065,52065,52065,52065,52065,52065,52065,52065,52065,52065,52065,52065,52065,52065,52065,52065,52065,52065,52065,52065,52065,52065,52065,52065,52065,52065,52065,52065,52065,52065,52065,52065,52065,52065,52065,52065,52065,52065,52065,52065,52066,52066,52066,52066,52066,52066,52066,52066,52066,52066,52066,52066,52066,52066,52066,52066,52066,52066,52066,52066,52066,52066,52066,52066,52066,52066,52066,52066,52066,52066,52066,52066,52066,52066,52066,52066,52066,52066,52066,52066,52066,52066,52066,52066,52066,52066,52066,52066,52066,52066,52066,52066,52066,52066,52066,52066,52066,52066,52066,52066,52066,52066,52066,52067,52067,52067,52067,52067,52067,52067,52067,52067,52067,52067,52067,52067,52067,52067,52067,52067,52067,52067,52067,52067,52067,52067,52067,52067,52067,52067,52067,52067,52067,52067,52067,52067,52067,52067,52067,52067,52067,52067,52067,52067,52067,52067,52067,52067,52067,52067,52067,52067,52067,52067,52067,52067,52067",R5900966.28,R2688.00,256,4/25/2025,30,R400066.09,R13335.5364,Part Sold,"Invoice INV-0105.pdf (https://v5.airtableusercontent.com/v3/u/53/53/1779120000000/1fDTzxorZ2a_3TOHK6V7Bg/oqHNHiQrBg-83hdoY0hHpzZb8lGVwqdeHZkamSkDNDnCm2vjNoTyS2w2m6wcw5-oLwnhrB3ENvmMVw4z7bbiOOiTmTl6SEQOA1MlNOGQtOQPE15hTka0GlwCPGzi6kpNu2OLrj0C2u7FG01aNvn4L_QOcTdIDTBwVEO6ZckDD3k/oBsZWT5taJX-uWw9DxHuVptPZ1qbCHuIZoO2bthLAa0),Invoice INV-0122-3.pdf (https://v5.airtableusercontent.com/v3/u/53/53/1779120000000/b91Be5TadbQEkNE_KQ4oAw/7EQMZHXfvcUuOtmEa7SB9ESqbHufc1dkkfRrpCmrbhEQ_z8EOxvmFBifWoF_KQOfxr2rScfEastLYoeoA60Sp_9Z8JnNZfym5s6PPNeI1NamCqRay-rFWFlzAVFbQfR3TUZLXS-xtI-YvcEpZo2iPMxPkDfJCdQ8_Vpd-xMufRw/79qPWVqDDK5dA6BljoxbApnaADsMniHWVXlIL9k0dBE)",-92.18%,361,R4814128.66,"SVC COWS.pdf (https://v5.airtableusercontent.com/v3/u/53/53/1779120000000/0QgwKCz6umQsUSUqtAfWMg/LNdp8Sk1G6w3El0xZRdUjhMp1x51VKz0AOS3fKP9wRkx9GT7J62nE9-Vy1qlPUcrcbHSC2vREm4lHgpvN4a3zxlEtQJ63Kv5XNoLG4J7buVo3EfwnJl3_8Lwpbd8sQAtYfqaVlXYYN2zbEU2A-d__nIBINDZzoYrKlbNurU3ydc/m08DKn8JwAJDxKHtIzJqnbNg7Muy1C6wF9cnu8pIeoY),SVC COWS - WAGYU.pdf (https://v5.airtableusercontent.com/v3/u/53/53/1779120000000/Nm24XJPcKwBT4DXeJgv8DQ/d8b6_AviU9fge5Bzyd2yxlsgtoJd6NEWIe4klwp_hVWPLFRC1UP3sNGR5hpAdPwuomgiDRL4C59dhD77LSQAZoQbuHfTfmYf6iAmwSa3WhBO_wuvuiOXU3VFn5JjVZU11pMtO7ArLnAUR3o7TRgUXExL7Wu_S1Z6IldbnjdP6E4/UuJY9mlJH8mRUtp11Zj0ujyJvZtK51tSY2jlsHfZ0f0)",,"Allocated INV68419 to this invoice as 85% of the transaction cost is related to this invoice
"
Batch 749 - SVC Cows,67843,"August 12, 2024","August 12, 2024","October 14, 2024",,Cycle 5,-581,SVC Cows,104,1,103,SKM_28724081209510.pdf (https://v5.airtableusercontent.com/v3/u/53/53/1779120000000/sa08gD0eHfqjmJ7IpGDJEg/BOzQJ8qWMde7EL7GZUe_TB5UMnNHTUlpi-1zW5RjSNwup2M2IXiCNww3qoQKupRsdNFnnJVOskHyLMXF9Khh_q6gVefYhOw45VthhlQNGGT59txYGiqW3Cq_x4lelrdw9xf3rpWXaVrOHDPDU2uNxqKzY7k9KF9DAAKkeSfFYIU/K3Z7wCxJZK2VfYe3M0F03I92TS8UKHlhjFmDlxMmAo8),,R7129.5523,R741473.44,Processed & Paid,"52541,52541,52541,52541,52541,52541,52541,52541,52541,52541,52541,52541,52541,52541,52541,52541,52541,52541,52541,52541,52541,52541,52541,52541,52541,52541,52541,52541,52541,52541,52541,52541,52541,52541,52541,52541,52541,52541,52541,52541,52541,52541,52541,52541,52541,52541,52541,52541,52541,52541,52541,52541,52541,52541,52541,52541,52541,52541,52541,52541,52541,52541,52541,52541,52541,52541,52541,52541,52541,52541,52541,52541,52541,52541,52541,52541,52541,52541,52541,52541,52541,52541,52541,52541,52541,52541,52541,52541,52541,52541,52541,52541,52541,52541,52541,52541,52541,52541,52541,52541,52541,52541,52541,52541",R826742.89,R6988.80,192,2/20/2025,104,R767473.44,R7379.5523,Sold,Invoice INV-0113.pdf (https://v5.airtableusercontent.com/v3/u/53/53/1779120000000/V9sVqsttpjhvSyKhJ_4Rjw/sYjUDGI-X2XJqi6Q2Z40KBk5a7NQAXowm6Yq7cB98TGv3zmrYbu-7n3vq3l5wpVpzoQoR1n14Tnb6Dplqm-qC_5drzkcJeyu_OikLwpw32tm-8LHlYhUtcn5BrlF8HNALmdlJXrBaUfYLnDuz8pqIQQ4Vf3VcZVgnS6l88TfPFg/Y3OgonJbymV9X_PBZx6CgTpVaT4eJviTkUq9hrWeDXQ),3.51%,0,R0.00,SVC CALCULATION-2.pdf (https://v5.airtableusercontent.com/v3/u/53/53/1779120000000/cILU9YW-xn0PhcadmxwDLQ/XX5xd610urlDcHAQngmrfs8TxCMC4UrAGiCJSno-Nl4THdxBZNWF8drlmBbZ-BYx29HOxzwdX1z9nLrIMATemUh2JYyEx218haHPnhY9aGrMQb3IRE0M73B9SwfQRgwgVt6h99_lMPYmf2eh3loeLICIsK9n4XZVZeuf60U8ugI/vup8Nmm6EBN7-3cQXy3q6NwaDPLli3-qHXfSObhzE6w),,
Batch 744 - SVC Cows,67865,"August 13, 2024","August 13, 2024","October 15, 2024",,Cycle 5,-580,SVC Cows,158,0,158,"SKM_28724081309010.pdf (https://v5.airtableusercontent.com/v3/u/53/53/1779120000000/GfgQFUsvgOakNN9NUDSI4Q/FZ8u2R3QL-CMQxGsNDMxyb7JJTz3wsJ6pvUF1yLis6X7YM4lo4wUHFxb65BgRkr6IfDWTSF6zmZ4O_C_8rIlt6w46J_XhQZQlQKmNTfzYJsk-RhQ7OaYn5-izt9Yw76STu8rdRjgr5hg3luK--jxOeTVp06tsOzAVc6dFgxfgdE/vhwarzWkXclxoxLFFsdljEkLTdTBPLnYYP7OKVfTksA),4_PDFsam_SKM_28724092011390.pdf (https://v5.airtableusercontent.com/v3/u/53/53/1779120000000/yn1BnYlpi4EQ9HLvdO26ww/_pt9kb4kDsenT3MJ1An-s62BWP21tBzjUcqs7yx4E2elHZkoxs1mKVX_PD_jpIzkmtQUavzk0bdC_5rm5LiOhePVeJbBqdG24cSUmMPRcekgN3yadua8xi3o9_dgWnnD2aEfVNzmECl9PacXD5Wg50gbITDt94f-mELMcyWzQy0O9PAgoXJ7NW76WAre90ew/ig9EKKYmNPUMI9sqSgrtZsytj_bUksw3siotxmFNq3I),SKM_28724092411540.pdf (https://v5.airtableusercontent.com/v3/u/53/53/1779120000000/8MyjZi_xdJL7usacw8guMw/eCnST4C3QNYIncbVHtQdHseBGASrtiixhZFhiQk_3KkqVC4UgAWIZ1lWadZeT1fnGnvgGTk1wepoQqibpklRA5pMOKQ__5jcT-OnQk5gNH-dHidk7LqyI7v4RIZEACdv2KSpJjYyRF1mjwoCH0q--6OKHl5syGETsxU9o1avmcw/LUcRhX_Ktzd5py6qxSdooi5xLeksk_SncK5zaSKXTIM),SKM_28724092510400.pdf (https://v5.airtableusercontent.com/v3/u/53/53/1779120000000/ul1R9EAy90yUFcgqA0DZnQ/XDf0Orneqh6lQ3reCheE09Tc1-q8NxuDQi6g61UXaoHn7rszT8NUk3L5pqIN6f_RXAWk8pyxUUcrjdWwiD5hM44cQsMz8NYU7pFBEtw94wpN17ha-tws4QgQeX0gPfc4eGaiw1jFSVJUUV70tSABNL5JV7ArlTwSX5jZFMlJqeA/GgY93PFPBf2NwP3jxTy_ay5Efq9aH3ckcMUdQ4l_5lI),SKM_28724101415000.pdf (https://v5.airtableusercontent.com/v3/u/53/53/1779120000000/srNidL1MDU3aFFj15e0OpA/Wi2rKFTz3f9v9cSNHx_cew8PpslRzNrLT2HKJz6ONuLDrgVViGBUpm8eSpBCH2dulbE1WUil5_NwRYY8LZHrAuYIY5KZN6iIXxEA1cb-pcCKvDcqWzGj0SSr9GhccVnSltNw0og6gkaIeKmRujDBT12GlyaA04SNtauhyu6Ay80/ApgMofN9ug5FE3Foi3Jjt-jxCPjHgJHk6q-XAYvmBpc)",,R8145.1258,R1286929.88,Processed & Paid,"52067,52067,52067,52067,52067,52067,52067,52067,52067,52068-A,52068-A,52068-A,52068-A,52068-A,52068-A,52068-A,52068-A,52068-A,52068-A,52068-A,52068-A,52068-A,52068-A,52068-A,52068-A,52068-A,52068-A,52068-A,52068-A,52068-A,52068-A,52068-A,52068-A,52068-A,52068-A,52068-A,52068-A,52068-A,52068-A,52068-A,52068-A,52068-A,52068-A,52068-A,52068-A,52068-A,52068-A,52068-A,52068-A,52068-A,52068-A,52068-A,52068-A,52068-A,52068-A,52068-A,52068-A,52068-A,52068-A,52068-A,52068-A,52068-A,52068-A,52068-A,52068-A,52068-A,52068-A,52068-A,52068-A,52068-A,52068-A,52068-A,52068-A,52068-A,52074,52074,52074,52074,52074,52074,52074,52074,52074,52074,52074,52074,52074,52074,52074,52074,52074,52074,52074,52074,52074,52074,52074,52074,52074,52074,52074,52074,52074,52074,52074,52074,52074,52074,52074,52074,52074,52074,52074,52074,52074,52074,52074,52074,52074,52074,52074,52074,52074,52074,52074,52074,52074,52074,52074,52074,52074,52074,52074,52074,52074,52074,52074,52078,52078,52078,52078,52078,52078,52078,52078,52078,52078,52078,52078,52078,52078,52078,52078,52078,52078,52078,52085-B,52085-B",R1396385.95,R7852.60,142,1/2/2025,158,R1326429.88,R8395.1258,Sold,Invoice INV-0105.pdf (https://v5.airtableusercontent.com/v3/u/53/53/1779120000000/_CMkZixqzmUPjaW4LoI-Sg/cjebfWN5zRjUV8yW3myXTRziTjTZMhjbel68K5lTu_HFVHu-kFV1UamVS4bcUX56SZogOwrzSPU3jY9kqsvfpO8E0d5hVsKDGB5P19EzoJ2pPDBOPJZl2swcq07zKY9XiVq5bgbv15YMUO1h50h1hcWDfXiwJaRbTZIIs_KVLkc/54vvpxhDE_8tWuuLTapgA3HkB78IycmfBHd9yLsj508),3.07%,0,R0.00,SVC COWS.pdf (https://v5.airtableusercontent.com/v3/u/53/53/1779120000000/SzlysfrB3aY_68Zw9A6-mg/VVzOeHBfJgC1ctVWxFuoIx0W7dm5N_zg0t1faOpBGND7Bj9cavmosTSOaqn2ngA-huJa_Y5zC7KSUzEK4x3IQ7NY3G_k3daUX1QzYoQPapeGbgvGUkez_LZ2gRrs90-tu-tj2vZs6JAY-EwvcEFLOampFilAmNiHlERkrda1kGA/xdeavYmrNY9mw3X488R-Se-NOQg8Asz21Ea02xBkNg8),,
Batch 750 - SVC Cows,67869,"August 13, 2024","August 13, 2024","October 15, 2024",,Cycle 5,-580,SVC Cows,99,0,99,SKM_28724081309370.pdf (https://v5.airtableusercontent.com/v3/u/53/53/1779120000000/3MKwlvVUMF1KX-etyIQWeA/9CfGAmLfGZglsZ2-VERwcD1b8_OD_2AJ2ccrJByBJios2tGDhj9vwtVemNy1ad0oDQaB9qOvWFfaEZ2B3NVIqkUFBbIxtgMwVVyxExgfyqOLg0BELFr6qtxxhzcFDvsMRIu4ELDTUOYVPeUSFl7hjO4ITiVjwxB2ut_wlj6YYCo/1TOldiKfivQ-VSxoYcmv0wZ3kO5aAjhhnbu50wYHfKs),,R7813.1003,R773496.93,Processed & Paid,"52544,52544,52544,52544,52544,52544,52544,52544,52544,52544,52544,52544,52544,52544,52544,52544,52544,52544,52544,52544,52544,52544,52544,52544,52544,52544,52544,52544,52544,52544,52544,52544,52544,52544,52544,52544,52544,52544,52544,52544,52544,52544,52544,52544,52544,52544,52544,52544,52544,52544,52544,52544,52544,52544,52544,52544,52544,52544,52544,52544,52544,52544,52544,52544,52544,52544,52544,52544,52544,52544,52544,52544,52544,52544,52544,52544,52544,52544,52544,52544,52544,52544,52544,52544,52544,52544,52544,52544,52544,52544,52544,52544,52544,52544,52544,52544,52544,52544,52544",R861985.78,R6618.15,191,2/20/2025,99,R798246.93,R8063.1003,Sold,Invoice INV-0113.pdf (https://v5.airtableusercontent.com/v3/u/53/53/1779120000000/lEumry3iPk_A4-BJjJZ-YQ/-apobq2YN1LNwz1xfvlV7hGgtgt9eXxKH-tHBbRo9YJNGWGpwcfXThdkly6SlKqInBqokHH937av6NxCCF67Q5qKFu9Tmy_Yvi3-Xr8SVszfP__Fc-nXXCwrrY-2OM6qN8GE0gbqyT0UQKEYasyDCYysVtZitZtKfCbFqMZFM8Y/DtcqCxAbr0ETuH9t7bFtbrTACfGLDgANLfZNTAucOeI),3.20%,0,R0.00,SVC CALCULATION-2.pdf (https://v5.airtableusercontent.com/v3/u/53/53/1779120000000/jcZZRgN5ZtnkJto3EZTNyw/jQVDSKuaRK_l79B0MDc0dKkb781UGTqCt-X_HIpTJFBoZkrHOxkBB1oEFEKekLJc8CLLh8LQti7AWkkcQd2xjnNjuinI99X9n8u8JmZmQ2cOk7pecawIE2HAYWsJ4KchuG3H4CvUBsEoT4R5pSVm_2z4K-kuDO1g-u6XeG68rx8/Vq67lGOH_ajPgl5aKuAwhc9Y5yw9OwsfsYRxwa5_veA),,
Batch 753 - SVC Cows,67885,"August 13, 2024","August 13, 2024","October 15, 2024",,Cycle 5,-580,SVC Cows,92,1,91,SKM_28724081409400.pdf (https://v5.airtableusercontent.com/v3/u/53/53/1779120000000/-S-qW7nXs65ZFjuviSLgFg/v2cthGk3aFmsWjlCcqEJldkqAGipC73YF-9iHt6QG3qIePJ4FIWWWXLkuWSstfyjomEsQG4ejd__PvI1yWgnuZx7khvTcZaZs-BUANaKWZOvHLfENWOiehKHPOMKCsLoNJYLxdJ5Lp3aNj5UI8zkrXkxEEH6w7oXpYU0sHO7KtM/YXcCfjQFNEvtSfSndwmZgyWPt9l8WIvmZheOIStPtyo),,R7630.3870,R701995.60,Processed & Paid,"52542,52542,52542,52542,52542,52542,52542,52542,52542,52542,52542,52542,52542,52542,52542,52542,52542,52542,52542,52542,52542,52542,52542,52542,52542,52542,52542,52542,52542,52542,52542,52542,52542,52542,52542,52542,52542,52542,52542,52542,52542,52542,52542,52542,52542,52542,52542,52542,52542,52542,52542,52542,52542,52542,52542,52542,52542,52542,52542,52542,52542,52542,52542,52542,52542,52542,52542,52542,52542,52542,52542,52542,52542,52542,52542,52542,52542,52542,52542,52542,52542,52542,52542,52542,52542,52542,52542,52542,52542,52542,52542,52542",R782304.63,R6150.20,191,2/20/2025,92,R724995.60,R7880.3870,Sold,Invoice INV-0113.pdf (https://v5.airtableusercontent.com/v3/u/53/53/1779120000000/psdazX2TEMD2Ttr4Ur6IMw/eryi6elUZgqtkvosP3uD2znZKVHUOC0hAwe8TiNQSHqTh9SEy5lDm8b5t0Kc3V6JQ9TZ3dChYYJic8brkWnTHcy6JgnMUGITbUmrtvNS_lfXB9SrixNqXKU50pjBg_dN2W15PY4ZHDt9fT8R62bA0gbwiGuPhbw3hwyT4Mb46ic/yJ0dp1RgY_jk2yIcGsLy2FHqP8yEIJY9Js2UBzReenw),3.28%,0,R0.00,SVC CALCULATION-2.pdf (https://v5.airtableusercontent.com/v3/u/53/53/1779120000000/CJphs0ybHT2RpiKUGV63Mw/TdIkfiwMKBPXT-WVTr1D5umkYd1NhE0IBZkoUqmklciGoZk19EeP27OK72uttEECkcP0M_1kzHtCg5bS1k-y1Tu1Q6l3UU2_LqbnLQmmVIDIelwsywUW9Zoe0cR1a3XSpImw0ClWw-14KA98bO3iIg8DDQi_l7rmzBbb4CcfoiY/y7fVC1bheHyDfx0Zhft3w5ojnqWDzNZF3l0eG0KIDj4),,
Batch 756 - SVC Cows,67932,"August 13, 2024","August 13, 2024","October 15, 2024",,Cycle 5,-580,SVC Cows,92,1,91,SKM_28724081910200.pdf (https://v5.airtableusercontent.com/v3/u/53/53/1779120000000/6o4lFhsaQQGwvV4H9PPS1g/WUktJc_OBmVHfTe1lAbVFZKfOIGfZ8yGYqplNFzgAPXKQAmP5-piZS8Pfg8q9hcnDvzQObBQ-YApRqROJ2JuDJfGh8LQNZCC4yE_VAdyfryhwPNHZvupLphZgUQGuB_FIUZ8iDQP5FGSWQxHM7vuBXYeutJvDFS-ywCdCEddiow/K7gOOcw_hlc5Oc7o8sDG3r65Kts3c4_G5notKo8tBt8),,R6720.9542,R618327.79,Processed & Paid,"52543,52543,52543,52543,52543,52543,52543,52543,52543,52543,52543,52543,52543,52543,52543,52543,52543,52543,52543,52543,52543,52543,52543,52543,52543,52543,52543,52543,52543,52543,52543,52543,52543,52543,52543,52543,52543,52543,52543,52543,52543,52543,52543,52543,52543,52543,52543,52543,52543,52543,52543,52543,52543,52543,52543,52543,52543,52543,52543,52543,52543,52543,52543,52543,52543,52543,52543,52543,52543,52543,52543,52543,52543,52543,52543,52543,52543,52543,52543,52543,52543,52543,52543,52543,52543,52543,52543,52543,52543,52543,52543,52543",R689065.13,R6150.20,191,2/20/2025,92,R641327.79,R6970.9542,Sold,Invoice INV-0113.pdf (https://v5.airtableusercontent.com/v3/u/53/53/1779120000000/D5KRa_axnCElrV4JG7EV3g/p1mLbZ8uD9tAnpXwGB5AWhc9T8HBVDLVpz5zb7S0D-qSnLW6NEy6bFyhkbWv-tlQCpSnRUqCf8Y8dSCXi2p_pSgHVhu2yT4YJLw2fzFbRO6-Blo_uLTGPh4pbVfQmwenXXNA3Ss3ImidFgWfPF311sFhrY0AMy7TQsTMi3z3aWA/yivXeCFw8K_FQ5UpRe36L9f6FbTcns3ozsdGEJdDX78),3.72%,0,R0.00,SVC CALCULATION-2.pdf (https://v5.airtableusercontent.com/v3/u/53/53/1779120000000/GgJmhGfvM5f-AF2XOAB7Nw/dW96vADjb2yWRI_1_cA9g01VMte0lqJ6Wf_waO74oBih0ITu7hgUSRdBnLQP0YoscLQyXPH0XnhXLs2bNOipSApFEIY5-ydEEwxSuHi3lwju2jqv8Gnv_hTXSWigT1g3Rn1BOYuNvzXL0w6E8JZJSLEeH7YRnMFKT-mCS3_ofKw/gNpBgGjK_sSZ4Uq92dU2ffYarCT-MNI79gXp7ZG1zIM),,
Batch 752 - SVC Cows,67918,"August 15, 2024","August 15, 2024","October 17, 2024",,Cycle 5,-578,SVC Cows,106,1,105,SKM_28724081513530.pdf (https://v5.airtableusercontent.com/v3/u/53/53/1779120000000/ZCYDbmb4JKG8Ru5B9J-vsw/TtTDWt9VNOW3vVdWxWObGyAVMi6xmO2gpJGRDD7LBU4Fl5oKdaQFx7pxK2MgKfX6JjMyobZX3BSAEeybmZPB0N5DpIevYBYOjyMQtZirpRsLQU5dKdVzM2WEQqHQAnH6Bd5YDcB0etLmZvB5wI0vF4IeR91tHFgJ1EwqQWPmKHs/teVHCMe611qY9ku9EYcePjPJUezaTvr4ZFW3Vvh8T70),,R7584.6303,R803970.81,Processed & Paid,"52545,52545,52545,52545,52545,52545,52545,52545,52545,52545,52545,52545,52545,52545,52545,52545,52545,52545,52545,52545,52545,52545,52545,52545,52545,52545,52545,52545,52545,52545,52545,52545,52545,52545,52545,52545,52545,52545,52545,52545,52545,52545,52545,52545,52545,52545,52545,52545,52545,52545,52545,52545,52545,52545,52545,52545,52545,52545,52545,52545,52545,52545,52545,52545,52545,52545,52545,52545,52545,52545,52545,52545,52545,52545,52545,52545,52545,52545,52545,52545,52545,52545,52545,52545,52545,52545,52545,52545,52545,52545,52545,52545,52545,52545,52545,52545,52545,52545,52545,52545,52545,52545,52545,52545,52545,52545",R897390.54,R7197.40,194,2/25/2025,106,R830470.81,R7834.6303,Sold,"Invoice INV-0113.pdf (https://v5.airtableusercontent.com/v3/u/53/53/1779120000000/qrcWGP2r0a4QurwuWXQtyA/veMucF-K7qyrB5jK7E2TV3_frwcAMJIdA-N20YbwLYPU65zvCDxwq0MZVrC48KW0xkWHXGF7aj8s6UhdEQpS2PQrrQdgQflrOhzI0uDr5FYy2ma4EsHs8HGw7LTxjrGzHTBPAnh50B59P0kHQLZfa5pHB7r8Gv_Ye9Uuc6vigkc/nxZ-btSxM06rhc_U1I9IM_KJwh7hqsQC3zX8rn7xA5E),Invoice INV-0114.pdf (https://v5.airtableusercontent.com/v3/u/53/53/1779120000000/lkjowx-hdVz1-CLUvnyJcg/vUoUz9ciWJ3CFZMtruHFTOZb7UJCLbBRDEKAmOhA4uoUjBeBwtQPQtEqtcFjoXGnx3VFZ0SzYNqwAvf4Aq1xftvg211EyypwtLsaq3KEkcO-umntY3iQlAzkte_S-8MUeJruKqU6OPBnaqqiVcvDr5PanAxioi8kWXQxzhEbaJY/xWkjZfsc2VO7Ijubc-kObI2HW5KSd0ueTLlH9aNVkvs)",3.30%,0,R0.00,"SVC CALCULATION-2.pdf (https://v5.airtableusercontent.com/v3/u/53/53/1779120000000/5vxpZXg5LBuxiTwnLnkavg/O9QVXR-pQiSNImbTlreehHn6Gpanmp9B7X-aY0gGY85Jo1C93SEvu5UuEIo6Pr3SGuPNOwrmvWJHdWXBle7J5edjICdC72pnMCBjiqYmp3Ts2WP-Y_8EbxCylnXFOH4JMXq8gOCCIl23jXqr6pKYEurgG6YDaq9OVF8YKTYtxoo/DDxQ7yhsS-f9DDPgK9oash3UkIRyOo1y6Pl1ErnhJcY),SVC CALCULATION-3.pdf (https://v5.airtableusercontent.com/v3/u/53/53/1779120000000/gcUF8FMlcvgf4udGz-TPow/Fi5slEx6taos6CPSJziI6-s0IF5gxuXJ117P3lTH4hKrQlRr79Nq8tA7jID-JeBJC8sU_FfWoqx4GYnPnXQBA4o8JqHhD2oKebww3uyHiGdyw0feUn7L77ye1KPtoNgNrmVKwSU1uBYIKX43AL3cTIasmmVD_AJjKB5ZY30L-dY/_NS8nDPkQvZzK7p8xAF1lZNuOMwf5OOe7rVEPzNGz9A)",,
Batch 759 - SVC Cows,67933,"August 17, 2024","August 17, 2024","October 19, 2024",,Cycle 5,-576,SVC Cows,96,0,96,SKM_28724081910280.pdf (https://v5.airtableusercontent.com/v3/u/53/53/1779120000000/_CNSSUekF8uJDajBTly9dA/mikwYGCNpxnrIkDxKO3tAJy2bBfvhFhx-CJyoiCKzRJGOklFparrA3itJQKIw2qfCTMcuyVKLeVAiUt8buz5-w15oF5rfEFzHE8xtG_BYtB10TUYCj0UyNt1NAm7wFoYwzKR3SlCVc72BeJBG4m3PVSHioHIjA8KKkBrRmSz5Ak/ogIUucWgm73N2QNsCmOPkEsO2bskcJAFqpOCzKyYvQU),,R7211.1366,R692269.11,Processed & Paid,"52546,52546,52546,52546,52546,52546,52546,52546,52546,52546,52546,52546,52546,52546,52546,52546,52546,52546,52546,52546,52546,52546,52546,52546,52546,52546,52546,52546,52546,52546,52546,52546,52546,52546,52546,52546,52546,52546,52546,52546,52546,52546,52546,52546,52546,52546,52546,52546,52546,52546,52546,52546,52546,52546,52546,52546,52546,52546,52546,52546,52546,52546,52546,52546,52546,52546,52546,52546,52546,52546,52546,52546,52546,52546,52546,52546,52546,52546,52546,52546,52546,52546,52546,52546,52546,52546,52546,52546,52546,52546,52546,52546,52546,52546,52546,52546",R772709.34,R6518.40,194,2/27/2025,96,R716269.11,R7461.1366,Sold,Invoice INV-0114.pdf (https://v5.airtableusercontent.com/v3/u/53/53/1779120000000/XvnFp7Xw_H9AZesOkn5F0A/1mGSwH1RytTwrxgp5wj1dzeZ1C07H-0i8Wgl-K78GipRPC0Chqw9yfnOwML0RrvKtR7ImDfLB_M3RRpwnibaWtUnNkGMj6RZw62g1crOrqoTL7JWDnTxv3rOE4EJje-5BRlYNPPEjfM0ZI99K9_zjWT_JiyxnoSFzQ9WqVT4l5g/T94TZPqdZTCoGxFE_BxZH5V3O1TcCXN-croBAduBMsI),3.47%,0,R0.00,SVC CALCULATION-3.pdf (https://v5.airtableusercontent.com/v3/u/53/53/1779120000000/TwJznHVHjgu6DtCf4HqwRw/7AimsYOWQRSFP2d75yjx0bqHaEyUCU-PQpVQuLDg4pNQXY0pFwuil6cmNSR1_iR_qaxr5W1GYun70d_eFCT-AcXc_IoqrtJLuwByZJrj801Z8tqfkFwAzBjbEG8IBJBkF_Nkku6hNrgweGabJttFF0gymwarz6elmrrUydVck04/c4kKQjqlfFV3CgFWOM_LeY82fN-mTE83_Z-9rZSgOBc),,
Batch 762 - SVC Cows,68017,"August 17, 2024","August 17, 2024","October 19, 2024",,Cycle 5,-576,SVC Cows,124,1,123,SKM_28724082609110.pdf (https://v5.airtableusercontent.com/v3/u/53/53/1779120000000/CKOJHcGceGmfgogDIB7_6g/ZSB0LrtlrnRbpAF_AmU1i0enUNj4nqFnIckOaJjPQ20jQLYu7cQuLwRBcBlg1gFi_Oo7NXAy-gDvFZWtK0LpkkYpkH6euWcl2z-ZHhNWrjSFf2r6OnpDwiyEUE29zBxkW4kEZc8zZaDYvyYsOYsV85UCybnM7JDaSW6QDEya9nA/o9Ivs0ymcSCrg45MqAtclMZmwuY09dqKKe6P5Qo4r3w),,R7450.9006,R923911.68,Processed & Paid,"51908,51908,51908,51908,51908,51908,51908,51908,51908,51908,51908,51908,51908,51908,51908,51908,51908,51908,51908,51908,51908,51908,51908,51908,51908,51908,51908,51908,51908,51908,51908,51908,51908,51908,51908,51908,51908,51908,51908,51908,51908,51908,51908,51908,51908,51908,51908,51908,51908,51908,51908,51908,51908,51908,51908,51908,51908,51908,51908,51908,51908,51908,51908,51908,51908,51908,51908,51908,51908,51908,51908,51908,51908,51908,51908,51908,51908,51908,51908,51908,51908,51908,51908,51908,51908,51908,51908,51908,51908,51908,51908,51908,51908,51908,51908,51908,51908,51908,51908,51908,51908,51908,51908,51908,51908,51908,51908,51908,51908,51908,51908,51908,51908,51908,51908,51908,51908,51908,51908,51908,51908,51908,51908,51908",R1019647.22,R7508.20,173,2/6/2025,124,R954911.68,R7700.9006,Sold,Invoice INV-0111-2.pdf (https://v5.airtableusercontent.com/v3/u/53/53/1779120000000/qa7UngTDaNxgHGPR4y-bVQ/TWxCJxiaTwEdzxVJJK_DthGzrJG3LV_HgdaNqcC2Z4WjWq-O2JJTgNx6Vk2LotzhI1kBA4503L2J2BIqvaFaz_fqp06Oi0Z5b2EQaWC1AQEdFTQkd2jV7bwHjJ3uSm4V1-eRV6mQF1Em10Q7S7Z9u_QI_G1NvQelsjtJGCxBqVs/PgC0RKDlCwGjQwrfEBeJxYu-05btFIJKewc6FhfJ2Ms),3.36%,0,R0.00,SVC COWS CALCULATION-3.pdf (https://v5.airtableusercontent.com/v3/u/53/53/1779120000000/ARfqLfAiW5FR9-dDy1ce7Q/65EqfQhcykhwDgP2qaV5GujSsAObfErSqQtxLxg79J5yFaTnCga6m_8ju4P-Ghczh2oJ7dfgHshmpZ5X0eo_0jTkSI5O3mpWpdZfkvmO-FH1HiS_ypacknsxw4_BrBFn6NEJPlreRnF5Wd4v8bQWNgvYSwFrAkGEdB3cYs0Sijk/1s9Pm8WuhGRhDdTMnWqPlYUKN9sk0IkJyyL0TWH16Kk),,
Batch 757 - SVC Cows,67963,"August 20, 2024","August 20, 2024","October 22, 2024",,Cycle 5,-573,SVC Cows,94,0,94,"SKM_28724082013570.pdf (https://v5.airtableusercontent.com/v3/u/53/53/1779120000000/vUKI_ZhqkOII8cvuCtc7nA/C4jTd8qDlKDULoZc5fcmWcA3SvAOzbeswTknfCsvCMCqkq1w3DgMJIdkW4tBFSwA72c8rhPAXnF0ahAEKU_1YLgAEyNWUDNa19XE_IMqcJRbOpYuV_IC7QhfgMj3oI2FBiSBxY-YPcvah36P0aDeZH8flzdtJ63h4F1bH7s6yx4/mTMUmMddYH2cCX_awQUAIaqdTeaIN6U8643KK1CWAQQ),SKM_28724101415000.pdf (https://v5.airtableusercontent.com/v3/u/53/53/1779120000000/jIzrRDzTX2KWMlD75UjtJg/xtJrbj3jNTXt8t_I7UncuFuL_YeBiCbRpCCwTkzxoz7X7grRkrl_9U2tO3jiKgrl3Yux_5_rqlphINz3dTK6VpKoUhNFKv9Xoddfn9Vquz5xCrUMrDzvdOxpJqri1_t2PBmDMHViakB7cWTCW39mtm4ZaihczLoIhJ8_Z8CJWko/QWHY0HkMUbRx5iB4CYZoS4fYMIvumkMZvl4H6Vk1d08),SKM_28724102111500.pdf (https://v5.airtableusercontent.com/v3/u/53/53/1779120000000/wqfaVcDotwBsHI4G-YYIuA/GbfkQ0Tk7Sg4yqZXjn7nqP3M-80T474jvIqq22pfLJKY2Q-7kP2GFoNUMbdSpF0rWUnXGMwL_h1VVcFBkjnNpeixj8Cwvaonw9JVG6QzYV9nfzkXbDeuV7ndq4tuyP3QhVdwy9F97S6Q8uZb0SqMEl4NhuWDKHhfXnxAspbrabw/EBFox6wQ6awLYp1PZDeM1WAiQO7UrgDAfnWGa3Rcxys),SKM_28724121013450.pdf (https://v5.airtableusercontent.com/v3/u/53/53/1779120000000/5cTwLJtNPRcpGo7VL3d7iA/d4EPzt6OFhFRcxl5wmpRD5HZrlwsFsHcbMkLdz7zutXxAbp_HA7tEtaSvsOD2Rmmhy_CYqZCQ8lb7yt4416C63U9hAfrypkWAVMOTt4uvE9ehIUHL1RsiX3SdBqwGG_z4gwjzR4xwBK1G9KvYTBbmWboLLQ0yU3mgzb1xO53ifU/oL-sf_I1w8OBZxS8vmomitOCBrtHtRHORJKr0UmvB4s),SKM_28724121214420.pdf (https://v5.airtableusercontent.com/v3/u/53/53/1779120000000/HPDxxhFPtmC_U5xptcYOzw/C4o7lgzQYxZ-Zktq70kmdTSY9a_lbRGMOIoQVrbAr8QUVCcd5ujQfShtfHfHx_z4xvq2l8ldxI2Ess5w1aM4EcNIsBXwPkliN83uzRSpWOxPk9HvLlxZiPGDJWT4NIIteqok6h5S2f8uzrjhhtYAGSF9VK9kTvD14lDzLn7WHK0/yQ3HvIdBRjcnPbERNORPUwkMV-BY-7Y9z6Ht7ML_JXk)",,R8284.5544,R778748.11,Processed & Paid,"52203,52203,52203,52203,52203,52203,52203,52203,52203,52203,52203,52203,52203,52203,52203,52203,52203,52203,52203,52203,52203,52203,52203,52203,52203,52203,52203,52203,52203,52203,52203,52203,52203,52203,52203,52203,52203,52203,52203,52203,52203,52203,52203,52203,52203,52203,52203,52203,52203,52203,52203,52203,52203,52203,52203,52203,52203,52203,52203,52203,52203,52203,52203,52203,52203,52203,52203,52203,52203,52203,52203,52203,52203,52203,52203,52203,52203,52203,52203,52203,52203,52203,52203,52203,52203,52203,52203,52203,52203,52203,52203,52203,52203,52203",R880897.96,R7205.10,219,3/27/2025,94,R802248.11,R8534.5544,Sold,Invoice INV-0118-2.pdf (https://v5.airtableusercontent.com/v3/u/53/53/1779120000000/yv96iyptP_9NUEE-5XqJEw/Rs5xDWKSLvFRsmVQFp3MwzlC_EYVHUSAhJ2zYRI0FjefPkEpeCuWpXbl_h63GPCDoWvlS1U8reF2IgwgfS6sL-vg-y00XchbGzZPlyrtNaLYSVF6uhdFUtoy7-nRStz0f1UbMxMfgNXBDFNOJed_C4AK5euVWH71jzmIytxyMjU/k9Q7YQ_M1j4ZtOmikP8p6I-ZnyNq3tY72dK-yVXlMRY),3.02%,0,R0.00,SKM_28725033113260.pdf (https://v5.airtableusercontent.com/v3/u/53/53/1779120000000/N8XXGuSmlbLBTAvd7JZL3Q/zfQ3k4fY_42Zi6vrhK_QS7js5qXUp1hDLriwdPox9GBS83IP1zTh_spUc63rlAWwNNG979-gYtS_kd2g6xsOTGU2_xNxlAxMt_AwaJz-706n3d5-XifEvfd4C6h7lGGCEfR5aKNqYFMbrYNfAUJF0ZaYT-T-EsOUPliXA9Fu0Ts/5XQ4lVkY0FGnpLxxoA9dRb238s3KrJ2yDFq424j4Cwo),,"Transport iNV split for the 94 cattle. Additional R7412.948 has been added from INV69438
CN issued on 69438 on full R126006. New invoices issued for transportation, additional R 2391 (INV69490& 69491)

Calc confirmation:
INV67963: R722 474.31
INV60826: R46 781.70
INV69438: R7 412.95
CN001689: -R7 412.95
INV69490: R4 746.06
INV69491: R4 746.06
Total: R778 748.11"
Batch 760 - SVC Cows,67984,"August 20, 2024","August 20, 2024","October 22, 2024",,Cycle 5,-573,SVC Cows,98,1,97,SKM_28724082114250.pdf (https://v5.airtableusercontent.com/v3/u/53/53/1779120000000/iYg-LBm4OaJz_mRPhxGV7g/tQ6ECO1ASOkj8S51YBTETuK-aKtQUwHsLcNtJCZJRxiNYj-S0aM5Og6L5UhNFPhbLMrVmnR4J6SnTe55kCP8vPrYwasvPCpAFKkXcVIcx_sUCD0ELu-Z6gZmOVCw2KA1zRQTL6Yn5sy_PFN4Llz8uZPc35miKyGjMV-hLCPJaoM/MWWfnlTjkS4xU7DzLhBJk-M2SbMomGFEDdhl2x7pY2U),,R7762.2846,R760703.89,Processed & Paid,"52547,52547,52547,52547,52547,52547,52547,52547,52547,52547,52547,52547,52547,52547,52547,52547,52547,52547,52547,52547,52547,52547,52547,52547,52547,52547,52547,52547,52547,52547,52547,52547,52547,52547,52547,52547,52547,52547,52547,52547,52547,52547,52547,52547,52547,52547,52547,52547,52547,52547,52547,52547,52547,52547,52547,52547,52547,52547,52547,52547,52547,52547,52547,52547,52547,52547,52547,52547,52547,52547,52547,52547,52547,52547,52547,52547,52547,52547,52547,52547,52547,52547,52547,52547,52547,52547,52547,52547,52547,52547,52547,52547,52547,52547,52547,52547,52547,52547",R847729.21,R6551.30,191,2/27/2025,98,R785203.89,R8012.2846,Sold,Invoice INV-0114.pdf (https://v5.airtableusercontent.com/v3/u/53/53/1779120000000/5nq8rXm1TDlt1eswmO27gQ/TQVX_3dmVgqcgwZ03l4S9s2X525775RcByZK8irDn-B3RXGaWdY-vIDPAxiVdIHcDiL7dqx1jd3Izu8PiGPI343rZRG7xGPQgrput9WiD4d7yUhjAaFCJaN-rg4hGVLQpZb8_nP9EkOlc8T0BSN4J-0ikI_VEGgZm6Xhlc40dg8/xV_VU99DW20F7jEUetF__eFgV0Xf7TJ-FtcIB5-kW6c),3.22%,0,R0.00,SVC CALCULATION-3.pdf (https://v5.airtableusercontent.com/v3/u/53/53/1779120000000/Qi14mWUL6g9_uTqOhOakLQ/cBbkBSrR5211jIotz1VaUsyZnY1H1VziavPca-p0RSp2Mc3YH_BeF1iVT3-maplEBfAeRF_EOmA2Lhc582aFWtcY-fIrqfNJeipwVBdX2X7zo-zfdlmYm0Waa-vVNWFck4qhZvKL-dZUuLjMkqKd8xzo3ufQYdwjuWZI3xsFYSc/HZTNdmu2vS4rnPNWhTxdFMMZAZpjBf6YXH8BaylaBAM),,
Batch 765 - SVC Cows,68018,"August 20, 2024","August 20, 2024","October 22, 2024",,Cycle 5,-573,SVC Cows,89,0,89,SKM_28724082609250.pdf (https://v5.airtableusercontent.com/v3/u/53/53/1779120000000/Qx08riELkKx8GyDQiHcnmw/45zLXUddllEmbTnkgrT8ZtlSks0mz7S753eQwvzdb5QJflWzBKLm7oOWknHWufk5NnsJQBdS1zuDYQ-f7oU3m0iDtBBO2-BuhjKxqMvGNPNT4fFn7mz8MCjotOgk2RTpKzUzvG_iGP-yx84m1KwftbQwFWgZYUvDmxgj6o931ac/mlre4F686sWjKA5v7pjgHpuLaI4uLXPKcvXULLxTnNw),,R6734.4057,R599362.11,Processed & Paid,"52548,52548,52548,52548,52548,52548,52548,52548,52548,52548,52548,52548,52548,52548,52548,52548,52548,52548,52548,52548,52548,52548,52548,52548,52548,52548,52548,52548,52548,52548,52548,52548,52548,52548,52548,52548,52548,52548,52548,52548,52548,52548,52548,52548,52548,52548,52548,52548,52548,52548,52548,52548,52548,52548,52548,52548,52548,52548,52548,52548,52548,52548,52548,52548,52548,52548,52548,52548,52548,52548,52548,52548,52548,52548,52548,52548,52548,52548,52548,52548,52548,52548,52548,52548,52548,52548,52548,52548,52548",R667929.76,R5949.65,191,2/27/2025,89,R621612.11,R6984.4057,Sold,Invoice INV-0114.pdf (https://v5.airtableusercontent.com/v3/u/53/53/1779120000000/cO7CKxAcUH1PXykYcAm-4A/TY0yG-xC4FCZZaK2VNhGCgjYjDvDFY6PiaocTTmxZR7I8j19bX6g5f8EECUjp-yAZQkPQ2OhuzOmHdgX-YyxXZopz3VCL4iQ7CozQ2eLhucODVm4_p3Wncu3LgsyVYxcAuXhmkteKqFlanGBDF5vS4ZICC5MQ4vFIokT2eyX1xE/mySnkHjaC2nGS6dB8Hb4Pfm6lEqFzXh6ATKZynzFwPo),3.71%,0,R0.00,SVC CALCULATION-3.pdf (https://v5.airtableusercontent.com/v3/u/53/53/1779120000000/b5jvO3az7IHqhquv--d-wg/y4SkCBlvGFHlTQNw_iDWZViZaSQHYyCWJg1Bwps47AyOAxqh10ZDSWYOcJE0DISFtT1EIgRhPowz2dPy2wyFov1OEIf7Azqu95D9f7sMkw_qgKUT6DGuMWNz-ZpoIfWKUwq_eU2k33WuCRzhuTCrAxD5_XDoXq0aH9qbUep-glw/kYMoyu-7HnVpZpadoxxzpEG9tzrYqX8O0tuUxEQJeH8),,
Batch 763 - SVC Cows,68011,"August 21, 2024","August 21, 2024","October 23, 2024",,Cycle 5,-572,SVC Cows,123,0,123,SKM_28724082312021.pdf (https://v5.airtableusercontent.com/v3/u/53/53/1779120000000/ZmViJtqMVMIFKi5I1o7BdQ/2IjhSvIHfJANtAc8-sLbP_Xr11FfdxQNddUHoVm_HPxF_-Ocs3H_4QHT1SzaR0i1mGx5duQvS54D53BE0nbNRHzUnWctPZIZ7PlIMWGHPYDqeeX8dUGZavYlh5AkWvqOF4WNOJImk36mIqFlbniHbPcbYymZOsvdDvn2PqwVbi8/wgdcb-9fRp1jjV36T1mZjS6Kn8WJubuyJ6BJ5g7bU6w),,R7410.7207,R911518.65,Processed & Paid,"51909,51909,51909,51909,51909,51909,51909,51909,51909,51909,51909,51909,51909,51909,51909,51909,51909,51909,51909,51909,51909,51909,51909,51909,51909,51909,51909,51909,51909,51909,51909,51909,51909,51909,51909,51909,51909,51909,51909,51909,51909,51909,51909,51909,51909,51909,51909,51909,51909,51909,51909,51909,51909,51909,51909,51909,51909,51909,51909,51909,51909,51909,51909,51909,51909,51909,51909,51909,51909,51909,51909,51909,51909,51909,51909,51909,51909,51909,51909,51909,51909,51909,51909,51909,51909,51909,51909,51909,51909,51909,51909,51909,51909,51909,51909,51909,51909,51909,51909,51909,51909,51909,51909,51909,51909,51909,51909,51909,51909,51909,51909,51909,51909,51909,51909,51909,51909,51909,51909,51909,51909,51909,51909",R1003786.18,R7275.45,169,2/6/2025,123,R942268.65,R7660.7207,Sold,Invoice INV-0111-2.pdf (https://v5.airtableusercontent.com/v3/u/53/53/1779120000000/pRLqT-p7VIOLYVBLKkXXzQ/TT76OuAHMEPbtrUUayM2_kdszNJ4OwSDljlm-n59iytK-ivikmSKE4Q1MzrMtzLX1f2BwiqGN8pdezVbOPIHl5pyjVHWxG080z6P1zfhXMsYemo2Jdyu97z0w85K4Qe2IrQYE1uX1cPeVTY-Rn3lYt2PVwPeNqqwjzt6DXO37pA/v8BkM9bcpH8RL72TS2vJq1qyrerSI28GjkyEI1cTRjE),3.37%,0,R0.00,SVC COWS CALCULATION-3.pdf (https://v5.airtableusercontent.com/v3/u/53/53/1779120000000/-Kow7uvnYbBdwCzOyt2kAA/bmB6ttA0s33XzOa8E3orBKsM-A2DpHr0y2SqmjZpqTNYo6QAyHKoCJX8DFsiAGep6P7weGrDi7k3Y9rMWvw7T8kOD36Ar4oLPBn2g2gTQnj9h6gXd5lEI-h8gNORG8Uz-WxJZwPChn0ckykfFfMNUbZYR49PJpgkHeURhcTJJ68/HMUj74QdjRCSpVCDl4Owr5wYuG7CziH3DsCISeknbms),,
Batch 767 - SVC Cows,68020,"August 21, 2024","August 21, 2024","October 23, 2024",,Cycle 5,-572,SVC Cows,100,2,98,SKM_28724082610050.pdf (https://v5.airtableusercontent.com/v3/u/53/53/1779120000000/7wtxeVKBrMV5QQ1B6thQdQ/54sIHO-BUfwbkgkbkmjv7Wa1tarDZbEi_28wS3bAaRLUb3JW9oKLibNiYe8DdpMx515AR2b5ogHWW9NUKzOpJmVs8dFPvi2DmGtf5xcoo86lG8Quw8se9tZ2DgIuvr54I7D8Gp1mKaMqYp2gSrLqiQckvLdgkMF2v8Ikoabf83M/_zPMnBp8CiQaNgN6IZXBbMYg2YTWV8PKd6GIDtsbN2E),,R7699.4472,R769944.72,Processed & Paid,"52549,52549,52549,52549,52549,52549,52549,52549,52549,52549,52549,52549,52549,52549,52549,52549,52549,52549,52549,52549,52549,52549,52549,52549,52549,52549,52549,52549,52549,52549,52549,52549,52549,52549,52549,52549,52549,52549,52549,52549,52549,52549,52549,52549,52549,52549,52549,52549,52549,52549,52549,52549,52549,52549,52549,52549,52549,52549,52549,52549,52549,52549,52549,52549,52549,52549,52549,52549,52549,52549,52549,52549,52549,52549,52549,52549,52549,52549,52549,52549,52549,52549,52549,52549,52549,52549,52549,52549,52549,52549,52549,52549,52549,52549,52549,52549,52549,52549,52549,52549",R857566.03,R6650.00,190,2/27/2025,100,R794944.72,R7949.4472,Sold,Invoice INV-0114.pdf (https://v5.airtableusercontent.com/v3/u/53/53/1779120000000/XVAMY-tfznGwX7FZ3Y9VMg/Mnp3VnhuYeHevGse8qIOEGiqKlnkrZJ4VoG0_OaqHdvklKEDJHeLq80W3CYrczSBSWeB69vmCn2DVaz8SZrFz2IQSQZ7G3qNgpuvQCphnKjPnT3zS0oOxlznMNA0apjgjBUUBMr7hAvpXL1fG4AHjYhaUE3LbcLHgRDmhRelSnQ/izPgdC1foFGiwfDiZWqhGR1P9boTiaFNHAwGborzIHM),3.25%,0,R0.00,SVC CALCULATION-3.pdf (https://v5.airtableusercontent.com/v3/u/53/53/1779120000000/CMi5p0KaM65xO_oFjLAFNg/oOvhcRbopM-Ua-QaXQQ4PZFeX-yi8Xj02gI61fg1_Zwc4Cw_uulifXmttMm65zKWekBYw_eg5D7fB-e7GH1q03rqPy5tMBtjVSf7FUfhBDM8DzoDv-oZJ6S1XAuOX9fJ_Oj-GSOFpdrw3IEGV4K3yItjnAfHsERwLdIFol7zeNs/6KDbYXtL8OoJlevW1EOYFZkWxa5u03LIX__efSyc82g),,
Batch 766 - SVC Cows,68025,"August 22, 2024","August 22, 2024","October 24, 2024",,Cycle 5,-571,SVC Cows,97,1,96,SKM_28724082609350.pdf (https://v5.airtableusercontent.com/v3/u/53/53/1779120000000/NPNZC9VVe_OjeF_WJJPBsQ/LOJn7mV6bquwepr2QHZhRPq1V15Mju0X95Tai9GsSg2eH9Bs4M6qa7h7FOkeLh4VQKdY84VaWshX69cv2o1J5eng1fUN42dwj9QKTMiE1h1Q_GW_j82mlCoIx67aCD0l8hBVdK71cOMpIKSXxsoCX3WFput-y2Z6E24O1yAlr_g/ItDHFZCDJVxEUhTCsv1lS_MtFLPS0exDy7CDPpAjA2E),,R8050.9186,R780939.10,Processed & Paid,"52550,52550,52550,52550,52550,52550,52550,52550,52550,52550,52550,52550,52550,52550,52550,52550,52550,52550,52550,52550,52550,52550,52550,52550,52550,52550,52550,52550,52550,52550,52550,52550,52550,52550,52550,52550,52550,52550,52550,52550,52550,52550,52550,52550,52550,52550,52550,52550,52550,52550,52550,52550,52550,52550,52550,52550,52550,52550,52550,52550,52550,52550,52550,52550,52550,52550,52550,52550,52550,52550,52550,52550,52550,52550,52550,52550,52550,52550,52550,52550,52550,52550,52550,52550,52550,52550,52550,52550,52550,52550,52550,52550,52550,52550,52550,52550,52550",R869343.85,R6416.55,189,2/27/2025,97,R805189.10,R8300.9186,Sold,Invoice INV-0114.pdf (https://v5.airtableusercontent.com/v3/u/53/53/1779120000000/nYkp_fexG00R8KXIGDo9-g/9DhTUv9xRdo0z7oscD-Qm8H6b2noEr_ZaRwIgF2LCsHBOoS6OJAuqM42JspWngimpQUoyNEgGN3L45RLpSQIcYJOzLO4vB3y2rmV-_-nTOMZ-4DVWPSxpTGIGq4LO03JSoAmBDprWHBtHh7eNSSF6n-LJ_360MvdKb-UjFH85j8/5WPkXwuHDyY3rVFN4nSu9i0coHJNM2rDOvqHNyQwpZk),3.11%,0,R0.00,SVC CALCULATION-3.pdf (https://v5.airtableusercontent.com/v3/u/53/53/1779120000000/NUINsTFeEMQibQzfhIG08Q/fXCuhP4Nudywunv80NZWtKQLxhl8OzAqNV1TEidyw9gI-pn2lPmlegoi4-er26iu-qD02uFj7Jfz648KjgmsD9W02u4w9yRkqbJ1SYrP3PTyjgGVLYpbcQjuT-wkun46cldWP5cEf3PZ-r4jBIk9buVfsvwVUOmJiIzJPkNND-0/OykFB4NFyboXgEAsTuuKOzGVEV6N678RxyddR0-IoII),,
Batch 768 - SVC Cows,68027,"August 22, 2024","August 22, 2024","October 24, 2024",,Cycle 5,-571,SVC Cows,100,0,100,SKM_28724082610080.pdf (https://v5.airtableusercontent.com/v3/u/53/53/1779120000000/e_E4xX5X4_TPx-pugW-qQw/5D9y9ClN_p3nAi3nJmsICjNMIwI-oqaxqzTUcWjBd1rvdnSg3-BB9vIz0gZVHHGtZcSw0cr2pfyL6-DSuEJACOH8odTi4J7D8lw6oJHQgdws6U525XQ42NcAI_6P3N8ZfOEtHz8xCl8RrQGY58OUTqqsRp6bxA5LzFaDC4grQxk/jAxLj1_e6MQwaewUFEIFGD7GTkEVmLET-fbz8drXx6c),,R8008.8081,R800880.81,Processed & Paid,"52551,52551,52551,52551,52551,52551,52551,52551,52551,52551,52551,52551,52551,52551,52551,52551,52551,52551,52551,52551,52551,52551,52551,52551,52551,52551,52551,52551,52551,52551,52551,52551,52551,52551,52551,52551,52551,52551,52551,52551,52551,52551,52551,52551,52551,52551,52551,52551,52551,52551,52551,52551,52551,52551,52551,52551,52551,52551,52551,52551,52551,52551,52551,52551,52551,52551,52551,52551,52551,52551,52551,52551,52551,52551,52551,52551,52551,52551,52551,52551,52551,52551,52551,52551,52551,52551,52551,52551,52551,52551,52551,52551,52551,52551,52551,52551,52551,52551,52551,52551",R891543.02,R6615.00,189,2/27/2025,100,R825880.81,R8258.8081,Sold,Invoice INV-0114.pdf (https://v5.airtableusercontent.com/v3/u/53/53/1779120000000/XU8fbzlfUY8oiu55KMiA8A/wGLMoBoRYwjg5-uFbWSw5x0e8p8Rylm6-284SEpkT9yKQCOlXArvE_FtPMX5ldreDG_ghjtUSDiPD7UbeBlp291j93h-Zivqe0QPx7qpW7ExJEHLT5jinYa7HQr6WUu-2zot8NiR7uW7AESo-pwtAN40HUsreXvbhy0O5VZiD8E/N8q72sRKK8py36Ype2oxyvnDyNWeiJxNHM9PSTOkPdo),3.12%,0,R0.00,SVC CALCULATION-3.pdf (https://v5.airtableusercontent.com/v3/u/53/53/1779120000000/DssHvDvC8R6zciEwyIAofA/CfyW-CHSUuLnBlxpApkHLm_iMboPPMGSxAL7mvc1ZWT6gZM8z75VJs5jakr1r01Og841WxZ0iFt3sFOik290saLx4E0AP8lYbugu2YEFKMOtn71b4wl-uV7bO4Gl_W4PVzX_xMWjj36DrDocFcWMHDnJMQSBqPS2y6yHq7vVH7Q/38KiynM_OEFM_PWnjhAyXEIGnSaOPBpwNluC59WlLfw),,
Batch 769 - SVC Cows,68045,"August 23, 2024","August 23, 2024","October 25, 2024",,Cycle 5,-570,SVC Cows,100,0,100,SKM_28724082809160.pdf (https://v5.airtableusercontent.com/v3/u/53/53/1779120000000/GxJLZkT_r0QTWK8NFV3PEQ/ZpBxZy8pdNsUlJ24yx6yptjVW7Vt_qH79MDCQq3RAYcgvCPwihM-0vSE9w0ln4nc5DocXPK-a-jpTLnNPuOanSHqSUewrL3lhKFGdAtrBo9gaN807b1lMITjZKAGla8qdYsV34QYyxxJySqFMAnxUMRqXyCSN_jot9zEBj-IOk8/iDFYW8djBaO608yF7Rm_TCjycnT15REYG5-IuRu1Wro),,R7784.2780,R778427.80,Processed & Paid,"52552,52552,52552,52552,52552,52552,52552,52552,52552,52552,52552,52552,52552,52552,52552,52552,52552,52552,52552,52552,52552,52552,52552,52552,52552,52552,52552,52552,52552,52552,52552,52552,52552,52552,52552,52552,52552,52552,52552,52552,52552,52552,52552,52552,52552,52552,52552,52552,52552,52552,52552,52552,52552,52552,52552,52552,52552,52552,52552,52552,52552,52552,52552,52552,52552,52552,52552,52552,52552,52552,52552,52552,52552,52552,52552,52552,52552,52552,52552,52552,52552,52552,52552,52552,52552,52552,52552,52552,52552,52552,52552,52552,52552,52552,52552,52552,52552,52552,52552,52552",R866082.01,R6580.00,188,2/27/2025,100,R803427.80,R8034.2780,Sold,Invoice INV-0114.pdf (https://v5.airtableusercontent.com/v3/u/53/53/1779120000000/L7TOqO2fADWImqHj8wgHIw/SirqfKni4T_Ux5mJtJ4pX5bYTdjPnpGkRaNVQDdivhLb--0VV4R2y5x7WmPy5qTSo1dOuc2CBtiHIRzxBZnFR5lrZ5EKOajdQsMG_LZh-ClbZxHk_3VEM9O0eIYj2kd8t6m8_cGaggouSSBobof7V_pTudLh0YkTjDWW3SOmtVE/V99mo0Xy1vffd3Ivcu1UOTjE5ftBABhB8sqJb0rsWYI),3.21%,0,R0.00,SVC CALCULATION-3.pdf (https://v5.airtableusercontent.com/v3/u/53/53/1779120000000/3JoUOjhMSSC4MS1ojCTFjA/6wusc31D5_HlSlkyJ3ML9FHK7PsV0v5pZzbGRe7AMoyQ8Sd3dNCSbAJHLReKFXnZ-TBzVXYXLh_LM-mkoTmNCKKWmvitVx_XSwBOwMxauhdSD348NHofrbSL3PRbgzL5euNzdsjcB29myF0yAKeqPIGlcMWkt91l1u4UMhjgm9g/7xCBmtUp0VA2UtfiayxRcT_hovS9pi1jFbB1lFkhADI),,
Batch 770 - SVC Cows,68042,"August 27, 2024","August 27, 2024","October 29, 2024",,Cycle 5,-566,SVC Cows,109,0,109,SKM_28724082710430.pdf (https://v5.airtableusercontent.com/v3/u/53/53/1779120000000/v4KJQewSq6oZEV6aAP0B5g/Mt-CEvpZzBXIuO6VqM56Ybe3DZe271BnpQlKynp8IcSomMB4yENhc-poQAbZmETfVQ5zSACYr9pJx1Hzr-VjtmTlBTbU4iOQqbdq8Y0abiH0ED1gbE5BYKhwYVUC2afbVyPoDMLVjpX4zYDI-HIlJhJO7qF7-yMypH_vaH4h0Lc/9k8yOzDq-bcq0FN5qF8Dd-00bqYw3ce0e38PYAW5njQ),,R7570.4188,R825175.65,Processed & Paid,"52553,52553,52553,52553,52553,52553,52553,52553,52553,52553,52553,52553,52553,52553,52553,52553,52553,52553,52553,52553,52553,52553,52553,52553,52553,52553,52553,52553,52553,52553,52553,52553,52553,52553,52553,52553,52553,52553,52553,52553,52553,52553,52553,52553,52553,52553,52553,52553,52553,52553,52553,52553,52553,52553,52553,52553,52553,52553,52553,52553,52553,52553,52553,52553,52553,52553,52553,52553,52553,52553,52553,52553,52553,52553,52553,52553,52553,52553,52553,52553,52553,52553,52553,52553,52553,52553,52553,52553,52553,52553,52553,52553,52553,52553,52553,52553,52553,52553,52553,52553,52553,52553,52553,52553,52553,52553,52553,52553,52553",R918093.87,R7172.20,188,3/3/2025,109,R852425.65,R7820.4188,Sold,"Invoice INV-0114.pdf (https://v5.airtableusercontent.com/v3/u/53/53/1779120000000/HtPIuauDDwHCMc4O59k9aA/azGwQxlngehGrCx6fhncG0WhOZber9m26VByKt9UV3_HaQqKC-rx7mHwIJ2xHJTMIEsPr8LlO_WMF0H9U2p_ruRHKmhz3NK3ZJ_YpQZiZHomYE37AJcmHT2u8Udh1NAKVUMnXSeO4CKN9HBpAfCsfvMVeIRq85AWQpBISyL71sI/qNwbtySxuAFDznM3WA7fgDHM2xyssd6m2hhXOby4VNo),Invoice INV-0115.pdf (https://v5.airtableusercontent.com/v3/u/53/53/1779120000000/42SgtiyU3WSFFJjv2IcDvw/wKn5Ooli4e9ab_lLZki-U0T0Jkx8-kdMrh0wCUF-ZbUxl5v8qk2NXLBuxIsR7eAWx1MTG_bSfWx2N0sFKsTHCsdHPJ7c8wRp4425Lw9PRsrblT8kIH-fwt6JWR11HlvtOP81MyUhCTYpluxJtN_OgNFtT9_25hCkHS46fmKRS-E/zAI4FS8Ncgr_tzv0yHXqO1WeqVSRi6-IkDvi1VVSeqM)",3.30%,0,R0.00,"SVC CALCULATION-3.pdf (https://v5.airtableusercontent.com/v3/u/53/53/1779120000000/v7DGJcBMJb5mXvXkz0iy9w/pocXmfWcqZpsd5ka4zT9pi_h7G1vkYCFJsvBl1_XJvFEFQ6lsAHeBlgKIvHGVcBXirnxCzZIWir8tvxXL48MibJTMSOwXERzDkV-avbt02m69CKYQ4XEbwu6jknik8XvUU160atYWRlMI9WVaoWUiafdXDzGgB53sLwh8v2g-DE/hOwVkm_u8Z1D-5xh1V33tkBuRBx1OBQLQN8IytZ9W-I),SVC COWS CALCULTION.pdf (https://v5.airtableusercontent.com/v3/u/53/53/1779120000000/gvn8WbcnnBegYTKxsKZCBw/PI1HSewjgMdKIDK61si4kGeBcdmGQGn9kvwi6qlmyojElScFYywAqUHQAbggkiJasgZ35Wz20WL7S8O5nWqGhJtdvlBYI02lvCX4oqtvBDdV1odXXU62Nx0E1YUu3wInSQKH3C6s0HUCiM7Q7xCSiyNWDvZkxB76X5iO0su8qXg/mGHdqWlXPwvsIf-bSc-4NxtS0SgFL6DTy8vQT6ypQMU)",,
Batch 771 - SVC Cows,68041,"August 27, 2024","August 27, 2024","October 29, 2024",,Cycle 5,-566,SVC Cows,93,1,92,SKM_28724082709210.pdf (https://v5.airtableusercontent.com/v3/u/53/53/1779120000000/0BaLmV59yLn1vhstxH5dsA/zvC3Tri226rJCOkzwelUB0_YkPblzi6h60v8bEjSY9Z0owUiznWLaVPJ-QU6maKbYeMy8nRPJO8KlExzdXIwNbKV9nSrU8oeqs4e4CHpQ1hZ74f5aEMomIg-bZRyPcD-WbAWNGHODjRofO8nKm9zrIFMaCOI_kes48iLRkiJ120/-mxJ0eZmTmqKtFHKVrzrTzg-qtqPv7uJ8juOGGn1FI0),,R7470.6870,R694773.89,Processed & Paid,"52554,52554,52554,52554,52554,52554,52554,52554,52554,52554,52554,52554,52554,52554,52554,52554,52554,52554,52554,52554,52554,52554,52554,52554,52554,52554,52554,52554,52554,52554,52554,52554,52554,52554,52554,52554,52554,52554,52554,52554,52554,52554,52554,52554,52554,52554,52554,52554,52554,52554,52554,52554,52554,52554,52554,52554,52554,52554,52554,52554,52554,52554,52554,52554,52554,52554,52554,52554,52554,52554,52554,52554,52554,52554,52554,52554,52554,52554,52554,52554,52554,52554,52554,52554,52554,52554,52554,52554,52554,52554,52554,52554,52554",R771343.76,R5989.20,184,2/27/2025,93,R718023.89,R7720.6870,Sold,Invoice INV-0114.pdf (https://v5.airtableusercontent.com/v3/u/53/53/1779120000000/zHlnMvE5SXtOhmiEEa9j1w/vHbMNX5C9HC5oa1QUJgdgMbRQ2iJDlNnnBe9Bl_2lMKfCjug631-oGs3kC-7SHOsjCTJ0McaHge3CO_W55OEDTKyqjyLiLrA1dkEzgDlm-6iJrb8lNYRH3zQ0DCWmCvNzwNjeIV_lpCffQXK-57m0JhUogrU2MZPB-w5GmcEtB0/rhlL96pWcQREnBxqlfRDjm-TiDebDl6MVd0TWSBe5y8),3.35%,0,R0.00,SVC CALCULATION-3.pdf (https://v5.airtableusercontent.com/v3/u/53/53/1779120000000/4XmuzNz55fq9AA2s2ZPTjQ/5ffHpJ4b-trJRXKzC1uQ4bMk6AibN73JBagc1dfGtMYSgJWK4Ol7PlDOemXJSNh-l1a_nuhQt9Jxqt-3oAh9MKatyOr_ptXtXuQcoLjYK5r4Rg7hKa2CM2sJkEWXfYLX1VIJH5hAKA4yXpfWYxFSLR8p4rZVIQbbgXf8A6Aicnw/Nx28byZvQRJqUA7G4C5ItZLkRUxEJiUSqAjxF0Ga8Tk),,
Batch 776 - SVC Cows,68072,"August 28, 2024","August 28, 2024","October 30, 2024",,Cycle 5,-565,SVC Cows,117,0,117,SKM_28724082910070.pdf (https://v5.airtableusercontent.com/v3/u/53/53/1779120000000/eiDCpXyHmS6NlQxWywepuw/ariCmq0YZK3Nqu_Ta7iHa6w9wVAczdmlqh6-DvoFowUG4yMMWSLsbOGux419GVHzz244Na4a3SOzWHw-1OJZMY1R0xAHunsgn2ctg_SjUdS9wPaxYT0cpB9t45edcoUdByY7wnpTsQlOrxw8ecXgqliB2iNP9ls63cSgSoUXipQ/NNk9bSDMwrUXBACpO6CHXjNbMEuc2NpSlVs4xRNuMRk),,R7868.1197,R920570.00,Processed & Paid,"51910,51910,51910,51910,51910,51910,51910,51910,51910,51910,51910,51910,51910,51910,51910,51910,51910,51910,51910,51910,51910,51910,51910,51910,51910,51910,51910,51910,51910,51910,51910,51910,51910,51910,51910,51910,51910,51910,51910,51910,51910,51910,51910,51910,51910,51910,51910,51910,51910,51910,51910,51910,51910,51910,51910,51910,51910,51910,51910,51910,51910,51910,51910,51910,51910,51910,51910,51910,51910,51910,51910,51910,51910,51910,51910,51910,51910,51910,51910,51910,51910,51910,51910,51910,51910,51910,51910,51910,51910,51910,51910,51910,51910,51910,51910,51910,51910,51910,51910,51910,51910,51910,51910,51910,51910,51910,51910,51910,51910,51910,51910,51910,51910,51910,51910,51910,51910",R1009894.06,R6633.90,162,2/6/2025,117,R949820.00,R8118.1197,Sold,Invoice INV-0111-2.pdf (https://v5.airtableusercontent.com/v3/u/53/53/1779120000000/gNaLYPo7MW-6F1777HX87Q/Zi0i4Fx3OdCFs89cJyX4gRp3t2pqeOZeX_MkG9ho1jGgeu-7u8XlLo6UtOMsLTrgKEc_qemLDKErZEqlOvxZJEYkZugJQv0xG-Z5nOLz4Tp7behIw9kb-Gui1Fay6_byl1PxLC7BZRXnoawn3yzMqXPGj8PgVbLhOy1nMfY0GxU/m9cYVOXDIdKN0m38a8_-O4GzOSMAnnhq47PjeEflIXo),3.18%,0,R0.00,SVC COWS CALCULATION-3.pdf (https://v5.airtableusercontent.com/v3/u/53/53/1779120000000/ssPInhypoHjlKbgAMc2VWg/0plK0GLU52g4Eks4ZhwwZYE4ploxuhFdPQzTKCNSjkBJXgygg1KQ46sYfZmyXukc1L98TqDWJ_0hkYRXwIcv0IHTw2wLGvVxlEUW5CmTsfFYtMwXiCaaH1sYiopXH00ob27aMTn9tL_eWtFN8Rn5S0A1s5PbbrupOVkmmJ_QqnU/B1dwoBaFyiZ6dSsLBpA1mF-KwItJMkAX0sYNWoBrF4w),,
Batch 773 - SVC Cows,68080,"August 29, 2024","August 29, 2024","October 31, 2024",,Cycle 5,-564,SVC Cows,104,3,101,SKM_28724082912130.pdf (https://v5.airtableusercontent.com/v3/u/53/53/1779120000000/tl4ZiTmH9tOCMLL4bwXWLw/kAKnOlgCMc8KVPM3nZ7rMNeEAN1n2X3f_-FFdgsDkpp9cvsh-nY24by51LaZQg49fq5Ood8wX_p8ALbIdxPsYpi_E3uXAQLsynXwITKiJru-0ZgpzZx2lSjxxSO9d8yB3aAll2_7RYimvHqtps_BqIsvpL83EwFLgfpirNeSN6M/t5uACYExs67BiAth-NAKUYaO69ygNs8zmTPmnYndG5A),,R6242.6836,R649239.09,Processed & Paid,"52556,52556,52556,52556,52556,52556,52556,52556,52556,52556,52556,52556,52556,52556,52556,52556,52556,52556,52556,52556,52556,52556,52556,52556,52556,52556,52556,52556,52556,52556,52556,52556,52556,52556,52556,52556,52556,52556,52556,52556,52556,52556,52556,52556,52556,52556,52556,52556,52556,52556,52556,52556,52556,52556,52556,52556,52556,52556,52556,52556,52556,52556,52556,52556,52556,52556,52556,52556,52556,52556,52556,52556,52556,52556,52556,52556,52556,52556,52556,52556,52556,52556,52556,52556,52556,52556,52556,52556,52556,52556,52556,52556,52556,52556,52556,52556,52556,52556,52556,52556,52556,52556,52556,52556",R722734.98,R6879.60,189,3/6/2025,104,R675239.09,R6492.6836,Sold,Invoice INV-0115.pdf (https://v5.airtableusercontent.com/v3/u/53/53/1779120000000/-UNeTo_VH2Z0kav1fTg2RQ/kH209KEuCwIpKef182OwhvVo50EsP-zuBeuyMA4wasMUglR8_JTJiNCcy2w00QFc8sP-mKXj9BbUSg0-Ysqdlw-CjAy154fWnaL8vnybIRSp7y2stJHcm7ttTlgtjruVAJSO2AaJyc9KqspP3iINdYk3vIPrE5fyjOMJ-lw8WEs/zq2zk4Zsq1wEgmd4ZzlLp6rVp6pvXL1wWGmtY9qcmJU),4.00%,0,R0.00,SVC COWS CALCULTION.pdf (https://v5.airtableusercontent.com/v3/u/53/53/1779120000000/YPhItAdKVVYLu_6tVUDWKw/4o4p4xScygFSkvRu-mHcRtJ7MhGRQUjrWdGMJn0Q6Pa4JmgshQAm86Yy7RfBz86RngkNkvBfS24m0W2SsoxjrpHriPt4ShW8kqOTQ-oRo-b-hulGWJolgQD4viXZcZRRE228cwFjvpgzlTvkVxV-V8VdOCIkecEP7wmrkONYwcM/n1E4X6GhsGThTu6Kq4Xb9W7T-yinfgyqADLdAi_XkJQ),,
Batch 777 - SVC Cows,68081,"August 29, 2024","August 29, 2024","October 31, 2024",,Cycle 5,-564,SVC Cows,97,2,95,SKM_28724082912140.pdf (https://v5.airtableusercontent.com/v3/u/53/53/1779120000000/Hr1vRn7f2Rumaa41NwoXbw/Mumv3HzLacRDpRwp4aPeWPU99gjYYlk3khAxJd41fdXKzYOXs4Mk0vwgzS8Htn2R701dNCgH7FHcGv_iXi8eR_ucKVRIL-3NkhJ-cqdlENQcpTH07sc-Gq6fpSmhQM144o65C1UgCOF3GMnpjtjsyqsGtkChC6nTzuLqndV-sDw/yRh-prNA7qIYq57cas8ZB9J2rUmZn9xOfRUneS75rc4),,R7109.4347,R689615.17,Processed & Paid,"52557,52557,52557,52557,52557,52557,52557,52557,52557,52557,52557,52557,52557,52557,52557,52557,52557,52557,52557,52557,52557,52557,52557,52557,52557,52557,52557,52557,52557,52557,52557,52557,52557,52557,52557,52557,52557,52557,52557,52557,52557,52557,52557,52557,52557,52557,52557,52557,52557,52557,52557,52557,52557,52557,52557,52557,52557,52557,52557,52557,52557,52557,52557,52557,52557,52557,52557,52557,52557,52557,52557,52557,52557,52557,52557,52557,52557,52557,52557,52557,52557,52557,52557,52557,52557,52557,52557,52557,52557,52557,52557,52557,52557,52557,52557,52557,52557",R767681.76,R6416.55,189,3/6/2025,97,R713865.17,R7359.4347,Sold,Invoice INV-0115.pdf (https://v5.airtableusercontent.com/v3/u/53/53/1779120000000/2e5EVKfQI9CTNtkIec8aMQ/NynpqdHicIpCG1hsrniIxOL3ix5HUfCrS_W-eBvF3nw_etkCD9AXj2j5ZCNYKyikAd3ZUo_ZCSUOvVDuks4Y4tkdhyF7Z-XFN8Q_sMhFhasS_2VyvNzMtSKfMibkik_4u_4fa0KXW4VKIEWurSpafjBeVV26aixQIdeOsPbRZmk/ObxVrsiYPgEbrB4r7MDqdMG6UK3T4HRN_uGMA4S5mys),3.52%,0,R0.00,SVC COWS CALCULTION.pdf (https://v5.airtableusercontent.com/v3/u/53/53/1779120000000/yuiFTRZq7IvXGlA21l_vJw/LyBneQ3R2Jxghk2Xi8J61EM_L9S98E9kg4SZXifROmzgnYhrGkSlD7yETn_xRbHhDPZpdAFFDKA2ldfokqGJYRChFuD5e35kpqifCKPMlbFYGAZmWLVmpFoVq_irt8CVpNQd5-2RtCiGWZ2OJLoPNrVbevoLbG7uEXAXIeBL6M8/qn9Mvq0DxM1OmKdJ9H2eZIuukOqvJKn2ybQTN3TDe5A),,
Batch 778 - SVC Cows,68095,"August 29, 2024","August 29, 2024","October 31, 2024",,Cycle 5,-564,SVC Cows,102,0,102,SKM_28724090209430.pdf (https://v5.airtableusercontent.com/v3/u/53/53/1779120000000/Yfye4TqmK4_bwUOEGRKV6A/U1qJf6CK34kTDtVEJ0-9hiKVhzuws9gk96tzoj5O_smjL7tfWoEy4a6W7VY0XmehLJhTJSg_bSmec1_TxRco-rZxCGuLUeXZujkXMIBvyBrS9LrMf8UKk6qe2kZXW8WvArQeE8BhWdeFOpfYpNeVPCkxx32P-ZXnHMiCLWJjYbg/m3LzGZHxOR8HE0hnduhXn6qKvCAA38SBnEeY_tTZr2g),,R8012.9412,R817320.00,Processed & Paid,"52555,52555,52555,52555,52555,52555,52555,52555,52555,52555,52555,52555,52555,52555,52555,52555,52555,52555,52555,52555,52555,52555,52555,52555,52555,52555,52555,52555,52555,52555,52555,52555,52555,52555,52555,52555,52555,52555,52555,52555,52555,52555,52555,52555,52555,52555,52555,52555,52555,52555,52555,52555,52555,52555,52555,52555,52555,52555,52555,52555,52555,52555,52555,52555,52555,52555,52555,52555,52555,52555,52555,52555,52555,52555,52555,52555,52555,52555,52555,52555,52555,52555,52555,52555,52555,52555,52555,52555,52555,52555,52555,52555,52555,52555,52555,52555,52555,52555,52555,52555,52555,52555",R909843.18,R6747.30,189,3/6/2025,102,R842820.00,R8262.9412,Sold,Invoice INV-0115.pdf (https://v5.airtableusercontent.com/v3/u/53/53/1779120000000/g8jzvZCRotsgPLMl37Mhrg/6Oxa_frx6vEK2L8d1gwrS5XpC6T9aDi4uqIlsLpXmEUts_2APHPU4NU_OpWPxEOX--Rk-yem2YxrYYLadXKcbM5_82VKuHwW2-5kVpulwcsTP4IKELuneZDt5IoIoltk8CGrTgm1yn8SgHQyO0Zsi3lhIKJHxCBkcQCK-4Q9I_g/9P7UWH7Skx1Vca8LpfBLYEmTKuSXlypYHVT6XmUYuT0),3.12%,0,R0.00,SVC COWS CALCULTION.pdf (https://v5.airtableusercontent.com/v3/u/53/53/1779120000000/u3FQtoU-JBmMkYY8D5F7pQ/nWWenZxaVnbjF8FUMq95Z4IcNFRhIcS00Ykyq_2R5J4Nsifwdz4H3G7KIUvcupsnO1ix74S-8SvrubQng1niFM5UMvUG3FPfapR8xSdadVMKhBndP17Ljis5bPdFuQWtZ-D5p6IVcSlGeDXesDFgDFgXOGlOwe_Vy5rVHB1S48k/r6C2elI0FbCW-VezSncg6WePJy_c1NRf5C_AsD7o2XM),,
Batch 779 - SVC Cows,68096,"August 29, 2024","August 29, 2024","October 31, 2024",,Cycle 5,-564,SVC Cows,100,2,98,SKM_28724090209530.pdf (https://v5.airtableusercontent.com/v3/u/53/53/1779120000000/7dHP__bWWVQjXsiFRpavpg/rYJsuWRP9NmiadiUZk70l9xEq3bjSWlgRZ_rrmnYOo16A1ipp7gj44pn15MxiyPsMh95rAa2dsYYGkOaax1GMv-y6lnX2pKa6dD5V65DqKTcosWcP-id19ekm1xCcTSk3zuKOfJJ_RNtuLN52LXoFWu6OaHggvh9BMRD1zmqw28/9M-2hhjk_i3q6J4PB3dEKNNSkDElZRI0F5XTpKjp1ew),,R7526.1130,R752611.30,Processed & Paid,"52558,52558,52558,52558,52558,52558,52558,52558,52558,52558,52558,52558,52558,52558,52558,52558,52558,52558,52558,52558,52558,52558,52558,52558,52558,52558,52558,52558,52558,52558,52558,52558,52558,52558,52558,52558,52558,52558,52558,52558,52558,52558,52558,52558,52558,52558,52558,52558,52558,52558,52558,52558,52558,52558,52558,52558,52558,52558,52558,52558,52558,52558,52558,52558,52558,52558,52558,52558,52558,52558,52558,52558,52558,52558,52558,52558,52558,52558,52558,52558,52558,52558,52558,52558,52558,52558,52558,52558,52558,52558,52558,52558,52558,52558,52558,52558,52558,52558,52558,52558",R837809.25,R6615.00,189,3/6/2025,100,R777611.30,R7776.1130,Sold,Invoice INV-0115.pdf (https://v5.airtableusercontent.com/v3/u/53/53/1779120000000/XVwsMeNoCs3IMb00N498PQ/HwCJgTnAjavu2e5O461HbI1TICWsAbOwAE4qy-3IQxn-SnOEnpC2jtylO6HsCQqJFMd7NcSQGpMiny2JiYouSrtH-YfQqjFEhB3maJ6SzDZo-3Q-f7h3l7kaMLbDJNWWepXRnEuwwz0V3rylGZ4u8Uq_hxKAROFj8JBnSDkFxDI/NHs6f3CQPpmUMnRnN_FJJ5G728xtPBOc8NQsLjrJh_0),3.32%,0,R0.00,SVC COWS CALCULTION.pdf (https://v5.airtableusercontent.com/v3/u/53/53/1779120000000/m41o2SPddDvIKel14UrQSg/d5oMkTVx-u4aNagNv5r_MMN-H4njBYM2eZ9qDEW5SgoGnfRr82yKrj19Dt_k7F8RH1Vkt4E1Yy-qxqMdQMU5ylSnzJAk_vx1YS_LTnjgp_mMSOnnaHiVKSshHB4jJ5i-49sIRNXVaZPabJEAelJCpC42UMTuwYTCR5BNpz5UYiU/LP3ApG2FjSczIfxrokt9T0grSYdWAhF8xBcKhJ-HsZU),,
Batch 780 - SVC Cows,68097,"August 30, 2024","August 30, 2024","November 1, 2024",,Cycle 5,-563,SVC Cows,88,1,87,SKM_28724090209590.pdf (https://v5.airtableusercontent.com/v3/u/53/53/1779120000000/M_ST0B8NuJS5AeWHr1NuoQ/mxZVrH5mEDx_CqpyAMSGi3ksFe49D7ofwFA_3Edy3faVsSVoENbNZCtVPJ_01S8h0213PPtaVY_aTGKulg2K2PDNU36ciNq7crreI66iZcsuP3d5-F_6ZpqQcqYtzwkfLqMdfaIqBHwiKLOY1P7dQR1kmnQxPB9Z4yYa7qU4MAs/lU_S-_puZW6iVZjjpX3PitWbgyCf3Zf9H7WiOeohzvQ),,R7627.2727,R671200.00,Processed & Paid,"52559,52559,52559,52559,52559,52559,52559,52559,52559,52559,52559,52559,52559,52559,52559,52559,52559,52559,52559,52559,52559,52559,52559,52559,52559,52559,52559,52559,52559,52559,52559,52559,52559,52559,52559,52559,52559,52559,52559,52559,52559,52559,52559,52559,52559,52559,52559,52560,52560,52560,52560,52560,52560,52560,52560,52560,52560,52560,52560,52560,52560,52560,52560,52560,52560,52560,52560,52560,52560,52560,52560,52560,52560,52560,52560,52560,52560,52560,52560,52560,52560,52560,52560,52560,52560,52560,52560,52560",R746779.92,R5790.40,188,3/6/2025,88,R693200.00,R7877.2727,Sold,Invoice INV-0115.pdf (https://v5.airtableusercontent.com/v3/u/53/53/1779120000000/ZQv1TS2UetLgepjFfSCKwQ/yvI4PYzEviJS5547Op--zQoqm1NXDtIjqA10jlF0BOYA5ejf6sf2yUJKfZc7s3wqvlGb6JnquIH6zNB1f93ETQiVwIJFxIaD2LizRXpfzziin8irzQ2S4URbwXxonx0IK9cmqIh4QPmwpxUryTlF5O0e9uDbmvgEYLi42k18PKA/OUKS1chyceQsCGRbMlw3P6n7R2JCbmF-z897rm9-wNA),3.28%,0,R0.00,SVC COWS CALCULTION.pdf (https://v5.airtableusercontent.com/v3/u/53/53/1779120000000/XJPGTmnSJ51S1Kr4t99NGw/D38TD5KL0-xhiIcYf3DmRCucFpqECa6b6oqBIgjP1z5Hjjd1at9ZbEH0eDq6KJzK8oO17xb-ru8EbXqr29_AEBCQrZRs5PKJJKpDdPVrVkzK_dK-iYdcZQ5d89P4EpixWOVh6rOEvLkoPpY_Ij4S-dpQYzDemtFZYdgp1Anescg/0u5HuzOHTcraZX-X_f0LhHtwmB9zjvaBYmMxgT2G56k),,
Batch 781 - SVC Cows,68098,"August 31, 2024","August 31, 2024","November 2, 2024",,Cycle 5,-562,SVC Cows,100,0,100,SKM_28724090210120.pdf (https://v5.airtableusercontent.com/v3/u/53/53/1779120000000/h0bWNkeFHaqPV2MY_qDSkg/lUIPIjZCl6ZZFWX7J8YI-zNqV3bZLBgRLir7JBRdPmIo_PRgNgSRblHa-6uLRm7Nrg-_iI0kwzG6f5wUuLfL0jqV-evz4D-EqzAccRnHrTp_cKLK3L5lS4utOuOKdNuB6EnGnqZbJMf04u7iBqStRhCMt2TUd4QHULWO49rSGdg/8pLEMBYqaOSEU2kgwP_ymryRdaQEa0KD65VPJxKBIEU),,R7392.8913,R739289.13,Processed & Paid,"52561,52561,52561,52561,52561,52561,52561,52561,52561,52561,52561,52561,52561,52561,52561,52561,52561,52561,52561,52561,52561,52561,52561,52561,52561,52561,52561,52561,52561,52561,52561,52561,52561,52561,52561,52561,52561,52561,52561,52561,52561,52561,52561,52561,52561,52561,52561,52561,52561,52561,52561,52561,52561,52561,52561,52561,52561,52561,52561,52561,52561,52561,52561,52561,52561,52561,52561,52561,52561,52561,52561,52561,52561,52561,52561,52561,52561,52561,52561,52561,52561,52561,52561,52561,52561,52561,52561,52561,52561,52561,52561,52561,52561,52561,52561,52561,52561,52561,52561,52561",R822093.36,R6545.00,187,3/6/2025,100,R764289.13,R7642.8913,Sold,Invoice INV-0115.pdf (https://v5.airtableusercontent.com/v3/u/53/53/1779120000000/UGNXI8Hh1o_yqPHUwAMuRw/5FXaT9nDNuvTG1Ag_MYm8rzyaArhSCp-BWg2ZsaEiBGkiG_K6wzP3hPRooa1vOdaIpu4JBtnbNfaU3ygAoDgutEIqFLyoFbY7nDWYHLMF_LMSXaZxI2W2s9DiHJOhPOSNreAVkUxR6uL97zqmCjypBr1bz1T6g3yT2a5JxNSnBw/MUkfOZ1oFUVreiYHM6574KhJ5NBy_vX2_fZQKk9P25o),3.38%,0,R0.00,SVC COWS CALCULTION.pdf (https://v5.airtableusercontent.com/v3/u/53/53/1779120000000/RorKTsRRlOCBCyeGDdQnJA/6qFXBYNPSbZTxMVQ_0gX_JRrwf3MEsiZfdpfHKhVZNcjE6LdJDyT4fRR91XLWzf1GsyBp_qRoKaetwynDYDgYndEulMu9vGLaD3HidXM-jgWm2AzRRfijh6PjwPaxp_tI991WUGElBa3-WtB8AaadOBMKYHSfnQeq59AiE1ajdE/FXFHyMNh-kb1fIHETqg5SWM49Z33XDflNQr09SzvGQE),,
Batch 782 - SVC Cows,68099,"August 31, 2024","August 31, 2024","November 2, 2024",,,-562,SVC Cows,100,0,100,SKM_28724090210220.pdf (https://v5.airtableusercontent.com/v3/u/53/53/1779120000000/AkZdExVQc2rsju3uLC1ZfA/BBwkg65-drTDP6n7aqQt4nX9I_82RtrNUFUO3VPf6rpEUdRpJA5-hIFefTer5Vbw_xZD9W_B88ldJiJzsGWve9MCEfMcvKWQaiGWXgzGGOP2zboMsByJpRXSsbpvhzQw1K4cAp96CBjQF6yHQSv9FJYMvtQZXYJ5D87UIqcCDpY/c-093eXj2jHe5_HnhaKynjx1ZeNi0HlG2Oph4Q-REeI),,R7314.2042,R731420.42,Processed & Paid,"52562,52562,52562,52562,52562,52562,52562,52562,52562,52562,52562,52562,52562,52562,52562,52562,52562,52562,52562,52562,52562,52562,52562,52562,52562,52562,52562,52562,52562,52562,52562,52562,52562,52562,52562,52562,52562,52562,52562,52562,52562,52562,52562,52562,52562,52562,52562,52562,52562,52562,52562,52562,52562,52562,52562,52562,52562,52562,52562,52562,52562,52562,52562,52562,52562,52562,52562,52562,52562,52562,52562,52562,52562,52562,52562,52562,52562,52562,52562,52562,52562,52562,52562,52562,52562,52562,52562,52562,52562,52562,52562,52562,52562,52562,52562,52562,52562,52562,52562,52562",R815095.68,R6685.00,191,3/10/2025,100,R756420.42,R7564.2042,Sold,"Invoice INV-0115.pdf (https://v5.airtableusercontent.com/v3/u/53/53/1779120000000/CK7_nRiKBeds5jHK9wyfiA/tEjbjcZcLdrsGydmyMZxDjA1p7GRDZra_UxO08Y-blv5jtrADKLkGgz4dQhLD79epVimHZNy71lHxqQCAgxSa4HkfGiZI-x641XKKPESyWsiCXQHkdy94N-XQfG6-wyNyCu23qJwgQlivNavr0THFPxFWtMVNzF6HzTLZJFZ-Vw/1kyeM_1l1YaSdMU5oLBPqCLx0pNiz4Q4pOiThEVu4FE),Invoice INV-0116-2.pdf (https://v5.airtableusercontent.com/v3/u/53/53/1779120000000/2BfRzZXEcLgD7yMyBacdOw/ypywTVx8TlSGIrJGJZOmf0P9cnq_xTSBINBPzACHcyXsrA5ea5fsjKpEs8QqWJqM_d0OAOdR3ON1-j-w6cupmpfok30qVJ_Fo3BlMNdZP6PqRmrFWH8FxjzczwOGwFFNnaGC11aDSmDuU5gagtc4suepAeiMGbyPpZ-S6WTsUOU/DCtLJQhoCEdfnEPUVJs2-9sb_9HtQerWvX9IEzFRDsY)",3.42%,0,R0.00,"SVC COWS CALCULTION.pdf (https://v5.airtableusercontent.com/v3/u/53/53/1779120000000/ujDY_bHeXiTWCPlDg0oFNA/VtGJyJWABoL-7k7ykeU6y2ruS8AZwpWCBOJk1WM9QnyjVe3aTTHY-c2ErB_MiJGI9mVLcJzErzVHrrHRc50Ab83-TqnyEMAIgRx_UQx5vBBk2JtxMBYM87TxW6yOh20aydZoXE-ObssmLUNW_rrBN8Zh6NKBGIoNuzmBgjh7BIM/f7Y7mXmYENSthR0ZZrGb8Q5inXNI8tiqDlOY8FhaK4M),SKM_28725031414460.pdf (https://v5.airtableusercontent.com/v3/u/53/53/1779120000000/0Vae-Art5uVAyXD1uTsx7A/wo-fUh4BlZKth9j5FpCqMveZqwKDSUjFHaYSTbPXRccZq_nkX9uRhZvqVsZG0uKiOkGbpi8Ex6Rbgbgg2w6FRaxTvjHHvgAKrzl8cyehsv_01c5F5UYka7Qkl2gTRCK3WCS9DEL38MLahMQ8egAnmUl21oGNlzuSH_QQZlX9g74/JYV1oWPl_W3tcQUyBjG1LLL88odFWKQZLdlB4g2DQ9g)",,
Batch 783 - SVC Cows,68127,"September 2, 2024","September 2, 2024","November 4, 2024",,,-560,SVC Cows,100,3,97,SKM_28724090409310.pdf (https://v5.airtableusercontent.com/v3/u/53/53/1779120000000/WNQ_xtGxvYtJIZapokkmrg/HTiqJr2hDMifNUwPTuhfuvG4RRh4369vMER82gx-qQz7M824hDDv5-ecGbBFFcuby3EsK73tKpEVUfR6VGy_ndzXVLhrcfgDB1_Cp70YNb0O3TlPlmrr9y_HlIaE8Wj1Q05fvV7vgJM_sfPE152em9yG1aHkEHBCR7PNtsMr75I/b4wSwRoOFQwkcgD2SRB5fs_QlElSkoLGSeXwebzchpk),,R6943.9820,R694398.20,Processed & Paid,"52563,52563,52563,52563,52563,52563,52563,52563,52563,52563,52563,52563,52563,52563,52563,52563,52563,52563,52563,52563,52563,52563,52563,52563,52563,52563,52563,52563,52563,52563,52563,52563,52563,52563,52563,52563,52563,52563,52563,52563,52563,52563,52563,52563,52563,52563,52563,52563,52563,52563,52563,52563,52563,52563,52563,52563,52563,52563,52563,52563,52563,52563,52563,52563,52563,52563,52563,52563,52563,52563,52563,52563,52563,52563,52563,52563,52563,52563,52563,52563,52563,52563,52563,52563,52563,52563,52563,52563,52563,52563,52563,52563,52563,52563,52563,52563,52563,52563,52563,52563",R773838.08,R6685.00,191,3/12/2025,100,R719398.20,R7193.9820,Sold,Invoice INV-0116-2.pdf (https://v5.airtableusercontent.com/v3/u/53/53/1779120000000/roLc4ccCGynHbntY2zPewQ/PapvXyNmo8Pu3F_-2JjckO6JxbtwuXsSuxiQzO4BMMUzaovX-T6l1smIfRvDhnxj8EVHZ4JuRo048ruUbPB3D5F1qw8S3fwfGj14mnQTjV6b-WTQPZH11pShXc8IbwNUq4GBI8_Sfr3h98I5RKppnMCMhGmCa-46oM1o_KNN7TM/CVTqooVpxWgf3V-YWSGVjpvmPPEMoK9iHzyeaAsHg0w),3.60%,0,R0.00,SKM_28725031414460.pdf (https://v5.airtableusercontent.com/v3/u/53/53/1779120000000/dawF3HTqPJ5WCAu--pkADQ/o2Onu858eLsyuF_dE52HQXIj7Rii91AGuli1edJCc-ywJLaL91Zhmq0La_OIeCqN-Ke8HlZsh0PoAtVQPCsf_fWjhnJX1iSftV6b1433W9xYIy5JebJVRUI277GCDnd17S-EOBSdVOXP2554cFk12K_6XTtEm2yKttbw_eXxsU0/KyvMhcW5pKSBSQGrjO1tZJEhOGOiqH5vreoSGsfeICA),,
Batch 785 - SVC Cows,68128,"September 2, 2024","September 2, 2024","November 4, 2024",,,-560,SVC Cows,100,2,98,SKM_28724090409311.pdf (https://v5.airtableusercontent.com/v3/u/53/53/1779120000000/fvtJGa8gddUM-JMvIW5zwQ/PXYkmcOppOKBe_a3uEERRvyO5GJOexpna4QW0KT-3wYPuVVjLgvCscRXehXjPBSyYlSWtB48gh19DiX1amP7UgN8U8SNCcVlS__xl6Nl_UVc6nSQjVAvrQ2-QtY1-x_eEY_i-bpxefhLSocTm7v5k2S26uR1O_nQuQBr0GwzBE0/YigLef8HVS2z9CHkyEn5mQJTJITUFWhvv8aAEVxLzzo),,R6923.8820,R692388.20,Processed & Paid,"56564,56564,56564,56564,56564,56564,56564,56564,56564,56564,56564,56564,56564,56564,56564,56564,56564,56564,56564,56564,56564,56564,56564,56564,56564,56564,56564,56564,56564,56564,56564,56564,56564,56564,56564,56564,56564,56564,56564,56564,56564,56564,56564,56564,56564,56564,56564,56564,56564,56564,56564,56564,56564,56564,56564,56564,56564,56564,56564,56564,56564,56564,56564,56564,56564,56564,56564,56564,56564,56564,56564,56564,56564,56564,56564,56564,56564,56564,56564,56564,56564,56564,56564,56564,56564,56564,56564,56564,56564,56564,56564,56564,56564,56564,56564,56564,56564,56564,56564,56564",R771598.13,R6685.00,191,3/12/2025,100,R717388.20,R7173.8820,Sold,Invoice INV-0116-2.pdf (https://v5.airtableusercontent.com/v3/u/53/53/1779120000000/V_OGkPnR-Nqd3Zf4LNV0wQ/L93EznAKq1XdtREqqkj9ofmKG6JhOUhpIJVv9sdGwNFYdVi2MRXsBl0nQJ-jgBdINyIU6yiPb17xtKS9d7r2KEY-PP7Z0ZvOfk99pBV6M66mE00n4QwX1SRrLC-yWJbXlwJPRNZu78OYBYP2VZftfMm26JB0n3gP8S0RFQElUlo/tmdYR8qBgP-_cxYdxQmE0gm0kgfkH0Lq3mvQGfXXwhI),3.61%,0,R0.00,SKM_28725031414460.pdf (https://v5.airtableusercontent.com/v3/u/53/53/1779120000000/PwpnIcRWHn6WST5yQOVpSw/lQArI96mrlZDetfQakkE-HOGV1JmvTNxBKqWj2pLhfgtG_UwkOltwMF3dxKoOOkaxHzyH40h8UiRyZ8WBvJDqF8DjOAUN6vIaJPLG7LAwn6-G7A2GDrDteJfR7hRsJts0m8DpEZL8BK5MklL1tn6znNqdAY4AFVgHdgJIoaxwsw/Y4acegHVR6agNeZn1oaBuX3y3vatm6Xq6KUDSyYB9Bg),,
Batch 784 - SVC Cows,68121,"September 3, 2024","September 3, 2024","November 5, 2024",,,-559,SVC Cows,99,6,93,SKM_28724090315050.pdf (https://v5.airtableusercontent.com/v3/u/53/53/1779120000000/W5YQO30ZErhafCnzw3b8vw/5HFenGqjpZGzXMTt_HwOmwZjxs2G4i_lWHSMFP69mCfqSoSw96rzpWfy1fkoyVsC8lOmlkHeSNn8Qb-P4s9LIVwovRaf6Z8I3NrelLXM8aiHPadNa7prBjz57PaNdvXPqKgs2ao_nAUH-01MkMAWCE0jGyPt3OfIN4KKHB276ao/CCXmwMtuFpt_GF7DNOZCP6aY7yBrlx-pArM2O2dD4Js),,R7540.8998,R746549.08,Processed & Paid,"52565,52565,52565,52565,52565,52565,52565,52565,52565,52565,52565,52565,52565,52565,52565,52565,52565,52565,52565,52565,52565,52565,52565,52565,52565,52565,52565,52565,52565,52565,52565,52565,52565,52565,52565,52565,52565,52565,52565,52565,52565,52565,52565,52565,52565,52565,52565,52565,52565,52565,52565,52565,52565,52565,52565,52565,52565,52565,52565,52565,52565,52565,52565,52565,52565,52565,52565,52565,52565,52565,52565,52565,52565,52565,52565,52565,52565,52565,52565,52565,52565,52565,52565,52565,52565,52565,52565,52565,52565,52565,52565,52565,52565,52565,52565,52565,52565,52565,52565",R831955.07,R6618.15,191,3/13/2025,99,R771299.08,R7790.8998,Sold,Invoice INV-0116-2.pdf (https://v5.airtableusercontent.com/v3/u/53/53/1779120000000/bXKatOmZQ6z_-mdMNSOz0w/vOrw80qyrfd2Qb_srC70X6iNCWekq1Llb9IwUQJEpB4BH5zOv77v99tiVVCDlOKlyBxHdsGhKWse5ALaW_ljDijsh36zn1XVQNPtdO-qr8ugttGVGQ37xvUnnvyB8u2gYBVOHeR1EJ5tUFnX8-gjKBijY_6i4FESf-yroZyfwNA/-JoHCFenzE_JFo93H6y_S1o7oEHtbxfyS1fBL3pT0YA),3.32%,0,R0.00,SKM_28725031414460.pdf (https://v5.airtableusercontent.com/v3/u/53/53/1779120000000/rHgPFzOgO3vWXqYoJSjrYA/dWi32ixPaaO-hXTeFkE2yEDXZHOL4bwEYzmut2tyGxK7cRO7iCjxLU_Do1mQ1zXsXmX-Eu6K45F40oF1x69dJAfd0NkgMlGpEvjTAVEfqhx7rdoIA8SK7pFsBiExepLR56roLvi933QJf-sKN1M5hUW0op0-6ja1dcdnfneJVJg/FO_Bor4EDxy68w6aZ8EDP8Cu80lJW9WhD19PuOOtrG0),,
Batch 786 - SVC Cows,68163,"September 4, 2024","September 4, 2024","November 6, 2024",,,-558,SVC Cows,118,0,118,SKM_28724090609510.pdf (https://v5.airtableusercontent.com/v3/u/53/53/1779120000000/mJBre7Z3Gd82qnx-OLiJvg/9gSmDhlHTzpibg_jbeacd9FDYQCFzE9ZSI7lTfEa6oaSC7tH8GXPsXBsqfC-u3g4DDcQkCB-nUBPrGp0AWJLok7fxPJDphQUmXTc0coWPmaAGITv4o4pPs-h0_ZplZtskOsJGm04BDS0rZx4JZOWvNL0tsnfweex4IGskybRVB4/KpjjhG9RSsHXYWxdLN7yh4OycFYFEsRAxwfDr0HWM4s),,R7820.4898,R922817.80,Processed & Paid,"51911,51911,51911,51911,51911,51911,51911,51911,51911,51911,51911,51911,51911,51911,51911,51911,51911,51911,51911,51911,51911,51911,51911,51911,51911,51911,51911,51911,51911,51911,51911,51911,51911,51911,51911,51911,51911,51911,51911,51911,51911,51911,51911,51911,51911,51911,51911,51911,51911,51911,51911,51911,51911,51911,51911,51911,51911,51911,51911,51911,51911,51911,51911,51911,51911,51911,51911,51911,51911,51911,51911,51911,51911,51911,51911,51911,51911,51911,51911,51911,51911,51911,51911,51911,51911,51911,51911,51911,51911,51911,51911,51911,51911,51911,51911,51911,51911,51911,51911,51911,51911,51911,51911,51911,51911,51911,51911,51911,51911,51911,51911,51911,51911,51911,51911,51911,51911,51911",R1031152.76,R8094.80,196,3/19/2025,118,R952317.80,R8070.4898,Sold,Invoice INV-0117.pdf (https://v5.airtableusercontent.com/v3/u/53/53/1779120000000/8AYmIQo1HHIuf2t9tcax0Q/VMj4NCqmvY3i7t-eMcKJt-MgRbn29uLeXFq3z4Fy3GkEkHWA9c0Qo8SmjtsdHlki-_Wp2dzGmTwWLr3IR-eiW8cnE1OvqJoRurtcSh6gjWISDHikZByPQQqQp7L50KyWUlaiBYL94qLG9tsu0Kt2Gim6FQ9Q3vqZWQBB9psv0g0/spTlIiBp-YMfC4bI2FQ5c1XVhlR-IET5ZyLBreWQPxg),3.20%,0,R0.00,"SVC COWS ADDITIONAL CALCULATION.pdf (https://v5.airtableusercontent.com/v3/u/53/53/1779120000000/NeAQryfPXGMWrCEXkIQ7XA/nO0SNrmPm6UVffK994TyQFlybDi0C_MOj_WpVBg9x_hXp9BShKDfBUVSoBnAu7DHwT5uJsU_g-RbOuxaRzhrxwEDxXcqF6XNK3vEQEMvl0DXtcPm4EmjBZ-j1RZ-gUTRvwLnESlhck2IYeQRfxo_od1XNMLAAGJn0lOua1nUV2_UXEd7N0roPqkuVeFfHSfD/6gQ7hGgBUwWKipu5VTA_1CiLK9dweMadJX-3NaDTQu4),SVC COWS-6.pdf (https://v5.airtableusercontent.com/v3/u/53/53/1779120000000/QwzjB6LR81639T-jIB2nWA/7GNHwKPSwJ34RFyfpgOmaeyFkKrCDTbzuG0fUwcilti2haE89u3uNwYHlXUQgN9d8xc926K9dffHqsAZYpQRIgtQEYOUT_uVwiB3ohYS10hx9zWR2AhllpbW_wroysZ7d2cljMjpwyier6n5X7pZtNV-ejTwvp1L-A19t1o5Euc/il_h4e8GomLyl-q-NF7s8dBSA6ql4TswF97UvNYw2bQ)",,"Partial payment of R980,000.00 made on 18/09/24 
Remaining balance paid on 25/09/2024
"
Batch 787 - SVC Cows,68164,"September 5, 2024","September 5, 2024","November 7, 2024",,,-557,SVC Cows,104,2,102,SKM_28724090609590.pdf (https://v5.airtableusercontent.com/v3/u/53/53/1779120000000/nqR6NXBEIHcFKtuAOVO5-Q/vum209FAvnt3o13gourxjm1srT-sf7xX5LstwP5mSfWyHer02YIgW15HC21CyVii_dYSw4T7RnVo3Q7S3K-2ZS8XwSn8dq9UWZyIApntRECDDOr7jSkP43LY9MnhHl7Z8vBx4W6it_Fvp507QHW_3tCPkgoPMi600fZF7-NQKf8/bvVR79DULBccDCAnclH4fVsoK9JDKIhYEx9ewtMB4d0),,R7494.4938,R779427.35,Processed & Paid,"52566,52566,52566,52566,52566,52566,52566,52566,52566,52566,52566,52566,52566,52566,52566,52566,52566,52566,52566,52566,52566,52566,52566,52566,52566,52566,52566,52566,52566,52566,52566,52566,52566,52566,52566,52566,52566,52566,52566,52566,52566,52566,52566,52566,52566,52566,52566,52566,52566,52566,52566,52566,52566,52566,52566,52566,52566,52566,52566,52566,52566,52566,52566,52566,52566,52566,52566,52566,52566,52566,52566,52566,52566,52566,52566,52566,52566,52566,52566,52566,52566,52566,52566,52566,52566,52566,52566,52566,52566,52566,52566,52566,52566,52566,52566,52566,52566,52566,52566,52566,52566,52566,52566,52566",R867194.12,R6843.20,188,3/12/2025,104,R805427.35,R7744.4938,Sold,Invoice INV-0116-2.pdf (https://v5.airtableusercontent.com/v3/u/53/53/1779120000000/gcKVk-WgLmEl8sZcsY6NKQ/nD2qyxLISPJUPGZsolJZZC5KaPQaXJLKfyFPOvvm822nju0qggH4C52T7G2Fa-0j8QxiEQUtXmbok0MjMiTNGU9BQucnIPOIpS7gxSM_-xf2R6zZ9_3aQkeg0o2oRY7LpzNkfdlHwTZarkdPirJkb4KwsOpDo1MDulpvMJnFw4E/pbnKev_9mfEChDLlmIEN85M8Pww06o0KAODYYU_BUeQ),3.34%,0,R0.00,SKM_28725031414460.pdf (https://v5.airtableusercontent.com/v3/u/53/53/1779120000000/7-pZzQjMdNPGmDQLLaHRDw/skIWNjwMTE-vg2VFGfcKClE1Yu4jWOIIEnPDhmVkAm6b3r3QrukbQDmprWzUK-M4UPH2QyaAEc3MGOZapm-NDJp9GIrCpe0NhMz9mu_gdGXmzsVepZlJ3KCy-6bQLoEbnzUQN_9UbNNdq3u_5mKEX_s3VwlsLSFOGlryAE2hx0g/2XuTCj_d9TYXAXWvSIBMQzwCH1JfzrrbxYM6YUGNF9Q),,
Batch 788 - SVC Cows,68186,"September 5, 2024","September 5, 2024","November 7, 2024",,,-557,SVC Cows,99,1,98,SKM_28724090611030.pdf (https://v5.airtableusercontent.com/v3/u/53/53/1779120000000/ONSiJAv0OO-5jnLrtmqPXA/-qGhd_anP065y-kpmSmUW9h8UxJUnSgxDH4MqcV-c9xtpDaHKmX_neLFg3J55lhre6npU3V-2fdBCvGNqEnq5pfi30KwStZ_I5l7UgOC-6RronbhNNNpvKtOpSACzgQMEDWLM1dxDBc2yWjyD8Te-vHwmRcBMI5-obJP4hCb2us/StaLjFBGd5_9RACS29qcUKYiEXkkdk_ukdQqtaFk14w),,R6871.9668,R680324.71,Processed & Paid,"52567,52567,52567,52567,52567,52567,52567,52567,52567,52567,52567,52567,52567,52567,52567,52567,52567,52567,52567,52567,52567,52567,52567,52567,52567,52567,52567,52567,52567,52567,52567,52567,52567,52567,52567,52567,52567,52567,52567,52567,52567,52567,52567,52567,52567,52567,52567,52567,52567,52567,52567,52567,52567,52567,52567,52567,52567,52567,52567,52567,52567,52567,52567,52567,52567,52567,52567,52567,52567,52567,52567,52567,52567,52567,52567,52567,52567,52567,52567,52567,52567,52567,52567,52567,52567,52567,52567,52567,52567,52567,52567,52567,52567,52567,52567,52567,52567,52567,52567",R756932.11,R6514.20,188,3/12/2025,99,R705074.71,R7121.9668,Sold,Invoice INV-0116-2.pdf (https://v5.airtableusercontent.com/v3/u/53/53/1779120000000/O13ACARHVFj4-SZkXTkewQ/zj8Hu6bpLtVBSZV55vVz4pvkxVvFofZao0ewn7CKaB2SkjQCKjYe9DaL01XTf1AS7ut94OWKy2GOQeDCY_Bnc89gjakSrtE2Hr7BqZEcYOhMJXztTUnNVffqYtu143ZyaC794vjLOJSQxgbrxxjrduCIiC_Gd6RplRgwgUvn7Mg/o_xBlGnB_5qPDYKrRsu0gc_Dkms_kIqE-YlHRGTYBZQ),3.64%,0,R0.00,SKM_28725031414460.pdf (https://v5.airtableusercontent.com/v3/u/53/53/1779120000000/TrQ_199TTSLoUgk-j0Xhfg/-786TS180NAroabvjUzv4uyY5Vquri0nL1OqdofXAzXq3iP723yFjmgPX1-5fmmd6jm8yt_8Wpu59KsuYeQuT-svXqKCme1SV0k3IECRuxZ6-Y5xOejeq_kx80DCdq4G-5yFJqYkc98Xr_c0dPhaFtfyuSxPRTriUPUCjXP2pAs/vC-62QNY92yr1KWj3fh2kSYkOH1Cta7h22pG-pOSZVY),,
Batch 789 - SVC Cows,68167,"September 5, 2024","September 5, 2024","November 7, 2024",,,-557,SVC Cows,105,2,103,SKM_28724090610080.pdf (https://v5.airtableusercontent.com/v3/u/53/53/1779120000000/64RgPKtZ3Bz1kTZFYGR6zg/Y0hYMJzup6JyZ12zx04stcLScUYdZA1TNdo6BkQNIhNzcqbUJa7bnXTkSMfCyV0qWSTmufz7D6nbDsz5tTHLzGOrgvVcpsrzQcodnV-mWxttleC96jVOfrKw8RgHcwEaG_mz8CimCmrN0UJCvl6SNZXss0bNaYyZ-tVsCibZzms/-XX9tkGwFZ1Gop8G_Hwg2FeQk0nnqd01vfEMu2eMqrQ),,R7380.8690,R774991.25,Processed & Paid,"52568,52568,52568,52568,52568,52568,52568,52568,52568,52568,52568,52568,52568,52568,52568,52568,52568,52568,52568,52568,52568,52568,52568,52568,52568,52568,52568,52568,52568,52568,52568,52568,52568,52568,52568,52568,52568,52568,52568,52568,52568,52568,52568,52568,52568,52568,52568,52568,52568,52568,52568,52568,52568,52568,52568,52568,52568,52568,52568,52568,52568,52568,52568,52568,52568,52568,52568,52568,52568,52568,52568,52568,52568,52568,52568,52568,52568,52568,52568,52568,52568,52568,52568,52568,52568,52568,52568,52568,52568,52568,52568,52568,52568,52568,52568,52568,52568,52568,52568,52568,52568,52568,52568,52568,52568",R862258.49,R6909.00,188,3/12/2025,105,R801241.25,R7630.8690,Sold,Invoice INV-0116-2.pdf (https://v5.airtableusercontent.com/v3/u/53/53/1779120000000/fD_K-cF6cOdvkMCdARbIdg/QRDCs7nqwCuNMkolVGWKbq2m3BEz_rO0cs3hjQJHDBgaGQgV0Gzl8X2RTTnUsOAUjogcM8NiGdsRuRvhky5h5d3lmL0nZ_eN6ID4rivDzDqhMYMsy6y8ydgS14CDTxvsaLnogePNFSmFxnF7w8fiBI5aJ5T2elnQXEqDz_IVB1A/pjsPs_e1k1MYDrVL9kvQXvN2YXcVIDDYmUKyBy6C3-Y),3.39%,0,R0.00,SKM_28725031414460.pdf (https://v5.airtableusercontent.com/v3/u/53/53/1779120000000/6egX879Z2VJ6-pnGRwnyhg/hijCewVNOyi_8Xumleh7-CC0h3rUUhhIyq4VgG_JS1e2igs0aOx1esJQjBlFXYk5i9gHFa7pNGo0YWpwpSuu5rG_EaJP9hgKpeOraGVKcfzfkb9WwhbyKZj_NlNADkQMCoXUuS9dvVBaMUgxu2qJrp5ygTkSBZaawjskFEXadJ4/hLvY6PZB4hXOIiW3R3PqhQeWfgCpkJg1WlIKBzo80Do),,
Batch 790 - SVC Cows,68221,"September 5, 2024","September 5, 2024","November 7, 2024",,,-557,SVC Cows,101,0,101,SKM_28724090911480.pdf (https://v5.airtableusercontent.com/v3/u/53/53/1779120000000/3B_fFJTdjAODKHPdN-IKbw/l1pCtdYI2P6eOhTwCoA1dXSIRXlKivBN1TVNcIJoWwk1yNFvJcxyjkE4GaB754c39_ZxZp60EsWgd32rVlB4LiVqsvRxtkP6en8q2VerZEvOZqjl71Unpj0rnaEABG_UrD6eSc8I3VV1OMg2ywj3CfFDUcooDQea112_OKTg_ow/hDatGID-d73mFbb1Z91vZfpb9OK74zEX_jGtTBm63B4),,R8651.8121,R873833.02,Processed & Paid,"52569,52569,52569,52569,52569,52569,52569,52569,52569,52569,52569,52569,52569,52569,52569,52569,52569,52569,52569,52569,52569,52569,52569,52569,52569,52569,52569,52569,52569,52569,52569,52569,52569,52569,52569,52569,52569,52569,52569,52569,52569,52569,52569,52569,52569,52569,52569,52569,52569,52569,52569,52569,52569,52569,52569,52569,52569,52569,52569,52569,52569,52569,52569,52569,52569,52569,52569,52569,52569,52569,52569,52569,52569,52569,52569,52569,52569,52569,52569,52569,52569,52569,52569,52569,52569,52569,52569,52569,52569,52569,52569,52569,52569,52569,52569,52569,52569,52569,52569,52569,52569",R975893.99,R6893.25,195,3/19/2025,101,R899083.02,R8901.8121,Sold,"Invoice INV-0116-2.pdf (https://v5.airtableusercontent.com/v3/u/53/53/1779120000000/lQLo0cF6oAYvZl_NuIrHbQ/5ACVPN8PKUqefMAno32k0tCd9TN9ChzFzOWwA7ydztEoCXxI_mRktBKu3zwHiUjmi5-B0nWZc9oh21gFJC0bh9KPxdMRBZypCwTV9aLmcsljjI7VUJWlkTjoPjs9-EIRVv9f7PBzCFQrq_8bgC0QSJmCuyvLoKZqJFhTDwcmY7o/lmoDTILAvDbIM86EYVx0bwfLeVm2S2CHMoKs7oWM4iY),Invoice INV-0117.pdf (https://v5.airtableusercontent.com/v3/u/53/53/1779120000000/VHKYSbWH0P66_H9EM-QkpA/TWu5DmaTev7w90uVNvahMIaXISZ9ng4QqEuZEweyM3r2yywqmo0WEGYgFgvM55WxgRzPblvodYsHDME4HMU-mJsiDgq9vJHS-VkwJnWjFwBPdBuTYkvuWk6JO8AZHf99cYiz7hhOP83oT02p_WKZu-NG9ACv0pVI75Z-MP0TkzI/E-PozAc0bx8woAhwGtquqCZjtni9lkaLqQn7OifnIdk)",2.89%,0,R0.00,"SKM_28725031414460.pdf (https://v5.airtableusercontent.com/v3/u/53/53/1779120000000/jO4Wy86BvK_cLCPBsZxtQA/mBmGVjxm6faeiaI75JXLY5fwBFyHTAgh0lmWI2vYyfJwl-itMT-DQSBPWfYe-HFe9nYXRYHSZvNvfldDq0VgaIrD0dynq7oZHpuRk6QPTc8j-B0ylAYEW0_WKh_X9GGvlSVW7S5LBJjnSfBAu7TTqifTmmPwdx_-AFj1IhyBxrI/srNd3uM24P0dHFX2KXJP9wCfkzGJhmTkoz9BUQ1XTIQ),SVC COWS ADDITIONAL CALCULATION.pdf (https://v5.airtableusercontent.com/v3/u/53/53/1779120000000/6WqsGkKJ-SrBCAhbFAWO3g/ZQCyBnvi6rzwwTferj_Z9MpoH0RbT-0D7fadzD7jXC8QI8DPeIhGmVhx9YXTb3QF73lMq6P-CD0_pW3kqCIbmUwjunaQq2-0w46TAJZkrU0Z-uXXojkoEC6eK-lJZVhSGehYpymQFEUIYBHG_emUsX1HFMODumdGUlCtaAVfDHmADjSCbCbjkCmvBWX6U6O1/_8O686UQQIGpbc122QojteDK-HTWN1KsfozSlLpwIVw),SVC COWS-6.pdf (https://v5.airtableusercontent.com/v3/u/53/53/1779120000000/MYLcbv3BdyIuAW1vqsWD3A/JgPoMiDJntkr4XUrx3JSEpeabQOpCebRfAHM33ilyna8QfY4_-O_muExl0c_e2OUUacVC3flEI1X8NlxViqaGM2j0HD0e_-QiIkPVy7RfFw6Ry4klIUuYKqAKABmI449zNvHZkdhs-o3YDP6RHOQgtTjzSiL2GiFQqXCpPSGlJo/-72ZAjZoN8okTso-Qvz-gmeL1VyWtMgVTB2qYgu8upU)",,
Batch 791 - SVC Cows,68233,"September 7, 2024","September 7, 2024","November 9, 2024",,,-555,SVC Cows,100,1,99,SKM_28724090913540.pdf (https://v5.airtableusercontent.com/v3/u/53/53/1779120000000/RbnPR5EHRI_M0Gt_VmhheQ/-7kkvaIwa5RLC6zynGe72y1dvp-IePk-XorNgRaBYX8vTgEJC2qejIcHJJY_vNOy6Q-uzrkCKREtz28n-NkhAiqFsOJRlkru-JueLueXnPUYCpOAvYiLPLfk7N7kN-kH5k-ZwtrvIAJYQpET5bcmKL95nQ2sfjO4OXQEAu1uSI8/A5WlFDuZFHZXsAUKqU-it-d1_Ccp9LaSJFffyTDwn4Y),,R7063.4259,R706342.59,Processed & Paid,"52570,52570,52570,52570,52570,52570,52570,52570,52570,52570,52570,52570,52570,52570,52570,52570,52570,52570,52570,52570,52570,52570,52570,52570,52570,52570,52570,52570,52570,52570,52570,52570,52570,52570,52570,52570,52570,52570,52570,52570,52570,52570,52570,52570,52570,52570,52570,52570,52570,52570,52570,52570,52570,52570,52570,52570,52570,52570,52570,52570,52570,52570,52570,52570,52570,52570,52570,52570,52570,52570,52570,52570,52570,52570,52570,52570,52570,52570,52570,52570,52570,52570,52570,52570,52570,52570,52570,52570,52570,52570,52570,52570,52570,52570,52570,52570,52570,52570,52570,52570",R787995.06,R6755.00,193,3/19/2025,100,R731342.59,R7313.4259,Sold,Invoice INV-0117.pdf (https://v5.airtableusercontent.com/v3/u/53/53/1779120000000/6oQik4LQTEsogL5zz5-huQ/l15gLzJaMcFaFW3Rw8SiZ2WgDPj7zf7alzyKuqAYeIVBZNXVSAre5GKCrgIfxeBZC-CPJDG6K-Sp1DURn-nellh__7TylUfujBOf_YBy3ftad2PD-tFke90sFP91pNd7_W4cBdxy1K_qsF9XCyeoN1KRXZRr3pa3Q5BXIrJAimo/kd17cbJ0IlOS02HI_6WVKe6lcdNjSObtFURzd_lgKEk),3.54%,0,R0.00,"SVC COWS ADDITIONAL CALCULATION.pdf (https://v5.airtableusercontent.com/v3/u/53/53/1779120000000/pk3YRnbWdLW96N_ClfeTPg/tFnneyvw1txLb_81f7GjmZMf0Rcw2uCDS8F8-W6Hf_mWeX8xwuF5YpJi-hfQN9Z6wHv_RDBGbUF0vnU9fsCz8pnKGh23jhuk3wq9t8Ca41wGXwDgPYFUGILBIUOGtqgUsWMp6gEPBsHlQWJOsrVFmBZuepgJVrpfcvhmt0ZdHd_rdl9t9OcakLHEsCdhcEj3/v8kb03PwOi-uYZwGz0AqDaBBAYL5hlj83faw3-79gwg),SVC COWS-6.pdf (https://v5.airtableusercontent.com/v3/u/53/53/1779120000000/BcAhyD18zhFC41uTj3kklg/q1AxADO-nA4qzej0MU0P8zcqyQUvEJ0c-MVfFLqz4xNzo-u1BrB-HU2Jx-3SadgxwJP-DrmOGrk2W9Qb2agXAkQi2PKucb0TRXvvb2mnGqVcwdhfrZ8JTXWGRw4_ek3eKa7Gu0YlnKaYWHVXcH9lXN8dljGkUKyHFjvfMr-TCoM/U0o9G7GVZcVdPyX5MzHUVfdvT_T9sxMU01Jte6F3-yo)",,
Batch 792 - SVC Farming,68283,"September 10, 2024","September 10, 2024","November 12, 2024",,,-552,SVC Farming,100,1,99,SKM_28724091211150.pdf (https://v5.airtableusercontent.com/v3/u/53/53/1779120000000/5xwrhiUNCmppVwobYxNeSA/Ov28diVQAbyWPNQn7qA49N9_XeO_tpDJs9_H81ZkLiJTVRFvF6DyfqEa3Qwp282w2_MfPh0VSYjoWoaO2NhCWjE5n-m4h5miuD-gzFyk3Uj3R0Ceq2cft2YePHUxofPZS1V6F72BBygzfAG_Dr5D_UA2BAK-KPeXZir5bO1hLaA/VUpYwhcCrKd6VpjW4_21E54JTFWnaIIE2axhcTvb5cw),,R6317.2565,R631725.65,Processed & Paid,"52055,52055,52055,52055,52055,52055,52055,52055,52055,52055,52055,52055,52055,52055,52055,52055,52055,52055,52055,52055,52055,52055,52055,52055,52055,52055,52055,52055,52055,52055,52055,52055,52055,52055,52055,52055,52055,52055,52055,52055,52055,52055,52055,52055,52055,52055,52055,52055,52055,52055,52055,52055,52055,52055,52055,52055,52055,52055,52055,52055,52055,52055,52055,52055,52055,52055,52055,52055,52055,52055,52055,52055,52055,52055,52055,52055,52055,52055,52055,52055,52055,52055,52055,52055,52055,52055,52055,52055,52055,52055,52055,52055,52055,52055,52055,52055,52055,52055,52055,52055",R707122.48,R9500.00,190,3/19/2025,100,R656725.65,R6567.2565,Sold,Invoice INV-0064-2.pdf (https://v5.airtableusercontent.com/v3/u/53/53/1779120000000/GRiLxN3MKsTQeuifULRGiA/1cGIpEmgsryXvpL09Q-uKtBLXFak5B1QQwa2plIzBvHRiaA96poGqIFkffTJNPkcZQbqnketBYcBDpnPHM9ni6nJD_7q3GzjBmYi7A-DUQniQWccCPTW4QqewqQCqzsmaziBKQ4XyMmLlI1laxZ5UbK8BVW5hj6j_KpwAvvgAjc/n0SRIQ99dumvujmR09w1qQ-Lr82eBWVT1gOhIkiwrGU),3.96%,0,R0.00,SVC FARMING-3.pdf (https://v5.airtableusercontent.com/v3/u/53/53/1779120000000/g1odq7fNpeJhiYEc9Qve_g/pFjp-nXtwuhj9GCCNz8Re_qLJU3xixF1wbU2Q_AzV2CpByw6gwo_GvMZ98ULmFuhFYyhmBmFmezpnjRcbLMIU1bl50ZyXyhsc5Yui30zMy56Lh4Txl8cDpam8ZyyzUINkjrf4Z0zg6qZCMkJi2O7aseETHBaUi1JxFC_x9JKoVk/hL9r576AALfQ85l28WrevEKewQAWWZjSMYjh5UmrZVE),,
Batch 793 - SVC Farming,68284,"September 10, 2024","September 10, 2024","November 12, 2024",,,-552,SVC Farming,90,2,88,SKM_28724091211240.pdf (https://v5.airtableusercontent.com/v3/u/53/53/1779120000000/HQhO_KarTf-30SFgkPoRVA/nRCAhR3rcPA5l-tmb-Sub9HOySRbA7SY5sYpfkPhcD53TXtB16-s-0a1H21g0RC-ZsRLW9eIOCw3kpY9UQyooDB6eXARjsFLRzE2BxYkzFq-dV7oeOQ8fscDnE-4p5aKA-4wwe7lnHoGlhXMxY1pBQMp21HAB_RRKhm-NzxbQew/7Ryf3k6gEyXrqMT6n5VL_bSExeTwTgHq3ikpZo-K3dU),,R6662.4104,R599616.94,Processed & Paid,"52056,52056,52056,52056,52056,52056,52056,52056,52056,52056,52056,52056,52056,52056,52056,52056,52056,52056,52056,52056,52056,52056,52056,52056,52056,52056,52056,52056,52056,52056,52056,52056,52056,52056,52056,52056,52056,52056,52056,52056,52056,52056,52056,52056,52056,52056,52056,52056,52056,52056,52056,52056,52056,52056,52056,52056,52056,52056,52056,52056,52056,52056,52056,52056,52056,52056,52056,52056,52056,52056,52056,52056,52056,52056,52056,52056,52056,52056,52056,52056,52056,52056,52056,52056,52056,52056,52056,52056,52056,52056",R670331.23,R8910.00,198,3/27/2025,90,R622116.94,R6912.4104,Sold,"Invoice INV-0064-2.pdf (https://v5.airtableusercontent.com/v3/u/53/53/1779120000000/Ju-9snTUFSVDk2X0byWnYg/J-7VQKr40xqBfm6vhI5v27G1hr73n0dboi0XEZmKkTX5pjT9LluWZksGb0_D9CRnd5DWhDB0dpCHGrShH19L6gwQc0Tf0Qanru9a2Z2Qoj7X_jttu9bFCzyo9pS0FeSz6ZPnY6VnctJSGiWmHTarYhqLbpjytjs-UH4hXs6Bxk4/xcNReon6ZcqkS4DpXS_HgmbaBeyse9pcw5X1m3ywhkw),Invoice INV-0065.pdf (https://v5.airtableusercontent.com/v3/u/53/53/1779120000000/hG1x09mVTucgJiGuYp50UA/Rz9-kBGWk1tsiFxn-QOwla81_AqVsj1VeQY9gAZIWfn64MdrP9SIrTdNi2f1YFabsco0nqyDtjR0XnRPUQbpOEkq1i_FrOoCO_AvXpo2XdKJn23wDfHKhETA7L5MEDVaNERxqUw-cey-xFF7nQiO_AFaG6veY8JHRCxF3wPi6mU/7MkQbQSUq4K9fb2s0uu_jNRF1elkwRH5QgR7DqEcNj0)",3.75%,0,R0.00,"SVC FARMING-3.pdf (https://v5.airtableusercontent.com/v3/u/53/53/1779120000000/VqKB-_UshCE2KDNih4fhgg/8zjwT7TiGeD8CDc9T5y0JflpCK9p1huudZO8xNOi3QfqIsbtFK60mZXk5MwwcsbaL9g93idxB6Udut0cz4cIptzPA2svsWTZhkpXo2Mb7oAIHezvPqyBgvh8gRNOzz2VtXtdySOK9TrNrylLkW3Sd5vIxBefEFZpmP26A_9NMYU/YiJmhfZUuqjWn3C_dScSOYeZ4T-0ZT2A_rKQygonMkM),SVC FARMING.pdf (https://v5.airtableusercontent.com/v3/u/53/53/1779120000000/xb2jYkZSZ5m5ioxqdMQ52Q/XWPL7gNf2BOCe7fNNR-bO2BGfaJmAO2MrrCYzRBq9gIJZcsmqoVQWmiqzCeTMKUHFIhuIOe1E3lg3antXf7mzNByNroMiuQIC_MI7llnvvzylztE14Z2rGM9N90tNPUuz96VTmbSYP9X0fKjvs3KALN9BzcNGKOUCOIcfcxFeYU/imXHqCXctSl3-Rf9gOAOKe57A97A3ZqmlhcM3yh3RRE)",,
Batch 794 - SVC Farming,68270,"September 10, 2024","September 10, 2024","November 12, 2024",,,-552,SVC Farming,88,1,87,SKM_28724091114070.pdf (https://v5.airtableusercontent.com/v3/u/53/53/1779120000000/Mn-GK_JDJpFLi0a7TheSkg/NRV2fAx2zVezwd6Yr9eN-GmCrcubjv-zBlHWOuPRw4T5OJmsOm3eAKkTLsXGDr1QYLoPUh1DvoPXvsQx1Q2d7rncCxBvpDfEcK0-kJ6o6ka_P0wy2dcEqwYlE1AKZeg71_3EvESBIgLpQFwQmnOnOKVby-SLuHqxRV3zHCNhe2Q/a8Fyzc62R7zMJGo7FvTUUbitdtR7mQEXFToewo7Rd_Y),,R8270.9183,R727840.81,Processed & Paid,"52054,52054,52054,52054,52054,52054,52054,52054,52054,52054,52054,52054,52054,52054,52054,52054,52054,52054,52054,52054,52054,52054,52054,52054,52053,52053,52053,52053,52053,52053,52053,52053,52053,52053,52053,52053,52053,52053,52053,52053,52053,52053,52053,52053,52053,52053,52053,52053,52053,52053,52053,52053,52053,52053,52053,52053,52053,52053,52053,52053,52053,52053,52053,52053,52053,52053,52053,52053,52053,52053,52053,52053,52053,52053,52053,52053,52053,52053,52053,52053,52053,52053,52053,52053,52053,52053,52053,52053",R794190.02,R8360.00,190,3/19/2025,88,R749840.81,R8520.9183,Sold,"Invoice INV-0063-2.pdf (https://v5.airtableusercontent.com/v3/u/53/53/1779120000000/x9GdoAsHK0ceLRIiCaWmPw/AExJU0cUVa45UUMDAM8mJ9oC4JiNeslfkKElb7yt2S328NxM9f75grj4F3K8R3o-Nmk3p1tRSTA0-uVgx5RAY_7cI4wwc4_TJ9NCKCcELkN4uRd0W2TPfZVupO1VZFWuBeLpnsPfS-m_ha-HMv0CGws45CF0kjCIfcejHCv25q0/0djdyZ-0yDRQcOGu8w8ZXl_uTgd8NCS6eh3zJ0zAkbE),Invoice INV-0064-2.pdf (https://v5.airtableusercontent.com/v3/u/53/53/1779120000000/mqtczTGLQI7swfUyiZr-yQ/vssqtGneE-o3_hcK271bVfvleKcxkFhZJt762_pjmS_Eik9wPalTmBcvLsNnOwlP0BH2vEm5-85kRjI2PNWuKVRBYTYhEBcLPCfvBm0lVdoCRJVpBeWR-3kZm-uq8fiH5AP6r_fO6MHB2Nzz8cMedlI5s_KHbByJIFS0Z4fWltU/_45thRaQi8Ufitg3nJUrMaCIaerOLWY4PuAzsGxnutA)",3.02%,0,R0.00,"SVC FARMING-2.pdf (https://v5.airtableusercontent.com/v3/u/53/53/1779120000000/4k1TohIzILE5XnaC40Rfug/sfI5oOw3g4GWjTMT-yQ4dhJFMyaH-UQNvvoyPhRktON4pQPZllK4p7vH-vHIQUuInuQhAFUhe8bCH6SfLZhnkuoblbmQpwUiwjL2fjhMAoHr3kR8QtzIUW0NBCfjxMhQK4ugF2nkx8KAeo0p4kO2eFQAG3-YhGLIotMqf-7yMY8/neBrAN9Dgv7G1SxQ76qT7fn08WIqLVzN9ZEwqTCQWys),SVC FARMING-3.pdf (https://v5.airtableusercontent.com/v3/u/53/53/1779120000000/CrgW152DqyXQJizv6Cd_xA/tfJGh-XzfKKfv9xWwExqs6PP1a1ZnihdxcmYKHkzrA4Xt1eAGVO9TvmNi17eNLp5pvtGVJsh_FFEEuu5-w_uBbd3VkG2kKfI5VCgbS8_WiFipWUscKOsMYO22SfZEc-iYwWi141vZ52EDYPtikvT3AZNBHbFfvfxodApOqnzE28/Mxu2BNjw9KzGKx5-rShvz8SSfrGE3cyHg2ULRoI7xLQ)",,
Batch 795 - SVC Farming,68311,"September 10, 2024","September 10, 2024","November 12, 2024",,,-552,SVC Farming,84,1,83,"SKM_28724091309090.pdf (https://v5.airtableusercontent.com/v3/u/53/53/1779120000000/9dPmwN2tmyOKybjwkujlxQ/PCXiO4YlSZR1xFNWr2KT4bidtRj3pEA3lkvyePlSjaQWSeZcwOM3_ufzD1zkyPoPEdsNRsfFj3-a0S59QL3AlB8ZIuQY4AfQUNTC87SxbeQ4r_Odgdpw888oJX9vYYuP3yTXk2O4McPozb-MW8_FLgofnJMiILyC4NjiAxXC2mQ/Qz6NkuXcDSC8QLHMPTBsink_Ul6Mw7ClPNBg6U8vkUU),SKM_28724110410040.pdf (https://v5.airtableusercontent.com/v3/u/53/53/1779120000000/GdnEhMuv9XgVTKcG40pgoA/M1V-kb3fb7290A5Go-QnhmNCq5ZcyEJboPhjcBHosJ4gXe-pCXQucYcdQWcx8rOzIvoiD1HmK9Zq1cZl8_hxQyasuQz8f5AXUXePpuPJ2XA3ZOdculZIsa87rAiMR1LaGozR3tgpY64uXRVzhKA9lfAdYOt3M0tnQjzOSEqsHT0/Ai2uTxkSkd5e3C0uRLikABTWUDHSeyKZpmJqLjN23E8)",,R7484.7405,R628718.20,Processed & Paid,"52057,52057,52057,52057,52057,52057,52057,52057,52057,52057,52057,52057,52057,52057,52057,52057,52057,52057,52057,52057,52057,52057,52057,52057,52057,52057,52057,52057,52057,52057,52057,52057,52057,52057,52057,52057,52057,52057,52057,52057,52057,52057,52057,52057,52057,52057,52057,52057,52057,52057,52057,52057,52057,52057,52057,52057,52057,52057,52057,52057,52057,52057,52057,52057,52057,52057,52057,52057,52057,52057,52057,52057,52057,52057,52057,52057,52057,52057,52057,52057,52057,52057,52057,52057",R694718.20,R8316.00,198,3/27/2025,84,R649718.20,R7734.7405,Sold,Invoice INV-0065.pdf (https://v5.airtableusercontent.com/v3/u/53/53/1779120000000/9R5AYnXySIA1JgjCZfq8kw/9tJ1MmuEK4aLWa_3tSRBL1yCzD76haTeF4wDL-nCo3GxX9FkjD7Bu_pINyL03sQWUgnQSV2PgUZhU-iAHcW33-qreCg36iG4-T-cUd2TpO6ov6uKONNnMW0N46O9IyDd8sptKr3ugNTxMlXqS6Mra7fkFwsqzKsDz3vfj4jy9GE/qPwA7WxAq9JDxp2URykOn8CVn3MiR-hd1iGdnJYlYaI),3.34%,0,R0.00,SVC FARMING.pdf (https://v5.airtableusercontent.com/v3/u/53/53/1779120000000/ph1UOuN6nLsWJAh-I87DYA/8XqiWP5MFiVQyK02UZQ5LOcawp6qhSJn5w0yMbD_zeQ6vDJThipSSW1s3B7OObMfJjVOiuRNvIIA2dMwK-3WaynONm2CjL5ZdbhzPNh1Dy-gTXrH5twobjmk-6SBV0pJE_hNRb5DvyOKFjxbYYtnHyeO1TKTt5q61gNUaensTCE/3U-tRLNTAp8mEllQylm5HCkVdeBw3XJkYUy63cnCbs8),,
Batch 797 - SVC Farming,68317,"September 11, 2024","September 11, 2024","November 13, 2024",,,-551,SVC Farming,90,2,88,SKM_28724091310580.pdf (https://v5.airtableusercontent.com/v3/u/53/53/1779120000000/qnTOHMS155-0giMcGY8Ynw/FJthfa1hV8PTcqXG3wLM1dRPKt7uSO4ga6a-4DwNaigx3wqFpgu-atg8NVsgZ7GBfVK046NC-LZJGKkRDmij0nCY7pklsrj2E03VPS6pgagkPBCr9W1agyn8AGEYaV6zFN76z_-wRaaFUAvRy-ulym8W7C6CAmtSb3RUiepg6VU/SVli8CTk9hvjrdWmfjRaXrtjlPj80Mkvz39uHn-JzRI),,R8467.1058,R762039.52,Processed & Paid,"52060,52060,52060,52060,52060,52060,52060,52060,52060,52060,52060,52060,52060,52060,52060,52060,52060,52060,52060,52060,52060,52060,52060,52060,52060,52060,52060,52060,52060,52060,52060,52060,52060,52060,52060,52060,52060,52060,52060,52060,52060,52060,52060,52060,52060,52060,52060,52060,52060,52060,52060,52060,52060,52060,52060,52060,52060,52060,52060,52060,52060,52060,52060,52060,52060,52060,52060,52060,52060,52060,52060,52060,52060,52060,52060,52060,52060,52060,52060,52060,52060,52060,52060,52060,52060,52060,52060,52060,52060,52060",R868825.23,R13455.00,299,7/7/2025,90,R784539.52,R8717.1058,Sold,"Invoice INV-0065.pdf (https://v5.airtableusercontent.com/v3/u/53/53/1779120000000/ZtAfEmcwDj52DXEsQf9ljw/dJT1U6UBXLiEaotdzZCZ25aiipioGLRVcSxhSNhcSmB-ieY0edxKagU0ZMtBFyNyxoQeyNYzViRG8IDYBEhxt8GmKf3F1I0_gw3DOw5ztPL62ePaA5KiOC3Srk3rkKTLZU0WVsCYS7FlWlXVrUwblPv-if9hLIV9VPK1z5NOt_Y/iZT5c82Gu6KdTma4NdghE8Syf2eEVK0HdFVmDzANAmw),Invoice INV-0066.pdf (https://v5.airtableusercontent.com/v3/u/53/53/1779120000000/ki6d2DWH2W6p5NlpoMN6ng/F3j7ZbePteaBj4EGSG2rWGFwsh4eDzCR3JCNQW0ZFI6CEDAobRivJOJWG76VaybFNIImtX-Dqy7EpweqDg-hsARtlp-YwzuacrElNl3LJvG5cVvFVLWnfSZSAQxO3giMsq8N2cVKHQ1Md98XzGZS4kHBmq7sjIPDHKABG2pjQDk/yCcp3LDmP9_6Y-_jlbFHQdF-NQ2gEQQa6ctBX_0Mnq0),Invoice INV-0067.pdf (https://v5.airtableusercontent.com/v3/u/53/53/1779120000000/h8ic4FTNyRTyMtCGoapBtA/JayZTAhFesJmdlerwT3u5r4LmZ5fNfAzecmYfSABrkaQcikgLTuGmnbtt5lD_IITbAXj6N5kEOJMh1LfFMejb1OQzs5NMQzxjnwEkW-T35KuLsrqCaAFY0i2XjLIx0WRNcKT1nHA92CtB1SgPKgR1ARv2mZiAV5DvFZdJBDIF-4/saby0m_d0UrPPvUSt9gVOJ9bzkbCjdr0CNhcIQKxesQ)",2.95%,0,R0.00,"SVC FARMING.pdf (https://v5.airtableusercontent.com/v3/u/53/53/1779120000000/8Y5rc4bOjl6YYRcSlvmofg/IidhbTFe4Ic0j0AONCv03Wx1E-o7xp1u5Jj3nOYvIweLsrU3na4zOaStoW1Ha3shJT0su8LELtUPSApHwfZXC5NwwTT1ROW8NonYlgFaqTuOW-fizj38dYSHb5FkFqc-DneyQyHKYnBoXYUJgXZskno38Zc6M92NmujUHV6wSeY/P3krdYvgNLnQnLl2Ol3_UmdQ4x4gtmEZKfi453thzDc),SVC FARMING CALCULATION.pdf (https://v5.airtableusercontent.com/v3/u/53/53/1779120000000/PnMmKctEBGBF46vTAiXKdw/ws_bvedzACBrHWSaEV0bXfdfFyBocq7BGGTu45NX7MAgPhIB84vrRdiCm_5besFrt_pudze2aejwS5BJ6Fprj058CqD4WAO7dNpywrMpoCic95YF5tv2-jUomvyVsrxGq7qD4sMzP2vlZvKKVOBnDE-huu8rWFQf9MwRLH5qDrU/C2HYIlPJcf12dgcl87lmTgcwj2OM_h4Yl5zlsEBpz1o),SVC FARMING CALCULATION-2.pdf (https://v5.airtableusercontent.com/v3/u/53/53/1779120000000/VPD1BsqcM4UcxaqzRfplXQ/cm6ZhVeBQ0V1QI2gaKHXs_m4k1Mex5FzfxytIsNWtkOXxqI9reBcVZbALqw6u9CNDU7ZFdXh6GBfS7-tY_UwQE_mQfdks7lgCmivWr-P6gG6sfq2OyzPLAeJERAJnVCCas4IDBogj95koAqLuSoEyz5DB_Y9PxCOgOfEccQdsraNEbW0G_M--zth4W90ckTE/1rfhI0rJhfsT_ShyRAgJ1PvM4pRsa966bD2ilwAjCPI)",,
Batch 796 - SVC Cows,68316,"September 12, 2024","September 12, 2024","November 14, 2024",,,-550,SVC Cows,92,0,92,SKM_28724091310510.pdf (https://v5.airtableusercontent.com/v3/u/53/53/1779120000000/lTnetO38kHUOSA1i3JaaNg/eLlOkxy0cvOwErURYUsu03UsukLXVsCrDnqz4ym3HC5OH3-FjGCx3NiNANmeRPrGWJCuuhAa5QUX0PmN5rlmwzLDvORJmUGxJcMwFAdBy81h1TAI7sfC9MigZK0c3lFoSOGeQZQ6MhviZl9WZKbcX_p0YtuLmS1Wy1DgVq1g6Ss/Pi9w6XgYvJm1ejpzo00Mwfs03YFiYJkDsXJI0x1yavA),,R8460.8125,R778394.75,Processed & Paid,"52062,52062,52062,52062,52062,52062,52062,52062,52062,52062,52062,52062,52062,52062,52062,52062,52062,52062,52062,52062,52062,52062,52062,52062,52062,52062,52062,52062,52062,52062,52062,52062,52062,52062,52062,52062,52062,52062,52062,52062,52062,52062,52062,52062,52062,52062,52062,52062,52062,52062,52062,52062,52062,52062,52062,52062,52062,52062,52062,52062,52062,52062,52062,52062,52062,52062,52062,52062,52062,52062,52062,52062,52062,52062,52062,52062,52062,52062,52062,52062,52062,52062,52062,52062,52062,52062,52062,52062,52062,52062,52062,52062",R834341.87,R3864.00,120,1/10/2025,92,R801394.75,R8710.8125,Sold,,2.95%,0,R0.00,SVC COWS CALCULATION-2.pdf (https://v5.airtableusercontent.com/v3/u/53/53/1779120000000/l6GB9W8i8AlzF4cGkMe1ug/U8WHZgj09OyJVuQ8A2bE33BGYhXKmMGDJkJbJ2BMgThFto5Ax3-nAlL07kWVClAf2BCtrQ7EleF8nWu9r5d7E04B2N2ezU2Wfs-ojvyO6ZoG-MSllU15MMg8oUHaQXgoY4SUFtHcuvPdN55OYhsPABTpvI2cJyCutGh-vyn5DhA/uMCugVdtyFOMOA6ncbXOU80EH8b20NiEVkDaa041JMU),,
Batch 807 - SVC Cows,68341,"September 14, 2024","September 14, 2024","November 16, 2024",,,-548,SVC Cows,8,0,8,SKM_28724092014030.pdf (https://v5.airtableusercontent.com/v3/u/53/53/1779120000000/Viq-GgE2CVVQsgQpJWEYHQ/g8EJAoZb2s5DCMWKjnfBmbThPbMb_gjE-iSWH_uj3n1vCGnTfnInTZQesiOws3tCYnix20RgjlqfrfT998ga8_ZE4_6HiyusEp5WPTK9HryWWhFgAnAyZQa_FyNwfcybM6Y_2oZY-UcY_Q5yTmUVJEs4fsbJEb4Y7fMQkuZV64g/JImKWLTPiwqRvkf9qTLwlPHszBHjwLJWHVapP-tl48I),,R7177.5000,R57420.00,Processed & Paid,"52063,52063,52063,52063,52063,52063,52063,52063",R63816.95,R520.80,186,3/19/2025,8,R59420.00,R7427.5000,Sold,Invoice INV-0117.pdf (https://v5.airtableusercontent.com/v3/u/53/53/1779120000000/U0FAjeB8hOtE7Wcre7sTzQ/K0GJxGE7EnBZ0rAlfKk-MzUP6WmulQW69i6oLWgEeGV-KsUJVLo5qT-CFiuoBDGiwVVlvBcnvmFssgMSsIHhot6YesVBt6fak105RFNsKPdybzMqA_jNwoHwdIGb_lZISIRSl4VK99ZJji5bYeebZAmXdJi3cISb7RXhl0vh8lk/FCPhowpOfmpUny-r299mRwDSny_B_doNkiOHwzDSCow),3.48%,0,R0.00,"SVC COWS ADDITIONAL CALCULATION.pdf (https://v5.airtableusercontent.com/v3/u/53/53/1779120000000/lgXghW9Lk6-soyQJJYCbLg/WJRgaNq1L7DvdhQV4nyicb0y-sG3IoGzKd49DdhuW4pQKWYbNIb_R759QJXr5LnbhJwo5rWH8DwC3u8uOV6id0D7VN6J0HlkYRdnX6q4q5NWY6oZgRcPAatV4feWzhsLONuAlIEJy9ZLb8q5JI6O33wfKbDf2eoYSPGybMzKjJlmjJvTS7tBscCFGcXhDtpE/4DAMxp6SLmYnBdKZPXn2OUKCf2DGpn6SFGP4kmMrXo4),SVC COWS-6.pdf (https://v5.airtableusercontent.com/v3/u/53/53/1779120000000/5gMwD_LH_KlJyUZhAK_xeQ/j56KiGJYS3Mygz1iY447QCA205X8wIAyDaR9NZkr7y7W2UukearQ9y909yj-_U8I-hKZRfCN9RwUtqj770iIM5Nn-8y1-uah5_E5N0lQ2tDgXwKhQOB3__mi5BhpsISNLV3lSieGAjNQ8ZF9L5I3tAu4euiVskS_P6nWVTCfJcw/EEbd8--8GbBIQWSQKv5QD4so4iLkD_uT-tsiO1FJ0hk)",,
Batch 805 - AgriFund Dios,68397,"September 17, 2024","September 17, 2024","November 19, 2024",,Cycle 5,-545,AgriFund Dios,100,2,98,SKM_28724091910540.pdf (https://v5.airtableusercontent.com/v3/u/53/53/1779120000000/L-kJuVI8obeG5Ea3mlYwRQ/UhGaQd0GgqmLTNK5WEEZ6StwOv3nLhhFL3r-oEdmrUDy-a8M_Yerug1outxJqOY-ZUuoEDagr3_Td9PmMm0OYau3dz0bOaXAPkpruvSuufdK1S5q5p5U2gfU2EfSLch6KdnGPWv5HV05D4xTLMMzdv2jeMzbM0tPLoMlVET_308/ZvqjuvupfUv6WzHCJdtps11dnHuLqJl-cgDyfMgLQ-4),Payment Confirmation-54.pdf (https://v5.airtableusercontent.com/v3/u/53/53/1779120000000/C3UJgumo0nj6WX17pOEwTg/hn9nFo9zi95dDAhcj4b6RdqTDVjz_0xqc04xR70k_YHACjy3s-sCzHskkdCsjixovC-eDNY1t05AAiPDc3an6JO1tgFQT5ZxRvZ6qQsNcbNDWDLFSA3kYtH4axnQFydURy_fvd_pDVEq2BkSnb0Q7jwPqnEuv0AiUwBHSwTicn8P4IVEB0o1HdUJE8Hap88S/KnSrRrjf1jtRTBoZH6OMJwhVnkTRng-2Ql5j1KVXXwg),R7589.4430,R758944.30,Processed & Paid,"52064,52064,52064,52064,52064,52064,52064,52064,52064,52064,52064,52064,52064,52064,52064,52064,52064,52064,52064,52064,52064,52064,52064,52064,52064,52064,52064,52064,52064,52064,52064,52064,52064,52064,52064,52064,52064,52064,52064,52064,52064,52064,52064,52064,52064,52064,52064,52064,52064,52064,52064,52064,52064,52064,52064,52064,52064,52064,52064,52064,52064,52064,52064,52064,52064,52064,52064,52064,52064,52064,52064,52064,52064,52064,52064,52064,52064,52064,52064,52064,52064,52064,52064,52064,52064,52064,52064,52064,52064,52064,52064,52064,52064,52064,52064,52064,52064,52064,52064,52064",R831563.35,R0.00,183,3/19/2025,100,R783944.30,R7839.4430,Sold,"Invoice INV-0050-3.pdf (https://v5.airtableusercontent.com/v3/u/53/53/1779120000000/CevJ3m9bXzvX8YFZjAOO6w/Rt8jA4GAhJGqwZs9f3td46lP4Qr6t7ortAmR-pKoDltdkNdK0s0SwUbX5a5BDtZJ1_pJIpPLYzpAPFaxroZBlYwikbutGxKTFyail3scz2JSQmDyJU6U2aJ_9IU3EHZaGQ5E6I3osoOkG7JwR-7JUKFeKi9eydS1-Lx7ftQppCI/-E7vPS_fiC1wGYLfMMY5OiURvrl10qoSNCLSsTjSui0),Invoice INV-0051-2.pdf (https://v5.airtableusercontent.com/v3/u/53/53/1779120000000/edGUHXTbpopC8glm34gCIA/B91fYBJjB0l6EazvjA24u9LI05apGeWCqKcOYGhHQeU6WAVtW362yyqV291Ge_823Bey0j9kX-3R3LLkOIjE-V9XrDHs1Md-eT-7IU9Tkx45o3eq4nC6-nJtG7vuYdrv3AD-BMhNDJqH9JKAputUcIuGH7PrJfYK5e1SLYAAY2M/08iNiGg0Irp7lhuNf_8Y9oM2d8dCO_hSHNoIFUt40rU)",3.29%,0,R0.00,AGRIFUND DOS-2.pdf (https://v5.airtableusercontent.com/v3/u/53/53/1779120000000/M5CoCWxE8mcAa0k_LUwVPA/SHMlNQs1BrShJOycX3i6rkrjkpTtRKW2UhvtT2ld5BuTcy_g0GaYPsKxKrZY-VIycXNohdX-jjhcVcnQJDuBtLpbiseF239Gj-Umq66m-A1XjoILH6WuXkQeWQ1wK1bGmWtE_Pb17sIAcf0NqVWLRhvSZBUtWDjsf44asUjImQg/66K5OHdkte2s8sQ4Jo8tx2prq6K88pWDfw3fIsxo4So),,
Batch 808 - AgriFund Dios,68415,"September 19, 2024","September 19, 2024","November 21, 2024",,,-543,AgriFund Dios,103,5,98,SKM_28724092011200 (1).pdf (https://v5.airtableusercontent.com/v3/u/53/53/1779120000000/xCX_3O1x5wy0zFzvwiuZaw/SYcVzU_lLkibWp5YdS8dMxzxnPLYn_q4NymZvoDEBX_N14WNXo4OufZbdkhoGvxrQZoUO6ogc1ebYVc15NZvoyvEIELLM4LTsrBJGHU5V6lPMZbwxJRkKuPbKBeKUfPeA3Lye0UFODkS4yWUjWEZ0P5U0XhEDuKTduxd7Czo9c8/ufirj63xIeeu6nXQF5G0ihFTn7QbEcgAUOlFv6ugUr0),Payment Confirmation-55.pdf (https://v5.airtableusercontent.com/v3/u/53/53/1779120000000/GF-TweAil8-tX16jIvn_Vg/J9KA30mIxXF84VaVaQKMRUVOgIqo5HyHtPWlkjfQsXUNb8RpbL7qkViNBqCUtbSd0hwhgvlI8ZoO4pLtuSMZh7ubETUXL3ausZ63YmGu-6oKaDY7O6HjdcX7qGMgeDVbr-YcBtGOs3hLw7u3d1uXfNDEUUIV9TmMbb1RlgbjnF-JyDWNtiHb3n1gy8rSSlwj/wWi4xWbtoDpHPozdo_ddZNbaz685SeHFouWd7WQ6cdU),R6469.2020,R666327.81,Processed & Paid,"52069,52069,52069,52069,52069,52069,52069,52069,52069,52069,52069,52069,52069,52069,52069,52069,52069,52069,52069,52069,52069,52069,52069,52069,52069,52069,52069,52069,52069,52069,52069,52069,52069,52069,52069,52069,52069,52069,52069,52069,52069,52069,52069,52069,52069,52069,52069,52069,52069,52069,52069,52069,52069,52069,52069,52069,52069,52069,52069,52069,52069,52069,52069,52069,52069,52069,52069,52069,52069,52069,52069,52069,52069,52069,52069,52069,52069,52069,52069,52069,52069,52069,52069,52069,52069,52069,52069,52069,52069,52069,52069,52069,52069,52069,52069,52069,52069,52069,52069,52069,52069,52069,52069",R746438.92,R0.00,196,4/3/2025,103,R692077.81,R6719.2020,Sold,"Invoice INV-0051-2.pdf (https://v5.airtableusercontent.com/v3/u/53/53/1779120000000/fy3EnpwSNSDvZywfYJTZMg/BEb-VQp4g8K1Rt5PV9UDXAjJJMQW9TjA6DZl93HnsbQiFFQhfKJsvEfAcpjEJhw1H8XjMw47mdLJRNbrDePkW_FUu7MJgDFNhzm5qzvisZBSgQFgvnGl_vJDgVPOMAm5HYs8IJr67x00eBdsE9wqZeYOVmmQlJ-3Y9HLA-_D6Ig/fO3Bce662TaEq3FauoOg-kIauMzbV_hA8jJe6V61_FA),Invoice INV-0052.pdf (https://v5.airtableusercontent.com/v3/u/53/53/1779120000000/14TlRHFRA6XDfj_j4uI_PA/RQOC_hCsML7cJEl4-MGzdb5SwekGGZymzNt0FVIeJ1SZBM3hpGCJcbstU2DkIrKZfWX1ZdePJUJ12W5GAwxL7Ao_X6p07ymBCL0Eh_rlitohqLSBFKT7dIExwt3LSGK9GHfEPJqTqyqzUrf1ZMvCP5rNIJCk8S37FpOcfs9u8cM/-XPRRWAgOKTjTh0qKgtRiDhDe9DLzIA523dpB-QMf_o)",3.86%,0,R0.00,"AGRIFUND DOS-3.pdf (https://v5.airtableusercontent.com/v3/u/53/53/1779120000000/1Q_3eCvHU4JE7xgDpWmkBw/7jVs0YGblxVqD_tYHYNHwFMoWIU-WFIAzTPRfrpGcPUqjQgG6Jnd1kWkUi-Audqc-ZOi8cliP7usE0-esUJrsDT_bVeY7XpYJjLu-FrzhVxylD2HvEXpx6qaJPULYXXfbR-xev1fAKnv_444D_dDrJMa1VKSolieKZ4zK5hYEQg/mdcxYD8U8BZmrcvY2k1tCDyu0j8zI8Tkk0I6Ygl6TVw),Agrifund Dos Calculation.pdf (https://v5.airtableusercontent.com/v3/u/53/53/1779120000000/4L0NWLOlOjO68cSRxWTnYA/TCl_Jam5C6idhqM34hNX73vrK978vz62UtP4DqFXhuwpZ7c26SUCyIo9hp0pNaOqRy_oNXWtbJQOdO3CAi1MSVjbG3vzKBbfssEILBNtJ7vQFi9fIBoImvJPGW1RI7Vu7EdJFXZffH-gC2ITgyIX963p8BUOhTXuGdEDGforvGN3___Yjh5rExqfT889QFMr/oQbJVJeXYNHXtF6zfCP4mIN6xDYkMf3BFzX2Dxn4a18)",,
Batch 810 - SVC Cows,68461,"September 19, 2024","September 19, 2024","November 21, 2024",,,-543,SVC Cows,109,0,109,SKM_28724092409490 (1).pdf (https://v5.airtableusercontent.com/v3/u/53/53/1779120000000/ifLMX0A--9Kn2mc1UXbvxQ/b9pm8MU4tA3t_hXS7Bo4SkzAgxqPpI1_oszq0DKy9iHpJ5l5DhSR8Ln8kSREb_Pwd4saNkl_Vm_qNSz2QrMK5aA44XYE4K4dey_NyutDTs3pQpFcaLrXpmnRe4XeRuZ30MoWu5ddeBiZuVHgB9-mcur5vW8GmWwm12XtuZV8So4/YIbe388RLPmtbq6qx2avNG08GCqjXOmb7dC9Wbe6Ktg),,R7762.0338,R846061.68,Processed & Paid,"52071,52071,52071,52071,52071,52071,52071,52071,52071,52071,52071,52071,52071,52071,52071,52071,52071,52071,52071,52071,52071,52071,52071,52071,52071,52071,52071,52071,52071,52071,52071,52071,52071,52071,52071,52071,52071,52071,52071,52071,52071,52071,52071,52071,52071,52071,52071,52071,52071,52071,52071,52071,52071,52071,52071,52071,52071,52071,52071,52071,52071,52071,52071,52071,52071,52071,52071,52071,52071,52071,52071,52071,52071,52071,52071,52071,52071,52071,52071,52071,52071,52071,52071,52071,52071,52071,52071,52071,52071,52071,52071,52071,52071,52071,52071,52071,52071,52071,52071,52071,52071,52071,52071,52071,52071,52071,52071,52071,52071",R941838.51,R7210.35,189,3/27/2025,109,R873311.68,R8012.0338,Sold,"Invoice INV-0117.pdf (https://v5.airtableusercontent.com/v3/u/53/53/1779120000000/-MpZn9lgkoWnoMhZZzXdgg/Iz8d7ZCalu5yCddG6jV2FEChW3gYuODXj5dKX3QJzPnxbkPnt3Dgte9NktvmrlEYE9iDUi8DyUXJAQ6I9ojSNWNaPtIETq8DSvWgVH5x8o5QTg3Ssyy96S77Xsac_cE3pvMK5w3P_OCVNFRgfmnblAJCTEezwjSB-DjMc2o5Fgk/-qySpjJfnkyD4wRegtQs5OlxqPhGcQA-ovQ7wIGQjxk),Invoice INV-0118-2.pdf (https://v5.airtableusercontent.com/v3/u/53/53/1779120000000/fyBRuYSLAbhgWWmYYa42Ag/8lJr_5XlIAhO3KPTFdMl05_kpVIqpkSDiyPdKmSrltX367s_IB2XsAOAUfbYdwFZ4sDMQrL_T63zso9em8OGbAB1op4HkOLybFDFlrSRUBgtw7SrTIIGZ6Nm73mXOqbsFJakn-fdoBkntcld1GHHSbYuB7EnKkE-6xs6Sz7J-kU/p0WdWyFG0Z16-VU3ZBVqzsEqDj4pGURptbgtLECoHG4)",3.22%,0,R0.00,"SVC COWS ADDITIONAL CALCULATION.pdf (https://v5.airtableusercontent.com/v3/u/53/53/1779120000000/iJ1vlEAsZFP4Scr6qdzJ1w/NsBzqBcjcq92yHpUcZRVMUc-XxtHGx4wBdtKXmv5QJ8OVFfWUZ-7IszqeENQSUq_vpz1FaTGPU_Mbsdik20qOottQSsoA6KdZKDsIeebGFFMQte8BqTY8C9UPZkU4MSBmqTZcS6R_Id5q6FqvKJ3hb2GiAHKPL1rYW_BbtGClw1hBIfURZXZzhn_YoC7NdGZ/Dih0ukb7Kx6utKLUWT_ysYevTr76-4uVj8IFbr2eoeo),SVC COWS-6.pdf (https://v5.airtableusercontent.com/v3/u/53/53/1779120000000/HjXNAlbhUSsKB_D7hV3cQQ/2bDMwRp5puCyGYOn1Uqwi54NwaXzIm9MxQIfqdAwxIoQltOJ3fbf5D67fG6Z-jKpDKedA3SRPyAZEwPp3dlkEwe8uS6XbLpRyCdw4BZ--5GBXfybaBi8NnVxlngrNIJDIkirdaRpF9iCGGuDgSZc8QWVn37Tgs67zGgLFfTsaLA/k48FJ8ZcRYSDGTqkhuhPpgYAbP2tF5Eq2i_YgvK6BbU),SKM_28725033113260.pdf (https://v5.airtableusercontent.com/v3/u/53/53/1779120000000/_HsCJjWmkDWmrE0R7zXmxg/nraubOux-sciXH_Xe0Y46LS5jm6pK-xAGyMsRaJMSe5YxQrOWOH-0JDDRuHTr6hw-zPKTHPfsi5wgNcs7rzm2yTk_22b50NGbpjpm1frEhF02MwnBgDq9UXzv0qAKA0B7m6OcX19VwwLGU3Ker1aZ6RCF27qUyZq03550DnacEA/F9G_9ha4pJrgYI6sxiNf3N_mLe6zUqjNOvoDH4eRiWo)",,
Batch 809 - AgriFund Dios,68416,"September 20, 2024","September 20, 2024","November 22, 2024",,,-542,AgriFund Dios,101,3,98,SKM_28724092011260.pdf (https://v5.airtableusercontent.com/v3/u/53/53/1779120000000/yPFriYoAxW3SVLhBP9OTcg/rSjFMG7IsHd9qeKvVhHoGPpU5XLYvEa_bLnOmcGLEUQviyy06ud20MuqtUWVmtS4YNR4b5KM1PEKB0oaZAwFJ0pgxo1NSh36ShjZ_bd1dWp2bcGgzkM3ovtgYfBHFggBwhzdeJzwuWb_mIDZT6k1aoA_CDvfoETgLL6PqPCGaxM/xm_RcjE6w3ej5r_sLw59-_tSeFfs7edFrFBoom_cCZk),Payment Confirmation-53.pdf (https://v5.airtableusercontent.com/v3/u/53/53/1779120000000/n7_YlVCfEATJtJU49IGb8g/ly1YLkLY1XG0GfUG4pvSE_y0ugch2NHnIajuGYZpEeemz7tEnQBwupgYf5ow6PbgPnjn85bFgfuMbxWlHIQiPoUs9if4HVGB7aK6qs-Qa0q18Ob8Lw5DA-FxkryFXa4vMsJZOwNk90KImp8aHWo31WFhZERZXpCTIH0ZE1OFysX2DacsZOnwXvMxqMkIy3l-/rhJrpUmLW22WVPpG6DknIowpNeP_IL9Mxj3e7F0SKqY),R7060.9599,R713156.95,Processed & Paid,"52070,52070,52070,52070,52070,52070,52070,52070,52070,52070,52070,52070,52070,52070,52070,52070,52070,52070,52070,52070,52070,52070,52070,52070,52070,52070,52070,52070,52070,52070,52070,52070,52070,52070,52070,52070,52070,52070,52070,52070,52070,52070,52070,52070,52070,52070,52070,52070,52070,52070,52070,52070,52070,52070,52070,52070,52070,52070,52070,52070,52070,52070,52070,52070,52070,52070,52070,52070,52070,52070,52070,52070,52070,52070,52070,52070,52070,52070,52070,52070,52070,52070,52070,52070,52070,52070,52070,52070,52070,52070,52070,52070,52070,52070,52070,52070,52070,52070,52070,52070,52070",R808145.05,R0.00,237,5/15/2025,101,R738406.95,R7310.9599,Sold,"Invoice INV-0052.pdf (https://v5.airtableusercontent.com/v3/u/53/53/1779120000000/kXvjh9SbrS2Yos4DKdUmHA/CfX4OwH4DypxnbY1pMNkIq1AUXPjLysdZmDn4M0bYPArvA3WLZMhULSCJroRtgRnKrOZV0-n6TfNL5E4PgGEpxmTd62RY-ShEXHrbwg3TF6-PgPEn_dHooQC7CO22kwo1mNB2Qbsz_fPqNm-qDhWtpyHslSbEQsrqqA9-WFlFkE/E-w3dMEm23F3RD3BQFqrEfo6JcnF-GT_XE1zIBQUogg),Invoice INV-0054.pdf (https://v5.airtableusercontent.com/v3/u/53/53/1779120000000/rorbwF4LNYt3mULfYvDDKw/0N4t8GSPOios3LxHVfAwgqlvreJ0VZAye9sbIfkNakKNAMuXGxvWEhfv_Gz6cEM9jdGXwgfA2AvxoQcbcwoEVIYOGSpFpz_au1pUg0PHSlBc8uyavl1J2cjbunvpw_5x30xMN2_v4hPuhbmCAr-n0f7zx5vNn7wJ1SVhAdAg_p0/74KlVEU2-PW2H3OHC-L21DhHHWCc7AnG4HBwsa4vUB8)",3.54%,0,R0.00,"Agrifund Dos Calculation.pdf (https://v5.airtableusercontent.com/v3/u/53/53/1779120000000/FhJycK4coi3-UGlmRygN4A/jXGe6TYufoEArZgwPOxYxoG86A8dgU_TdkC-OQ6k_q-4ak5h89oikZY4bXrWSH0-nO40ABI5xlTdEYRNDeB4FBWl1ys2hrYoVLj8K-cYMpcgeaKbaBHm48OkBi1mQ9sPGt71TNU0sHq7XkSi51-H-jwgn3GXwATT5F6CgoHnBhHYe9Ma8tWjBosck-VKLnC9/BZEyYmg06mFoluWF8Bz00nwD1MrwZdYgYk8mWt1hvP4),AGRIFUND DOS CALCULATION-2.pdf (https://v5.airtableusercontent.com/v3/u/53/53/1779120000000/UhiVzvqepfxjtFt9DIDq8Q/DbgCEVK4MjvkAFQWgtZ-y3BNTTE1_eiXSbzFxrWEz71L8oLDOiWkofqvuwDHolUHGyPP9Lf2o6iI3Wb83fCLxZYVq3qJF7jue9YBDHg9s-PcU2G72oAkh9shyMcgLsEeG9v5990aTIhKvh0Oy6kXZnYNGZP7-viOfDfSG5psnQWGLtOzVKoRkLBSqRWccy7d/o5dUE8zNpifkXGG_-iloBtTdGmgTYQzobyv7I1pUAs0)",,
Batch 811 - SVC Cows,68465,"September 20, 2024","September 20, 2024","November 22, 2024",,,-542,SVC Cows,100,1,99,SKM_28724092411130.pdf (https://v5.airtableusercontent.com/v3/u/53/53/1779120000000/O0tbgOi8A4OFRabxby5LpQ/h5kUzwFtWEvmdsJxdUKIHfmOTwN4nFfT9dQflRjfrcj5GoDThOqwqVGbZF4ufgzfJOBWTtdF3pbilD69zjrM6TlJXOBAKClHrvQV1DaPvdBxTZChkz016ryjvDuPHSwiX2XMkWtqbvrxdp3lit54IaFuVdhMa0JXKz8s0ZTTFFg/bD288AhAy2g7oa5PwIlVr72FFdi9P8JpiIESQ3m0X1o),,R7811.2865,R781128.65,Processed & Paid,"52073,52073,52073,52073,52073,52073,52073,52073,52073,52073,52073,52073,52073,52073,52073,52073,52073,52073,52073,52073,52073,52073,52073,52073,52073,52073,52073,52073,52073,52073,52073,52073,52073,52073,52073,52073,52073,52073,52073,52073,52073,52073,52073,52073,52073,52073,52073,52073,52073,52073,52073,52073,52073,52073,52073,52073,52073,52073,52073,52073,52073,52073,52073,52073,52073,52073,52073,52073,52073,52073,52073,52073,52073,52073,52073,52073,52073,52073,52073,52073,52073,52073,52073,52073,52073,52073,52073,52073,52073,52073,52073,52073,52073,52073,52073,52073,52073,52073,52073,52073",R869086.99,R6580.00,188,3/27/2025,100,R806128.65,R8061.2865,Sold,Invoice INV-0118-2.pdf (https://v5.airtableusercontent.com/v3/u/53/53/1779120000000/tMaL5yJC8ExLLYtZPZcX3Q/XIt4jbs9BRuTOtT1-6QEtSrm85Rjj_o9EvEhk0OvIXUTMocttVRuv9LdU44gS1PuQJDHENSOsmiemUWg-J89qpe1btxbFJreiQKLsaykrkps6I_VdA7HqZFjOinZ5aWpzM_-DZbWwiTZ_kgBJiKR978Bb85nqOXnrMzJ1vv7-kk/6exUJiIdD_cQnCh8RPViZzwAwN0BLBJgM9EjRlrD1rA),3.20%,0,R0.00,SKM_28725033113260.pdf (https://v5.airtableusercontent.com/v3/u/53/53/1779120000000/nWtMAsiCJb3obMJIdHc2bQ/-h0uCgd0WSPJhGgXZoirHHxqVLDgsDLBEoykV-3bzWO_XwgOIrRCfTG5BGIn4CRyUeT_5PdJFy5i7uMPhu0G0ayhmSOVmvJC0dUZYJ9ct7QLeGLk5N9vXG_OnlDmFpq7EGXzNV-fqkPbKyTQbS-XDO55nFvpKZSWgBQKuwSWP6w/fX6d1o1NOPAoOOcbBTfhC2lR1kfZ8FgV5-ynQyJqwMw),,
Batch 812 - SVC Cows,68466,"September 20, 2024","September 20, 2024","November 22, 2024",,,-542,SVC Cows,100,7,93,SKM_28724092411340.pdf (https://v5.airtableusercontent.com/v3/u/53/53/1779120000000/uUlWWSkvULb6CeBDEYWhwQ/9yiGoy6s3TvUzKmUdhVTquTE9zqPH2wuks2fkFMHlfusVOfqGHv1qbgO7H92AeyWN4QYVgF2zi26PEucg-Gr1TkGqOecb2M71lDbxmnVyZ-7Ly8OT9QUGuaLsTRhnfgNTG2OXd5oJatGQTZHfOEyx2ieSbi9GOcpdYZVQ53UlAA/5qFypJcGGaoX0fHtRbwrUcUgAyzWVewKVvKv8TAeJf0),,R7842.8695,R784286.95,Processed & Paid,"52075,52075,52075,52075,52075,52075,52075,52075,52075,52075,52075,52075,52075,52075,52075,52075,52075,52075,52075,52075,52075,52075,52075,52075,52075,52075,52075,52075,52075,52075,52075,52075,52075,52075,52075,52075,52075,52075,52075,52075,52075,52075,52075,52075,52075,52075,52075,52075,52075,52075,52075,52075,52075,52075,52075,52075,52075,52075,52075,52075,52075,52075,52075,52075,52075,52075,52075,52075,52075,52075,52075,52075,52075,52075,52075,52075,52075,52075,52075,52075,52075,52075,52075,52075,52075,52075,52075,52075,52075,52075,52075,52075,52075,52075,52075,52075,52075,52075,52075,52075",R872600.93,R6580.00,188,3/27/2025,100,R809286.95,R8092.8695,Sold,Invoice INV-0118-2.pdf (https://v5.airtableusercontent.com/v3/u/53/53/1779120000000/8TR2V5PznURsf51cywos-A/Z9aJJAfiAgfqYp-h3Q385c_NGCuIyikc9obah8ey0WREuHkDhODHtyO12yR8fuzZcCJ78IaCJ6rDBZYDjLAuXsGxTps8UBeR3EeUw4XehBkSqW8at_Rcl09fWPRPHkkN7ZxF83aRd4aTyBzk4i3Xsl4O_KsnvN5dNsB06ANoEhQ/dkGYXl9uPeUFSgXxJNSAuYtIM3w9Vxwk4063_SsYziE),3.19%,0,R0.00,SKM_28725033113260.pdf (https://v5.airtableusercontent.com/v3/u/53/53/1779120000000/Q9G511YI2qxxoS2lEXrrQg/RDLP6XsqUIcBg09zyEGHtB2KZ7WiSMcfU9PmvrA42ObqgTHwJpgIyDyjF5_-vuSgU5in9szssbySAlodYHvZF3DuZBxkSMVMbToY3vm9nOV62fgRtv6KH9kh_6AX8slj6PX-u18M3RwlqAfnM3Zt4Y4QhZRyKDO1SAx_WvyTGY0/Prl9J0l1mppLMaWs0-Li__4jVuTxQfZi1REUUr64Kys),,
Batch 813 - SVC Cows,68467,"September 20, 2024","September 20, 2024","November 22, 2024",,,-542,SVC Cows,85,2,83,SKM_28724092411382.pdf (https://v5.airtableusercontent.com/v3/u/53/53/1779120000000/3GY_1bV6ewe3FEhWqoNVxQ/rP8qCsCey9MlBG8p0rfcWTdOOmPJjHUZZ0hRY382ssxiPzeHnPCgm30IVFsU31euqWhPZFoHgrC--0FL5IV9YihGoTs7n93C9Fc7ZmJS7yfdj1KkLcNLn5MTnJNtDxLvnJfJcQXQEASLQXStuaOf2HAIE4jU_ZlxlsFoQ-tovic/fhkRy49-QqKYxO3PGQf9JxLShJkNYSZe0v3cbnhD_ew),,R7981.3805,R678417.34,Processed & Paid,"52076,52076,52076,52076,52076,52076,52076,52076,52076,52076,52076,52076,52076,52076,52076,52076,52076,52076,52076,52076,52076,52076,52076,52076,52076,52076,52076,52076,52076,52076,52076,52076,52076,52076,52076,52076,52076,52076,52076,52076,52076,52076,52076,52076,52076,52076,52076,52076,52076,52076,52076,52076,52076,52076,52076,52076,52076,52076,52076,52076,52076,52076,52076,52076,52076,52076,52076,52076,52076,52076,52076,52076,52076,52076,52076,52076,52076,52076,52076,52076,52076,52076,52076,52076,52076",R756841.68,R5741.75,193,4/1/2025,85,R699667.34,R8231.3805,Sold,"Invoice INV-0118-2.pdf (https://v5.airtableusercontent.com/v3/u/53/53/1779120000000/brgacdi8rPRiCBKnukwyUQ/q2SCjEC1N5a2NhO4I7AOTHlvqJWwXfHYrtO-TQWkh8Uf_PXbUcs-oglDuUB-QfrpvTRwGams86JxbihPj5r1HjmnURAcSIktO6lg_Zut7raNpNFlFroekoRs5Zi-XZD6d18zVFsdnsMLLgWW0u0vxWcJwp4adTsd8Z3uaHRqV5w/IpNK-6PjbQ4lKLlChbbjpxyR_aMExOMj3fa1aDtiqXE),Invoice INV-0119.pdf (https://v5.airtableusercontent.com/v3/u/53/53/1779120000000/Q9XzFTjaS6t8-RPjdbsEcg/jKbniNmkp__1lv9WWLRj-HmyHRoyfnH-Qesseeijx0HC1O0XdrfzvC8m4GXrTBKAwEc69I4hFOT0aEnbQLDnRbezLRkpGTirwNaV9pWRyK8abfrFGXW3eFm21iEsZGbdOouPQAo1rsL1MNGlwRhWMZHg8GdXVx_9F1r-YnN_xLc/_SApWiDGCaC0y7_2kNeLBb0jtTSvpZcvl5tir-h4zno)",3.13%,0,R0.00,"SKM_28725033113260.pdf (https://v5.airtableusercontent.com/v3/u/53/53/1779120000000/GseCuVsDzNdSEMmxo8Dtig/jDYeicI6zKU0wJom2I1D3v6j8vy4J70nLhb0GbiH436WsHPl_e4ECPYRTwebpJMjOAPy19BJH4s9X3ixh9ZN1N7rKmej_P_urgCLR4tap7fztSOrzDz6fjoFDxjDKJEFTDI6Igx4ztVdDAQM3HQ363yKkcbiF441Iwv-HtHYP28/9Uf-6sKisX_eic6C_-KAAWsLzyCNzULApAo4WB2U9Go),SVC Cows Calculation-3.pdf (https://v5.airtableusercontent.com/v3/u/53/53/1779120000000/DXuA-XUUucRejT7CBAlJyQ/lrLYsF7z2KfxLsiik68R68dfM0vIWukP-jDFpMYc--KX6hWKuHJPDEfqRYCtmF1I91qslKCIWYYjfK4S-k-PwL6puZupVKd73S_5utDp6GnJj6t_2UTxdWd0uc3zQcrmFaxcjJBV-_HkAhM-9FNvxSiEjgent-XScPrNariRvkg/GwnyuoD2nBgHvjQpDXIDphwExMGBMlYUSJaCpgrr_4U)",,
Batch 814 - SVC Cows,68468,"September 21, 2024","September 21, 2024","November 23, 2024",,,-541,SVC Cows,99,0,99,SKM_28724092411440.pdf (https://v5.airtableusercontent.com/v3/u/53/53/1779120000000/IShrUyYShcmJUBvmHNBqUA/s6TCwO6ldnlzhPb5BrdjnP1z5fm1lpqlpD-X0nqN1OdHhGL8Zis8pwc-OjrJfnMrrrhE3s2XMeJzIkotHjMXiMLDMfmiJgEfQ_hTzDfEMym8pbrHktuEPPCU2b4Xyc7Wlv5Fdic8hvIL60v8F4GtKYCOB8fZJ871mN0e9Cni6NI/e7Mgb3hqCYQuqjyxdkQQO4RpYmWQ1fNPzSDkhoZpwO4),,R8168.8534,R808716.49,Processed & Paid,"52077,52077,52077,52077,52077,52077,52077,52077,52077,52077,52077,52077,52077,52077,52077,52077,52077,52077,52077,52077,52077,52077,52077,52077,52077,52077,52077,52077,52077,52077,52077,52077,52077,52077,52077,52077,52077,52077,52077,52077,52077,52077,52077,52077,52077,52077,52077,52077,52077,52077,52077,52077,52077,52077,52077,52077,52077,52077,52077,52077,52077,52077,52077,52077,52077,52077,52077,52077,52077,52077,52077,52077,52077,52077,52077,52077,52077,52077,52077,52077,52077,52077,52077,52077,52077,52077,52077,52077,52077,52077,52077,52077,52077,52077,52077,52077,52077,52077,52077",R902687.66,R6722.10,194,4/3/2025,99,R833466.49,R8418.8534,Sold,Invoice INV-0119.pdf (https://v5.airtableusercontent.com/v3/u/53/53/1779120000000/a6LpCb6wCUnW69QCVm01ow/lT8wCwIVZjOW2FiK0y3z-Rtq76XR2IYIEyVydNRoGAVg4eWscybbDdSdDh7OiRvgrZwVl5YzdN1XlcnfJL0pHtL0tojD9n-qzrsacakvrkCbmoBI7UDS86OtsjuQzMQ4rNIGW1bYkh_EAMBtsqgd0qeXSKWo1dxj_X2aeJr965c/rkm1Ku4UmOclk1odRSwDiyzBC01UfcckF8aa0kUOltg),3.06%,0,R0.00,SVC Cows Calculation-3.pdf (https://v5.airtableusercontent.com/v3/u/53/53/1779120000000/_z-u6bI7gV9QHRH4vBgLDA/JNkz91KLUyJAi5wB_s0_BkI2v9X5vZylWEFbu4rE7Y6plsOowQm2S69t-2uNVrKkK5wN4UlruTHN7ZlIiCUKJOCl7pOD2XSsY0SttU2hGYBE0tCsFs2Bf5W5owOHQUvGW_YMM1c4zCAbDt2WW318uVfpczraA_W7Vy5_PEyxcK8/ZkhnbpFJdJJtmE83GGMEW5d2sZj1Zjbxq2bEtRHQdrw),,"R910,000 paid on 25/09/24
Balance paid 07 Oct 2024
"
Batch 816 - Agrifund,68546,"September 23, 2024","September 23, 2024","November 25, 2024",,,-539,Agrifund,130,2,128,SKM_28724093014330.pdf (https://v5.airtableusercontent.com/v3/u/53/53/1779120000000/VQGwHdLWU0gpqVI3SwzU8Q/fdOK6nQZ7w7CNaMFbPYRsl_Dl_qU5loa1LvQPR5oIUeX0gvO6m1CNRKXBp5JCTKg078xa4ZqrgztBtJAjZ-5kiDM8bd0dQ_4VWadUZchx1SvCS8QA4eY2_JDAKxBZI0qmWRNMczjtVrfyB7i8Kz85HgQ43PK4lj5zJBM7tvXxzo/h3leiFgBNiaGN2Fl6vR1JC3sXOdqhTY6aMJ5b9QYkGE),"Payment Confirmation-58.pdf (https://v5.airtableusercontent.com/v3/u/53/53/1779120000000/AxsS5PDhECi8CHoUK5jGTA/E79CL-7XJt1OaX_28xdICzyykhXETFrPwNuuVMHJmDaHz-1SNCT99BdmxM0BMnT0xHc5D4dIbrhD2_SqXHNsm9xKo_iu1zPa1VQ1LdGXn6NSP7R8VKUuHer1wO4KiYN5tluPwBGWknSfMEXxmWqriIeBL6-sSvx3Mdf_N8PF7UJ6NlV6sZRwELYh-SVbkxtl/o8tKGfjWA-XSIMi-BO2kr--JCeOnpY_Of9R5jb048kE),Payment Confirmation-59.pdf (https://v5.airtableusercontent.com/v3/u/53/53/1779120000000/RpX8gpXJyvHSePN4xwf1Mw/naCBfRds1yIdaa5mEGQ6jzlr-qKQuTParFxiwNzU-Ktuc0Wrt7RCP3IQRc_QumVUAe-ef0b1WUYKwLxTeoO3y_hz-ANWzvUW_C4AyOYUVbmEamXzNeQU0Y2Z_8ZeYA_GxqLpFEHN0ZTMcx10xmNK5Y8MRojBO5TytaI7grasJHZXpQy0qj_4bgLQjLwtW_OH/x85DFOjoTh38vRccqLnyPbzQa6qnjPOvajkpspzaqiw)",R7122.5582,R925932.56,Processed & Paid,"51935,51935,51935,51935,51935,51935,51935,51935,51935,51935,51935,51935,51935,51935,51935,51935,51935,51935,51935,51935,51935,51935,51935,51935,51935,51935,51935,51935,51935,51935,51935,51935,51935,51935,51935,51935,51935,51935,51935,51935,51935,51935,51935,51935,51935,51935,51935,51935,51935,51935,51935,51935,51935,51935,51935,51935,51935,51935,51935,51935,51935,51935,51935,51935,51935,51935,51935,51935,51935,51935,51935,51935,51935,51935,51935,51935,51935,51935,51935,51935,51935,51935,51935,51935,51935,51935,51935,51935,51935,51935,51935,51935,51935,51935,51935,51935,51935,51935,51935,51935,51935,51935,51935,51935,51935,51935,51935,51935,51935,51935,51935,51935,51935,51935,51935,51935,51935,51935,51935,51935,51935,51935,51935,51935,51935,51935,51935,51935,51935,51935",R1007440.50,R0.00,158,2/28/2025,130,R958432.56,R7372.5582,Sold,Invoice INV-0035.pdf (https://v5.airtableusercontent.com/v3/u/53/53/1779120000000/iyx_DERX9FSkDz_fWdKaLA/U0Ap5GIHjmPONmjbxBK1ynBGhNMQ-ecfBY8cPx2avE_ajie-OKNfr3VFm3RHfejSia2RzZWk71Zx0Tx7W66bH-Mklhk0YMxpzjMYOPFK0RaFh4YUnmEHlF18-HAmBdGQDxMp-tu1cpTTLRPqewLqJDyJVCrXvag9iSn3pRJFBTI/hWeIl560j3xnrEJgRE9eyK5ESW312Qi_1Q8vP0N8DrI),3.51%,0,R0.00,AGRIFUND CALCULATION.pdf (https://v5.airtableusercontent.com/v3/u/53/53/1779120000000/b4qh8sHvtaL1YfnjbSZ9fg/_X60XQzkeCC6RPmfxDXVUCF21RkJ8U_-Lb99Hq1OTLUP_ImIusbL6FM0J87KYtwXU0Xw2sznqf1irRC42VYiLMkqhEo8bkd_cNWJYGlqUPARP9ujMPrl3hNI74sQ1a77xzyaXlAJ-NGbqi410NnfDkVonJaj1WTDJPHftOtVchc/5ytgqoj1valTEdn-cUCtQsQgUIOZy3Hwfln_7TpsaNk),,
Batch 817 - Agrifund,68547,"September 23, 2024","September 23, 2024","November 25, 2024",,,-539,Agrifund,120,0,120,SKM_28724093014330.pdf (https://v5.airtableusercontent.com/v3/u/53/53/1779120000000/jOCH_F-FLYtulT8by6rhgA/HiuaxXKVKTRVky5hLCqFWWfPTpYVt0TJUfyTQ6--HPAiKSZ7gL-QyztygmolGM1sAJBHrr2J8iUmxB8cLzKfb2CtyccrATaHYOCEa1bibVEgkbuN93D7r7zheOehWOaZMY4KfAgIrmJVDqIsbgSdFnPpShqzY453JC3KLX5_Hdw/9RPP4FTihehu0kDER8pSDz4BBlRLiblVDiiaDUc_Jy4),"Payment Confirmation-56.pdf (https://v5.airtableusercontent.com/v3/u/53/53/1779120000000/aaCw9FAkCaL1YVt6AThM3A/H6bNR10qipPqbWNBPQhrW86sVTR3tTUPfhhFjoPMA6Gb_-8XVFXl-rAeh7Wls-s1rZz45Si0npC3NF7taR1cnRLn3ltG7OmPYtMOQN2LHMUFQzSA2F0WkugNzeXJUt8Je_mv0356pe8RrbmIl0leDdQtZYTrBlZEtCSJrMCwEmesiW98VLpJN0F4tGXsFljm/YJUUNU60UehaGdvsEUuh7VFgKA08QwS7NS7G-_tYXFo),Payment Confirmation-57.pdf (https://v5.airtableusercontent.com/v3/u/53/53/1779120000000/E1v9YwjrkIcyxTL6tJptwQ/WVuhizMOahI-j1zQw-Kkpo2exLBZ0vVp9zcEDuC6vlEPLaLMCK2b3vT6s-9cH2U_Q2SqQDqXsWh8k1MMLdFu9XjFHTbzZ18USrXVE2-F3fjMaxndaBO6MCA12Zo5VYlY_UBQzeKwo7RQTYvXZrKSWeLhupJwUDj_dnyGMkFV09OXPLGCV7ubjlhCKYhssgGf/C3pjQJ2C2J-GzFa2nvKLu_MQC0OxpMZk_1wuLEicgOA)",R8615.4019,R1033848.23,Processed & Paid,"51936,51936,51936,51936,51936,51936,51936,51936,51936,51936,51936,51936,51936,51936,51936,51936,51936,51936,51936,51936,51936,51936,51936,51936,51936,51936,51936,51936,51936,51936,51936,51936,51936,51936,51936,51936,51936,51936,51936,51936,51936,51936,51936,51936,51936,51936,51936,51936,51936,51936,51936,51936,51936,51936,51936,51936,51936,51936,51936,51936,51936,51936,51936,51936,51936,51936,51936,51936,51936,51936,51936,51936,51936,51936,51936,51936,51936,51936,51936,51936,51936,51936,51936,51936,51936,51936,51936,51936,51936,51936,51936,51936,51936,51936,51936,51936,51936,51936,51936,51936,51936,51936,51936,51936,51936,51936,51936,51936,51936,51936,51936,51936,51936,51936,51936,51936,51936,51936,51936,51936",R1110514.90,R0.00,161,3/3/2025,120,R1063848.23,R8865.4019,Sold,"Invoice INV-0035.pdf (https://v5.airtableusercontent.com/v3/u/53/53/1779120000000/VMEQpQ67Id4ZCovcqkgR8w/Si_-utaZXS7gzykSMz4IS6IcLp1tpTx5dq-3cia3W4obLmBYJG9kU8qTO5WA-L8NhB_59WRhkLdsLj-016bOwxxGPaSDTqxeaMtwEEqhAIkp6vEvdQGFFQF8WU22Xv7FDSdi-AMU7oZUpqNXLVAPO0b5CmFXZizTrkyug2_9UzI/cG5bcDCxPqb4vHNeRPpzjI9YlD1YKF0b5EuTf29q5VM),Invoice INV-0036.pdf (https://v5.airtableusercontent.com/v3/u/53/53/1779120000000/6T6RT4rKLy3wQC-q4EH6xQ/mAcmBK3w8SnKF_9Y94CcZoqrYc-DhhKx-iZB_OmDv-ngyCC2b1VMbsaaXaWSwSsH7BucJPG_r80o599fgT49uWEz-wezrZ8WELEQ9s-f6sc4JP2_Yyby2we37OSfmtJxEBBWnzttchggBmUZztsam0UEFZhaJhlU9V28-q97Mc4/bWEc70pyP2OrU2tXYag6tb940zQNa27anbN0eAUd8vI)",2.90%,0,R0.00,"AGRIFUND CALCULATION.pdf (https://v5.airtableusercontent.com/v3/u/53/53/1779120000000/-muUH7Ca-yVBKwoCAQy79Q/fFJqDrrY5eZl6TJesAUz8i4FK70rfavkIK6mN7SJ2OwLRz7r0IJzmeUIHQBElzGpXdSPttngFqyKNq8WLp9miVchSAsM3S7vWJKr8gkuUIpO1O4sxhRxg2BG8dZ89x9wmY7zmTnuXPKdGfPL6XpPTlFhMLPmN8uPuVi4mrKVVpo/QpsWS3lGSLIldeQ54oclbp4Qe9-zJawpMaaIGWs_Mtc),AGRIFUND CALCULATION-2.pdf (https://v5.airtableusercontent.com/v3/u/53/53/1779120000000/6Cs9mFEnfBatsvyhhzYNpg/kdhtD8OMUoIJEPD-30-aO-GdTRtt4ufxNuE_6yktwCKYpICP4i7_5CjW79qN1gl3uVSko2EYoO5UBZhnZsCW-31ptA_IGrMCn5QTG_e2qFwJHb86OMcRL_LwrMLj-AXHwts2Zsevrapi1U7r8GPCGJplDsZUo305UB6Xbcy_hDI/jtjYnm_FzkjxXG_EK3KzI3qSiCBTVFGlHHuYAavh6UQ)",,
Batch 815 - SVC Cows,68482,"September 24, 2024","September 24, 2024","November 26, 2024",,,-538,SVC Cows,82,0,82,SKM_28724092514080.pdf (https://v5.airtableusercontent.com/v3/u/53/53/1779120000000/a3o2UuFe1USplXxibG1vCg/tQzaXAPaypZY_08N54vfyEtEzeBrnOwnvoX_Z-Btwm9dljF5Aifj9wzPDg7UNBbeTckb2WlVfSfvc2IOaQiwa1jZM3hCw9PAe0DF3qYZAptqJc7oIxhDRaqQ9TTo291pXR8hBFl5cy7xu4SEWUj4cmfBOz_4V1lgr0-MpSCn830/3zyNhxOg3UZZyS9Pmrgb7LqCB-_-Jf53z2mamTCXb9I),,R7556.5795,R619639.52,Processed & Paid,"52080,52080,52080,52080,52080,52080,52080,52080,52080,52080,52080,52080,52080,52080,52080,52080,52080,52080,52080,52080,52080,52080,52080,52080,52080,52080,52080,52080,52080,52080,52080,52080,52080,52080,52080,52080,52080,52080,52080,52080,52080,52080,52080,52080,52080,52080,52080,52080,52080,52080,52080,52080,52080,52080,52080,52080,52080,52080,52080,52080,52080,52080,52080,52080,52080,52080,52080,52080,52080,52080,52080,52080,52080,52080,52080,52080,52080,52080,52080,52080,52080,52080",R690526.93,R5481.70,191,4/3/2025,82,R640139.52,R7806.5795,Sold,Invoice INV-0119.pdf (https://v5.airtableusercontent.com/v3/u/53/53/1779120000000/MSe164_PWovR1cFJusllKg/I9z6VUy2Zvd9wv108I48dzdtyfpFjgWoWEwI52c9EF03wlsUYRP8e8OuPsywJ59TXBQAf4bIKNNbPPx4klG9aqDLRGKooke0UBNv_nAQAhhirS2FMLRBlqoPuRaFymcX2uqW-8Pet_9pZLhKU0X4LIONMJj8jRdbY7T--VyHId0/TJ4M8Jdyw_fqiv03O7ThF-rbNlU8II9rqDXGGZQKVx4),3.31%,0,R0.00,SVC Cows Calculation-3.pdf (https://v5.airtableusercontent.com/v3/u/53/53/1779120000000/MHySCwerQYO5LQ88RX9HEA/Zo95_fLzkmGnVkWNYqy8QKc_TF3jAu_clt1GwlubSHGS1j3e5EIJpjcl39IrrOCAO0fnT3wLjycEcFAlW4lG0UU23-59VINyNDm8lWineLqR_DBG5NMUfyosnRGLlshw300RZ89ecAM_NMTF7awtN_O8cYRjK4N4-5KD5lSfZe0/_tcGYnwgHTnj0djHPFGAh870DjYd-M7mRdX19NDdS5U),,
Batch 818 - SVC Cows,68628,"September 30, 2024","September 30, 2024","December 2, 2024",,,-532,SVC Cows,124,0,124,"SKM_28724100710090.pdf (https://v5.airtableusercontent.com/v3/u/53/53/1779120000000/CPeVsQal5BEj558PP_A7nQ/0_fU_vNI0p-2WY_8Z9IBJwHeo0zuhMqiolMSJzleiygvIO4cwRzdGC0MPxLBnjQR-Wg7JXTTzJga2pg0GdDCtlyCSpflDuBU7qwirGAeAyX-vEpzSX51uISyL4b4F2J_AN6hVbV0OLfYopyx4vKD7axqHC3w9qBp0qvwTGD1xJs/jhDv3o872LAP7hvKv4p9eMXLCutPSOFIf1AyM44q5nU),SKM_28724100711530.pdf (https://v5.airtableusercontent.com/v3/u/53/53/1779120000000/o0BxA0iwcV2OEo8zID77wQ/U1RisYl0SvvwmFC6gKWrkzOkU0D9CK9hHM0J28xdrLs4hHwCRodt5QhosKJh4TD0PSRLB77r09R6lmlF2Qg6rC_FGqoLqUW_KfuMy2lGY3Ym1Zm2DHHAxNh5gVZO_nGyZTqkduP1FJf2A3729_xs4fk_Odb58qoBzbBkNmT3m9k/m7XCiaHL99ryYXtbrLc8NFmsiczHieCqjkazod3-tk8)",,R6546.4722,R811762.55,Processed & Paid,"51938,51938,51938,51938,51938,51938,51938,51938,51938,51938,51938,51938,51938,51938,51938,51938,51938,51938,51938,51938,51938,51938,51938,51938,51938,51938,51938,51938,51938,51938,51938,51938,51938,51938,51938,51938,51938,51938,51938,51938,51938,51938,51938,51938,51938,51938,51938,51938,51938,51938,51938,51938,51938,51938,51938,51938,51938,51938,51938,51938,51938,51938,51938,51938,51938,51938,51938,51938,51938,51938,51938,51938,51938,51938,51938,51938,51938,51938,51938,51938,51938,51938,51938,51938,51938,51938,51938,51938,51938,51938,51938,51938,51938,51938,51938,51938,51938,51938,51938,51938,51938,51938,51938,51938,51938,51938,51938,51938,51938,51938,51938,51938,51938,51938,51938,51938,51938,51938,51938,51938,51938,51938,51938,51938",R901711.76,R8029.00,185,4/3/2025,124,R842762.55,R6796.4722,Sold,Invoice INV-0119.pdf (https://v5.airtableusercontent.com/v3/u/53/53/1779120000000/BW-VnYgLEQhB8f8bTr5n3g/665TJR-uJ4tP2OStpidySSqbgYjKcQK2RpdDvOhrWrVM3ld5tvzXpVGDRg9xCOPGylHVVm-6LaFv03WjR32afQ142xTqEDeWlgm7zOkhR9v3Y3lc8tNWk4884qBYkweDcUYfci5h4SFHx2eQ0xROZhWRhCf4XfpM-WTJ2C0H3_w/7h5UMNP6qoyEg8Q0xJcjLBTi-A-IcT06NKTLnla16cU),3.82%,0,R0.00,SVC Cows Calculation-3.pdf (https://v5.airtableusercontent.com/v3/u/53/53/1779120000000/5AqRQUIonjpMe5g7reVOkA/1wPUifJdu-3mPX5PSQNGbRKa3ug8t8NATOFJo3SpwR4t1ND8ULhyW0t0MKIlsQJc-5UtvpjI7yczmcSd8HZtrhbfFyvCAyW-K_ZYtO20ZV6MKiSmzzaDkVEccQZHxD6Szc-Ifb9KSwHyvWr80cXSogi4OHwcw9nXkTAmphGciZo/8yPm5FNSufOAAGw3USaEIPISyxjk75TCbqYjzWk_5mw),,
Batch 819 - SVC Cows,68629,"September 30, 2024","September 30, 2024","December 2, 2024",,,-532,SVC Cows,103,1,102,"SKM_28724100710091.pdf (https://v5.airtableusercontent.com/v3/u/53/53/1779120000000/E9zO0P7FJuVXGmntLUDMnw/e_SbZoEN2C_we0nj7hE8Bi3A778yuDPg0MUVraR7rxQb5R9JftUyNiQh8cKPou_q8ZO9-JgaaPvoODnYlL22fdhpwwM5-_F9W25kvWC5ZBba7F65RXmhYttraQ0A5Tj1qRecOTHet_2r1li_3TUgZ-ttfDki5IWAQOVY55luxuc/xYo-xXDI-ApXbHl0-ffCdKwXYKEqHZC9FXBUOLBSXwc),SKM_28724100711580.pdf (https://v5.airtableusercontent.com/v3/u/53/53/1779120000000/GSDLrbgK4a0c8LSIMb3SaQ/J0ZWrubsMBcqJAo8JNH_Tr_C1Acimz-cFuhElYeTUt8NNdyHK_RO4e0TkN49CeyFnPLQI8Bz4ds_g2MCtxnXtQyRYhIMYcd62uchW2VPW_r3r3NAf81q9VMKUB6FEp1hC2H59fuaMZIjrVoXKCGeYiENIUg01gW-Z_qjoExQcG0/SY0BSctfmxnEeo2FNpUu430emlG8y7AahF1RK54enfo)",,R6805.7824,R700995.59,Processed & Paid,"52081,52081,52081,52081,52081,52081,52081,52081,52081,52081,52081,52081,52081,52081,52081,52081,52081,52081,52081,52081,52081,52081,52081,52081,52081,52081,52081,52081,52081,52081,52081,52081,52081,52081,52081,52081,52081,52081,52081,52081,52081,52081,52081,52081,52081,52081,52081,52081,52081,52081,52081,52081,52081,52081,52081,52081,52081,52081,52081,52081,52081,52081,52081,52081,52081,52081,52081,52081,52081,52081,52081,52081,52081,52081,52081,52081,52081,52081,52081,52081,52081,52081,52081,52081,52081,52081,52081,52081,52081,52081,52081,52081,52081,52081,52081,52081,52081,52081,52081,52081,52081,52081,52081",R778671.01,R6669.25,185,4/3/2025,103,R726745.59,R7055.7824,Sold,Invoice INV-0119.pdf (https://v5.airtableusercontent.com/v3/u/53/53/1779120000000/P0VmcC3ugpvjsAW6jhSrVg/TcBWW6n-I6hfmoZw92yNjlYr_rjKaUQURhmNeeZJlKHyJXVx_peX8QBlDCszVcVXM6nkJDMbTwXK5GdY9X0xeBDWtuLd110Y6DiikWk0HO7MIwP5mE_jKcGJs4cy_DPZ5sXSgy7g_PAfmRUvIup_pcMTzNrtY-Sdum6FcGxfqrw/bSVS7TTbTsCsIUrXqcU2pfPLAoGA110pCEy5_HE-D9g),3.67%,0,R0.00,SVC Cows Calculation-3.pdf (https://v5.airtableusercontent.com/v3/u/53/53/1779120000000/6jUewAUVGlpdxRmbxyM7fQ/bGh5DcXfl8kbvjC8BaGFn-RUBvnPfwR0lTv27bIQtMug7rxNJTOxoD9pOlPSWaNLNQXMd0Bf1dsM1hG361QbSA2Bvm2T3nO41d1gtdiZNQmXZkZyykaL9bz85TpesS8DB1oWLW4vhx9UWO6BcayFv772iCSEHyczepzrm2iw33E/KP_sujizGOqlBnqp8OCMCg5_fa7ibBxBOuw9bvWx81c),,
Batch 820 - SVC Cows,68630,"September 30, 2024","September 30, 2024","December 2, 2024",,,-532,SVC Cows,41,1,40,"SKM_28724100710092.pdf (https://v5.airtableusercontent.com/v3/u/53/53/1779120000000/hW-vbtD52QtH3FiIWjp15Q/wScud9qUAsCxhU-79q2Y9ucdK1Ak4j2p1SAaMNajMvB7vNJpAm8rujb64ciORU8tZGlbGDeBdj_G6oy3c3E2R6Trdcwg_l8FiiApDGHde-Z13RgdZWWJF06fmemVnP76YkI9MUUMu80-aCTshGS0tTHwH0punsmj7jW4RKVzoic/h3PntMdf4XWMGE5jNA21vXo8a8KLBFdd8mvqN8OjaLY),SKM_28724100712060.pdf (https://v5.airtableusercontent.com/v3/u/53/53/1779120000000/NoBV7NQcoUxfDWMbCKEDrg/nev112zefFUjC6awv_5GqBFdRtJ6C6OBh9N1Dtg1FFlMQ4UHUcm9hKOgkKFYX0rP-5v2-68XMxeJslfCchztqk2whvfybyqZULsxXfvtSyeNrZv1VkB5Ihs3UqA6BDzU46jcX3AYK2utQ0IhX3lHoHiAq4pOUFk44A5yudFkfrY/TR99iX5baDE54TTki6uq7pm8M8Or7JHLV9hHRXHew6M)",,R8098.0159,R332018.65,Processed & Paid,"52082,52082,52082,52082,52082,52082,52082,52082,52082,52082,52082,52082,52082,52082,52082,52082,52082,52082,52082,52082,52082,52082,52082,52082,52082,52082,52082,52082,52082,52082,52082,52082,52082,52082,52082,52082,52082,52082,52082,52082,52082",R368808.74,R2654.75,185,4/3/2025,41,R342268.65,R8348.0159,Sold,Invoice INV-0119.pdf (https://v5.airtableusercontent.com/v3/u/53/53/1779120000000/b6dVP9F50FO-xBTnDyELag/Y9VeyxJPEhcOyeQO_lkgn9RLg6j57nt8sOqcvM_3sSZRwSwkEiRx7xPUgc9bOwsS8-BADKRPB1eHU51NKYcM_ie4l_ztkCPyB0bcXEExtzh-pZeJtQyYr1x65XQjsmEJymBh9R3NVYRJ-sXGDVRckcJOd5UIl6qTxZLa1wpU4nc/uQcLAhnQj40a_FM4o4JC6y5wyKeaci5fUO6QWWWZ2qQ),3.09%,0,R0.00,SVC Cows Calculation-3.pdf (https://v5.airtableusercontent.com/v3/u/53/53/1779120000000/Ob4nBsemZ-RPFLW9VqobLA/4_yOtcxOkO4tDcr6TWrZpQifrG4DlvKocmIJ8qc02z3S2YI0jIO0l3zmHYiBmmUuOnxNSyuzadWh9Hc-6M_iinWfZchq5n3vAXykzAHCjeXbshvCXDUFRlFnsZKoLU4D2tZtvG5La4g0p7nI1bwSgK-fuIP6KhvDVDvOq-gbY-8/efVvbbVXszre-jKoxQt1TX62Nzpmv1rrE00hXlqLNB8),,
Batch 821 - SVC Cows,68633,"September 30, 2024","September 30, 2024","December 2, 2024",,,-532,SVC Cows,93,3,90,"2_PDFsam_SKM_28724100710093 (1).pdf (https://v5.airtableusercontent.com/v3/u/53/53/1779120000000/Eq66L-VEniBdk4DLHXR6NA/4ji7eF1IBndJd_m1CRj42v7c8YmGiU2ISEYxbMTbgXYbYOGgcbkKdVRzo80QcAcgbjnxasIa9b3Nmb5UaDdGVw70TzW9vV6g9Ll0q_rY71ka31uwEkCkqzvuxgWnRdw_H8nBfdRt4YjFf9no-uK4Cxu7vpkzpaXlLtkcbgWA4m-Siu5PAXaCQGX3NzgiELKh/mlmxZFRVUhSgGogWBBzNiomZ5VDtb58Kl5H14aquUJU),SKM_28724100713300.pdf (https://v5.airtableusercontent.com/v3/u/53/53/1779120000000/48r6jSV2iiAa9jAfSPWJ6A/m7xtgtaWXVIBCEvAP1wPDkwRHlevkCBDjxY4hFCpL3FeetId6ajqN0mhMb96OLvqbiOSkmP0bcy9lES0VG57qARC43kzlLqoq7FlHKFgtov9jndagL-8J43ovaaGF6uA_he9I6SwZrQLN2Bc87AnbjC7Mm8uzFLgmMp1e7Gq3bU/kJJqFfXDYQMCn6f-KCsrW3fOO4Nu0JuI9QQ3J_WH3b4)",,R8598.3308,R799644.76,Processed & Paid,"52084,52084,52084,52084,52084,52084,52084,52084,52084,52084,52084,52084,52084,52084,52084,52084,52084,52084,52084,52084,52084,52084,52084,52084,52084,52084,52084,52084,52084,52084,52084,52084,52084,52084,52084,52084,52084,52084,52084,52084,52084,52084,52084,52084,52084,52084,52084,52084,52084,52084,52084,52084,52084,52084,52084,52084,52084,52084,52084,52084,52084,52084,52084,52084,52084,52084,52084,52084,52084,52084,52084,52084,52084,52084,52084,52084,52084,52084,52084,52084,52084,52084,52084,52084,52084,52084,52084,52084,52084,52084,52084,52084,52084",R890646.00,R6184.50,190,4/8/2025,93,R822894.76,R8848.3308,Sold,Invoice INV-0120.pdf (https://v5.airtableusercontent.com/v3/u/53/53/1779120000000/bG7tyMgWRU9jgpStY0dnJA/FvoHoMWezriJpOdHD_-0S4QgBN1ndCgae1lYTmtsc6rhc17QqUAj6TvMKTUQ1J08GrQEnlvLcgbKsbxjCWcF8hA_vbgctt-tOYBV4A5q8bMt4dIkPUUSq1jmeQ0Jb_PPUjW7MGwrjDE3TmiMqpmYGDzW-0hnJk_VDTTwrG53XIk/uzeIbj5OJkcGXIlK-T-QxoX_RKoiJlv4l7ooUFhwd_c),2.91%,0,R0.00,SVC COWS CALCULATION-4.pdf (https://v5.airtableusercontent.com/v3/u/53/53/1779120000000/sQbuPgnlkkRHQYgktZhAqw/zfRX7qmBHRdpVl10RTvAvsmk4KqgAwYmWfifBPUva3XKxJobmAHEOfcNZZ-ejPipFOECK6J2td0PA9JX-3nlXQFz2NgafLnvHDPyJ7xOi2KacxusbyrTIhLpwTaC7SNgrcm_pKM4Urnas0-SUPhLGvnE766nvReaCSXGVWEvX_E/Su0c_lffpMuDlhY9tqciu-R5jpIklnKIYMER5fpkPGI),,
Batch 822 - SVC Cows,68631,"September 30, 2024","September 30, 2024","December 2, 2024",,,-532,SVC Cows,61,0,61,"1_PDFsam_SKM_28724100710093 (1).pdf (https://v5.airtableusercontent.com/v3/u/53/53/1779120000000/WDK4CE7dGepjSysDt9XHOA/1jqSzmnmykWqpT-NMEzJBkCIPNK3T6k3mShrySYdwVzaO2-jHbs-1u4Rl8hZsjSnb-BIPMVsw_AX2j_MBNFLjkzo2dzc3VZyMlXGeiaAYr3WGNLZmP_7pfqjvRPVfJv_VDXnI_o8AKLSB10lDXDIY4RfTaMVGavyD-5XlTSnwDr4jKc9we7XCOs-e1AvXc7o/wNXmn6c73lqvF5PvlVyZQpEugmaAj550JR-Wb6oE9S0),SKM_28724100712090.pdf (https://v5.airtableusercontent.com/v3/u/53/53/1779120000000/ve3YsqHaySEL_CmnfI4fcQ/L1kye2PKGE0syn9V5XKZvYxqim0pNc4OjZNcJmpufHNyMiG6IZFbOToH4dpW9gvU_06-ottiqjM6DW117V6zgSLlXf-mo0LNSGy1COmsLPpIzHfzfxIo0m9K271p2QPig_0LGzjLjPTeZN_NVrnlgiXWgM8-PmXHk2dMfeox67I/KFjQOpZq1vKQJaRuyLVIoamTOP-5W4ytWe9-wwAB3zg)",,R8062.9721,R491841.30,Processed & Paid,"52083,52083,52083,52083,52083,52083,52083,52083,52083,52083,52083,52083,52083,52083,52083,52083,52083,52083,52083,52083,52083,52083,52083,52083,52083,52083,52083,52083,52083,52083,52083,52083,52083,52083,52083,52083,52083,52083,52083,52083,52083,52083,52083,52083,52083,52083,52083,52083,52083,52083,52083,52083,52083,52083,52083,52083,52083,52083,52083,52083,52083",R547813.86,R4056.50,190,4/8/2025,61,R507091.30,R8312.9721,Sold,"Invoice INV-0119.pdf (https://v5.airtableusercontent.com/v3/u/53/53/1779120000000/JULpePSPbh3JdwNsFUWscg/ND9auzttqrf8vzAkqU0Dh4_L_pVJnf2IzuqbRAUKcAIil1A5HeGLITxA8Hk4Ou0jCrCUIgvskZQuHSLFbm20Pxbd-w2hxUe5qln_sBTqlWFDvNo3ZO6BgBVpU6_QGwgttcD4bu8yZw3AJOb5jE0xMXHkAyciCu1l8XVCpbEipZQ/09k0IjVmooe_md1c0bgURFxUm1Z-PiS4qIGMNBmmWqI),Invoice INV-0120.pdf (https://v5.airtableusercontent.com/v3/u/53/53/1779120000000/Arrwdp-p3cVsPbRN9glB2Q/9NIwV4Syga9U2xcvExFsgvsUSc1p9Z5UbUJOu1pJkX6MTLlKoKh5eusqfHRUGrovAbzFpB4VX8ZfCECW9XMxnU4gDXW9ZeQZ3_QP-WNEDeTZYhJQ19DNjzqTwylbSVFHthm_MmMX9NWXDys0RpZyscWjZMDphv0FBRrLD9u5Ao8/spAc6SN0GP6OcHmotofnpiHTr5JLryJdoB_QyPOP2Oo)",3.10%,0,R0.00,"SVC Cows Calculation-3.pdf (https://v5.airtableusercontent.com/v3/u/53/53/1779120000000/bdCaoZq7snbDOKAD3mMaKQ/lmUMxY9_H_DGI2HtismTb3aQ1RYKw-4dg_AWRYq6biVnOJerA0HtyATQi-afB7q7tNwq6zqxYaRI9iaP0bM1XmKEapypTU9qPDynWcKrRNf__yyCoRmkWI-kPYRwqYTEslwvaHgKwN9O4PDOlr3web0Oo-SYdZDb9r5Y_LPwFWc/Ldvt-1t8fXE71-MHB7iVM6w_gkcqzDhAheG0T-Dbib8),SVC COWS CALCULATION-4.pdf (https://v5.airtableusercontent.com/v3/u/53/53/1779120000000/dIN-4BRls-yk4EKPloPr2A/NENPKNQW4hRsWYlWlKfZL14U7UfZHUcsF-cy2UYgVJQoAOFixCjPVZruyq3Puas6i-070HLYSk4nz4Xk1rgW81E83HgXSqARWTFs0gCVCG22pDeJZs2QYuKcklzz-1QSim-_G_Ig0BHYHdcxkIAV4DxgGvnNRjsfyRB9dcR-iRM/3aDYZ71im0PaQNeDbO84u1RNjKhAZHPZZr-SU15Ewok)",,
Batch 831 - SVC Cows,68704,"September 30, 2024","September 30, 2024","December 2, 2024",,,-532,SVC Cows,130,3,127,1_PDFsam_SKM_28724100914570.pdf (https://v5.airtableusercontent.com/v3/u/53/53/1779120000000/k2YJI88DwTuTGDaDdueK5Q/yyecgve6tUPTxDBR8caMSHPVI0c3OUf43OSMSkUGM7cGlnWFqstPciSc0zboAgM268FxnCN_BEd2LDnbyqoObAFQ-TqDwPRMSjxNwYUFJjFKHMUe62fgZ7U9gQtoiKQkwvaSsm6h3p1L_w3Qh1yx_yDah9hUPlJEvyJFS9WZufn5_dmzbX_gP9JNN-uwqSzD/WZYihq4uKjlR9JyEVNvd0EV5WFSUQwaUTlj4CeQNVMs),,R7724.1102,R1004134.32,Processed & Paid,"51939,51939,51939,51939,51939,51939,51939,51939,51939,51939,51939,51939,51939,51939,51939,51939,51939,51939,51939,51939,51939,51939,51939,51939,51939,51939,51939,51939,51939,51939,51939,51939,51939,51939,51939,51939,51939,51939,51939,51939,51939,51939,51939,51939,51939,51939,51939,51939,51939,51939,51939,51939,51939,51939,51939,51939,51939,51939,51939,51939,51939,51939,51939,51939,51939,51939,51939,51939,51939,51939,51939,51939,51939,51939,51939,51939,51939,51939,51939,51939,51939,51939,51939,51939,51939,51939,51939,51939,51939,51939,51939,51939,51939,51939,51939,51939,51939,51939,51939,51939,51939,51939,51939,51939,51939,51939,51939,51939,51939,51939,51939,51939,51939,51939,51939,51939,51939,51939,51939,51939,51939,51939,51939,51939,51939,51939,51939,51939,51939,51939",R1119609.77,R8736.00,192,4/10/2025,130,R1036634.32,R7974.1102,Sold,Invoice INV-0120.pdf (https://v5.airtableusercontent.com/v3/u/53/53/1779120000000/ZC4fOpAq8uKcP58byGiP4A/5yIx04nByfsVq7TjrGWQFMw4q6tc_C3-Hh30wyhtA0jKmj6Nm8AiNcUb0ytIwHemshl0e9wksXSD_KxD_SJXanqJRhjlxEplQ0VHnERa-LB7LQAxraCPkImaAseryrslMx6nAFkDjK0ENvkaglcxtra8u4kI0TUA0o3h_8GnfMc/Fz0RY8Kp0iXI-WUrZhxLzp3VtJuadvuBZ2dn_NpW7pA),3.24%,0,R0.00,SVC COWS CALCULATION-4.pdf (https://v5.airtableusercontent.com/v3/u/53/53/1779120000000/Dm3707RL5cfB0TueI3rsBw/zJu0AeOZKeQCCgOYc4m1nVN5X7q2W02uG2LZmFRelAw2BEmihlHQtN8ud9oiNhQNhk2TTRNcIhrKkxdE6qjWVdyGkHFSis8aUjVQFCiSY-t4mHwnbTm0jttOTisaM-yRr1r_dKdZknlKRLlAi63EukNS4KfX5YPsjg1eSl552Io/LyDXA1xqDCR9gMmoeynaTafBNmnd8TB38feHuk6eNck),,
Batch 823 - SVC Cows,68634,"October 1, 2024","October 1, 2024","December 3, 2024",,,-531,SVC Cows,106,3,103,"SKM_28724100710190.pdf (https://v5.airtableusercontent.com/v3/u/53/53/1779120000000/HiC5UjS0yA4q9N1HBGAliw/e88nWe5XMwjYvD4DSrmeK6w9R5XmvRRhdGX33YEpGxr_45zX_c_ptWPjFXFk2EUDNEPthx_JjbeBr2P3r_CpMNs19XCopC1Lf3UrZrvQUYXZi3zt388R8vM4k09ejx6XCYnciqXQ6L7jxkMrXB7PJWIFnCBs6MfFa97pcEpI3BQ/aJjWvKiSO3urbrMTfdf7AZ4Qf_OcNX4MryHF94O_zGA),SKM_28724100713340.pdf (https://v5.airtableusercontent.com/v3/u/53/53/1779120000000/zFrRCfbgQ747GK7J3PPpoA/qoW8Taw2Ow6j-hTmHzsQw7bTzY2mefj4I9KNEQnE1UpisSiR9JPSbMS0YYxah1cNP_reV7kk5ZNVDQmIbeTJSEJV2fcva4CtwDimdWotuO8xsSo-T2TXbfVkEzErLgijEntFZ1x7_KdsN_Xm39IbkLwGytlKmSQxWSQ3jijzgEQ/btDo0nzxdtGudoTdOKoJnmB01JwL_2tUB3kBKjoGw0Y)",,R7125.7875,R755333.47,Processed & Paid,"52086,52086,52086,52086,52086,52086,52086,52086,52086,52086,52086,52086,52086,52086,52086,52086,52086,52086,52086,52086,52086,52086,52086,52086,52086,52086,52086,52086,52086,52086,52086,52086,52086,52086,52086,52086,52086,52086,52086,52086,52086,52086,52086,52086,52086,52086,52086,52086,52086,52086,52086,52086,52086,52086,52086,52086,52086,52086,52086,52086,52086,52086,52086,52086,52086,52086,52086,52086,52086,52086,52086,52086,52086,52086,52086,52086,52086,52086,52086,52086,52086,52086,52086,52086,52086,52086,52086,52086,52086,52086,52086,52086,52086,52086,52086,52086,52086,52086,52086,52086,52086,52086,52086,52086,52086,52086",R841744.41,R7086.10,191,4/10/2025,106,R781833.47,R7375.7875,Sold,Invoice INV-0120.pdf (https://v5.airtableusercontent.com/v3/u/53/53/1779120000000/8Sc46ToDQqwgCjD_XII4RQ/CZ73CfXh-5QMoVh1WOnrDrpuOGMq1Nx-P13-1ya0Fesx2u8O13GnP4Gu4KnYOw9oALFuwC6ZpkyNqNyMpzGeHbQ6jpgxZUjYpywG3Yh6K5Mk_Ywe5uibjMhDu828Q4CCmwiaDPBNNC76Z9thyemXzapjA_UrZ00B7kpfc8rhPYY/dr7ozFKnX0c8wjX0-VGIYa1geagls93AeJ0IwSnSfNM),3.51%,0,R0.00,SVC COWS CALCULATION-4.pdf (https://v5.airtableusercontent.com/v3/u/53/53/1779120000000/7073Bpi6CMR_qZpA-ACqHA/vV7J47XsapaxrpnEOv9OYSzh3qSrHBYZHdj9Sz8_9C1JUZ8NETxQc0rk-Z3hA5wYydtmG767V__N65vqFx9nF0KkFVFv5-oV9S86FQY9Q-nvVjfi-wjMaW6jo_bKomYGXVL8Xp5leJbE8pLjscfpurgOa7YRVZX_jaTuMR1bcrk/Fy3V1mL1vHBKLxtaFZZEaQAmX9iCyfffHdwsMk23lVA),,
Batch 824 - SVC Cows,68639,"October 3, 2024","October 3, 2024","December 5, 2024",,,-529,SVC Cows,20,1,19,"SKM_28724100710240.pdf (https://v5.airtableusercontent.com/v3/u/53/53/1779120000000/tCNpEi43aKW6UcDvgq1F1Q/XOH5mRa4iRZyEg4YmA7qGdo5yCkgs_P5oPVEBRog-gnhz4l9tTaC5jLdjGRr5WXMB7zxkC_EYyTHl_TZu4_ZvhWsz-Cho4Pu7Ovmr-OqN4f49tAF4cdODoMDGWJXsBv1qzMX39kgmXe8cKGeeP-YS1kN3pLiVDDjy288WMrMvO8/PhT9k_6bkVlWovqEdjz2x4TinXxozhGe_A4LTlLeDH8),SKM_28724100713420.pdf (https://v5.airtableusercontent.com/v3/u/53/53/1779120000000/tYaGWxZrFoWjy3Css44CBw/uUbyo-jVRXbg8-27_rvzbJa1eYvRlX0zIJd5hk-v06D3Ufd4plspGNikvvdGBGLKL_1-YrCBxeICoCfJ7c60O-8VLNiEp16Pvj4iWGZCuTNurbAVgQnBn6ffVoF4qZngSc_krakl3CqyZvoB-17MydzaOvzxL2lhIG2G89PfZas/dsTcP2xNZL9MPyrlYBb-PmNHnXRrkKYSmTX3-ZmnHAQ)",,R5709.0000,R114180.00,Processed & Paid,"52088,52088,52088,52088,52088,52088,52088,52088,52088,52088,52088,52088,52088,52088,52088,52088,52088,52088,52088,52088",R127105.53,R1323.00,189,4/10/2025,20,R119180.00,R5959.0000,Sold,Invoice INV-0120.pdf (https://v5.airtableusercontent.com/v3/u/53/53/1779120000000/qRHyQt1BdRk2Hr31q46BYw/RaAtXADGa8Oze1mBnAkVKjMP3eymXY7ZpJIvKFn3x1zJke_2bPQPWMoCLCG8ObtbB0j24cHr8UoUpYHEmM-7fRTRJYtpkBPAbaxX0ojKlwl1weAoARHyJHsHrM4xFaRvAzCCZwrXOa91mAVrwEm1bUJdDK3UMlPqd90rNj7RQJQ/5ZNN9lx6PPcTMN6Qdh5O9k22uQDCXGB73TEgDDOj42Y),4.38%,0,R0.00,SVC COWS CALCULATION-4.pdf (https://v5.airtableusercontent.com/v3/u/53/53/1779120000000/ToOsalg8wApMoI5WemsG7g/JVId8GN0VAwpJ5m0QUqkJierf8gGQE3Do5WxESohFpZgkQuoMgmxghTUdqi6LOdTY0Yau5KnPzNCPKUdS32xE5nHW1lsb9Xn9qBnDx3hK3tVt63LosHEvR3fjW9BF-sPUAdNHdZjK57-kC1U51NU7_ZVrEIaV0DHXcBHRiBKzbA/90mpEtDYz0DG_4Wh40edF4nSg48YvB5c2tv4zJOj6HA),,
Batch 825 - SVC Cows,68672,"October 3, 2024","October 3, 2024","December 5, 2024",,,-529,SVC Cows,33,0,33,SKM_28724100715580.pdf (https://v5.airtableusercontent.com/v3/u/53/53/1779120000000/_j-uFuHDFNSondd2LGTx5A/5XFcsZP504TBfeOl5MEFcmx5W1pVL7uSD4KYsr4OkY4u5Q7-KqMVZllvmkhVLbiekECFJs2vlJsCRmVmZFVjyGX9r_yQJYahegJv-G4BoKefuo3pV_ewCHB14zOo5eJzigspob5ozZ5LuDDI2TIvej7aqAuXD9W-Zmrp9FyL8W4/-6seJM2Yf-Pe7kSjkDXdY9-HpaTa19c47eQIgMrZ_sU),,R7171.0788,R236645.60,Processed & Paid,"52089,52089,52089,52089,52089,52089,52089,52089,52089,52089,52089,52089,52089,52089,52089,52089,52089,52089,52089,52089,52089,52089,52089,52089,52089,52089,52089,52089,52089,52089,52089,52089,52089",R263434.62,R2182.95,189,4/10/2025,33,R244895.60,R7421.0788,Sold,Invoice INV-0120.pdf (https://v5.airtableusercontent.com/v3/u/53/53/1779120000000/wrJ3cC2OyEchsQgm6aaEBw/z8ZHhH873TYyhDySjfL6sQkAIhc7C5MtQZ1IZ-XQIxAxOPdHbyyvwGhOW7cDGoKTGu8P145SFiWXQ5zZH0692p5Sob8ZS9X73wHOHx1cigw_zgFPmOtFyCyeHD0eXCg4VinHLqaMlGSO600oMY4ZobbT2UdX97S8bin53n7N5Qg/3FGg3Eqr179LokvV5_N2WUHDP4YH55eWT5hr_SaI40s),3.49%,0,R0.00,SVC COWS CALCULATION-4.pdf (https://v5.airtableusercontent.com/v3/u/53/53/1779120000000/R0843JH6Nh580V3PdG5FiA/-5F_2KWb0a4YwOAky08fhzvxOrJj1x5xkRRKF5xww2VZKywHyB-WbRdbX1sQBEc1u87QY0ByYabIQMCTV6K-SHcBTmCRvm4EdWTmJwiLWOpNLwxtc5B-wgWU4CTUv4f7xdrvHw_ZMH--EtR1kFM2FPrCp3x-rpgbwg07XcUXEQI/lVz59QGEmxZTkoZqVs6KX7sNtj3KjMCT9lCEYBLK5L0),,
Batch 826 - SVC Cows,68673,"October 3, 2024","October 3, 2024","December 5, 2024",,,-529,SVC Cows,19,0,19,SKM_28724100715581.pdf (https://v5.airtableusercontent.com/v3/u/53/53/1779120000000/AREAqTgA6ardvDOmUg0GdA/MhBytT1I2Llp3wffS5qZxuk98s1h_qy1n1z8NFU368uwozaslH3sXvuTl8-9Yxr3hUehfYnBeit8wNGhdi5A-Xw_oBnCLoRmDj7eGLs3xsEFQrY0lPqfphTXzPE9-TJ3mVqMwcJkN7aK1X9VQT7jWfsgLPCP0niuftPalo7I6Fs/mvaIeo8U51DsNrrdeVNycVMTs-BikVe-eKzV4IkrN0g),,R7867.6632,R149485.60,Processed & Paid,"52090,52090,52090,52090,52090,52090,52090,52090,52090,52090,52090,52090,52090,52090,52090,52090,52090,52090,52090",R166407.84,R1256.85,189,4/10/2025,19,R154235.60,R8117.6632,Sold,Invoice INV-0120.pdf (https://v5.airtableusercontent.com/v3/u/53/53/1779120000000/gaS8XR-8WahfpIfw3_kvQQ/ju0gsEsM99iAkiV37MA7HMfflnpDeaFFkNcAYMLGS7qB5dTNVl9vpgSXt2L4T0wHobSnc41p09vUHJ7FzGtoZA2Ya5NlCR9koudfD1CQbwFZ8u38V74x8YAq0dQVUFzaobICOK_6sbMWBb-9hH69yoLIh2LIHVhaLLf1pOu74ko/QXjpi0VTNUGqH4gGFtonVe_qik18P2ONG-nmf6vz2bs),3.18%,0,R0.00,SVC COWS CALCULATION-4.pdf (https://v5.airtableusercontent.com/v3/u/53/53/1779120000000/K7uqsJ1TYfymJ4CjWU2K6w/dLcayrkCIoVqr-HNHxzmODdgkN-F_xmHPfZ8SwMySnRQKShE44h9NcqFpE-SM_At26yQvjnKMQTdn9eDeOa4rUfztu_SWUlaSYrfiFushc7eX8OVNh0I3ZYMz1lrvyOuuYqo4SkIBC1c32QPzKMoUh8wcTrFg47XMMDsK7oUdgQ/Bv53BFZAERMx-qH0wjwo_rnIckgZ7aq9otM0zOpERMY),,
Batch 827 - SVC Cows,68674,"October 3, 2024","October 3, 2024","December 5, 2024",,,-529,SVC Cows,102,1,101,SKM_28724100715582.pdf (https://v5.airtableusercontent.com/v3/u/53/53/1779120000000/YUYTyMj2grNx7proZ1iq_A/uiKn3QYFpP51qsxWEIcg_EW2GDLTo874-9c4CzaUJNESnll0jEX5R7WH6u1lGPpfOfBhOLtxUXK5KC8V-ASwzazvH54r431-ClQAK3WVWOuxsTvSxftP5lvu8U7cTm-HK35DKL_82S99wmkCiO5QnJu_vu6O1WOdF7jTvSjMioI/_RPcHRot95M_QYmxAbs7zsdX1wIT_c8cTy8TrYH91iE),,R7646.5682,R779949.96,Processed & Paid,"52091,52091,52091,52091,52091,52091,52091,52091,52091,52091,52091,52091,52091,52091,52091,52091,52091,52091,52091,52091,52091,52091,52091,52091,52091,52091,52091,52091,52091,52091,52091,52091,52091,52091,52091,52091,52091,52091,52091,52091,52091,52091,52091,52091,52091,52091,52091,52091,52091,52091,52091,52091,52091,52091,52091,52091,52091,52091,52091,52091,52091,52091,52091,52091,52091,52091,52091,52091,52091,52091,52091,52091,52091,52091,52091,52091,52091,52091,52091,52091,52091,52091,52091,52091,52091,52091,52091,52091,52091,52091,52091,52091,52091,52091,52091,52091,52091,52091,52091,52091,52091,52091",R868242.73,R6747.30,189,4/10/2025,102,R805449.96,R7896.5682,Sold,Invoice INV-0120.pdf (https://v5.airtableusercontent.com/v3/u/53/53/1779120000000/7erjNhdKKH7nT5X9sk1Dpg/yL2ckxfbazkUrvCHJvoXkvcqdrpoVk9ejv-feq-8-YpxYQJfrfw_PFCf9A0xJnBtO2zadxaAQtm0wR2JdybHVmqXmWBFjPvpLAleWVdq0r7zS4Zgz1YeZWRhK2UVqFgqgpnx4XPp13vb8L8srB6zVPbyj3Tzz2qrSgGf1NgLsMk/SjdaA54gflELIyfbbIYq4vpNea69oev6i0aT2yzPQJo),3.27%,0,R0.00,SVC COWS CALCULATION-4.pdf (https://v5.airtableusercontent.com/v3/u/53/53/1779120000000/8oQsnC_CzOQWEisSIRqcYQ/OX27Sw4KjpLW_fJJlTNAJV19Zn6CrzPCqYwJ-DR4tG9V9biJ4f0jBUaEKiaIPiZ-1060LMGk1CkM6tgPAJuZi8MkB6Vk9WFLwUeB9UnJ0v5_grps6xF7UYRycZJuGh5YeA8F7OfPMWhRmMgWYDMcIPOxnrkSPXZqPy85QK-jXCw/Alz-MoGZHteyPHF4UZQhNpLfvZzIldSqh4UgDyW0NAk),,
Batch 828 - SVC Cows,68675,"October 3, 2024","October 3, 2024","December 5, 2024",,,-529,SVC Cows,5,0,5,SKM_28724100715590.pdf (https://v5.airtableusercontent.com/v3/u/53/53/1779120000000/99_FziK8JXc4xzHDDff2jA/fU_vwHbB9OhPhqVnf3jsbNeuHsYlcl3L7coVVEjZHNGbywsOv2MhF_Fwxn3Sd8nbZgrXGBOvxpJkCasvaZfc9lj4pirOcQMrj-yfIqNltwKIV8mqNeN6WEcev8WvoP5dHKRiR30nEg5chaiORPL6LEeJIuU7AK7oEiPHewUB9K8/AfOjvR81V4FYelmrOqbMEfk09wwiRV4dt4E2mt2q-gM),,R8702.9560,R43514.78,Processed & Paid,"52092,52092,52092,52092,52092",R48440.79,R330.75,189,4/10/2025,5,R44764.78,R8952.9560,Sold,Invoice INV-0120.pdf (https://v5.airtableusercontent.com/v3/u/53/53/1779120000000/UBNcJZfHhu8KY7cIDxP3Lg/qWJ0J77wBDswpfA7C8Pyby1En1bLlQktkUK4QRlwcv38OErhBBrHToQDhd9Eg_aUD29fzykKdAAERjyEQn29pPKqXuqXkIIvGIg6aWUDwdaU7O7Kocjwlgdu6_uVK-D3DZUAAbEcwH34V1meI0TQ8dXlUnHov9g3k9cH6GajLXg/esv0_Il6VnFBkHio1dwLadkCr_3ksRw56Id09XZF-B4),2.87%,0,R0.00,SVC COWS CALCULATION-4.pdf (https://v5.airtableusercontent.com/v3/u/53/53/1779120000000/-ayuw5JVjRj3S5YviYgHjA/rQaK6mARQvyjg1rFu_HM_hQtJvlQCbec6uepJvYbVeTPR91FY69sum1EdUAZsNPRfyr3oDD6HU3BAntaDDvoQdmGYdTPGNQfPU7gOeydj3W7sUrPpgP3fkSOCfQs48gCzNRtFhOx7PnB-3KKm6MX2Lf6atX75UOI9G4ldOF4eeU/ut-wjzxe0aA_7taRnq4JLOaFuRJxinMqqc-aOhz4MNo),,
Batch 829 - SVC Cows,68676,"October 3, 2024","October 3, 2024","December 5, 2024",,,-529,SVC Cows,19,0,19,SKM_28724100715591.pdf (https://v5.airtableusercontent.com/v3/u/53/53/1779120000000/FyMdzhrN8Hcv2jVJIzrwKw/9TF59KZ5xzVu2kPdsJH4V5CiA_Tocp9hVt2zatotcHKVY6EGUElkwuXBAcoeIEaeTk9KnPBeCdcRDY7nasucQ4t5-5zO3lYEPOwunv_fIspVMKdMXo_23SqIoe7TGnZjf9jgFsGqZf1w1mH8rOBH-5k4d8gAOGjE7dMPE5TSlEg/mplGVbzIqdZWKbqtTZWo4Tx8SAFuSquuJVgW4PaFzAo),,R7770.7984,R147645.17,Processed & Paid,"52093,52093,52093,52093,52093,52093,52093,52093,52093,52093,52093,52093,52093,52093,52093,52093,52093,52093,52093",R164359.06,R1256.85,189,4/10/2025,19,R152395.17,R8020.7984,Sold,Invoice INV-0120.pdf (https://v5.airtableusercontent.com/v3/u/53/53/1779120000000/chXnjEzDbWM9murc_kOnjA/BqFaChgexSoS_4EkbJcmFhNq0xbiAWtSQFps9jnRplkv3UAX--LfXn-1WbFtAaO6KkG2TqiPHJIpYRsG9sWv_XNOahgRli4LHbHw8MsIgZZzVpva_g6NtUwFufdb9HH-qn4FKG3UxPyOiEwA7_aNBTlHJxOy-5Ka5AvU6D8Txbw/Bqn_vHknAMkJrHDZ8gv-6TUG8XlrQn7GXi41pwsIkoE),3.22%,0,R0.00,SVC COWS CALCULATION-4.pdf (https://v5.airtableusercontent.com/v3/u/53/53/1779120000000/RXSRElZs8cGiPwvdYVLb0w/3IaQ8QeR9QI4PyT1C6tvQEiX13pP5FPG-TmgDUl3w4f_vH1WeUlTjo2quAbguaI1YUeSs2oGcTMXZMbF1bBUaqndf-0VG2oWCuyWt-V8RHGAyh32csEEyqQUSCvi5FsD7o3A-Xci7-NPPqHyrBO8kAccqH_kajWTwKr0jN8XRpo/l-htoGJUSDQTzyoebykQ3Gx5mWT9J2-T5VXfEeOzSiE),,
Batch 832 - SVC Cows,68705,"October 3, 2024","October 3, 2024","December 5, 2024",,,-529,SVC Cows,130,1,129,3_PDFsam_SKM_28724100914570.pdf (https://v5.airtableusercontent.com/v3/u/53/53/1779120000000/UtOuOg4aPbxYszwSLamPcw/3D8eK5ffnAGWWTNXCY0gTmkoWr08ShvhtvCKZuc8LM_jKvjCBt3U1xH3qG_73wtlPStb0fvTvfhqYn1cEsPdvttLPvHsaDa_zA1up06gDYEYYG6kBi9j9HQ7V_FW8ojVG0QvqeJ4RpjU26D67mtiDeCzCOXlCPJNEEz2qzLLS2I4lgz26sinEOgBpb1z9tla/zE-T8j7qTgehPMLMW8GsLnengl-ZmSDIFfVytQKlPNg),,R7394.3341,R961263.43,Processed & Paid,"51940,51940,51940,51940,51940,51940,51940,51940,51940,51940,51940,51940,51940,51940,51940,51940,51940,51940,51940,51940,51940,51940,51940,51940,51940,51940,51940,51940,51940,51940,51940,51940,51940,51940,51940,51940,51940,51940,51940,51940,51940,51940,51940,51940,51940,51940,51940,51940,51940,51940,51940,51940,51940,51940,51940,51940,51940,51940,51940,51940,51940,51940,51940,51940,51940,51940,51940,51940,51940,51940,51940,51940,51940,51940,51940,51940,51940,51940,51940,51940,51940,51940,51940,51940,51940,51940,51940,51940,51940,51940,51940,51940,51940,51940,51940,51940,51940,51940,51940,51940,51940,51940,51940,51940,51940,51940,51940,51940,51940,51940,51940,51940,51940,51940,51940,51940,51940,51940,51940,51940,51940,51940,51940,51940,51940,51940,51940,51940,51940,51940",R1072384.48,R8781.50,193,4/14/2025,130,R993763.43,R7644.3341,Sold,"Invoice INV-0120.pdf (https://v5.airtableusercontent.com/v3/u/53/53/1779120000000/aFerfIFBEdG0oYtYikeMgQ/191nksqttIrASjofHec5LnJrdEK8b221KHhgYnS05mGoIZdsnm9epLzH4UXVlbIH30E4986HrxfPGT1qNi_v78NL--9Wgj8qqc_YRuS9iW1tCGI8gb9SoNh3T528QlEkg3i7GWBqQ49lUvdekjuPxlwwgpVBAnzghPeTOTcpbys/xGWIhBZxSjVDoo8hyvB5NuCaIHngvjsW5kxXeBq38oA),Invoice INV-0121.pdf (https://v5.airtableusercontent.com/v3/u/53/53/1779120000000/-JkTcaudZeFFRkVfjFygOg/Wfs7VJMClak88EClXIaGm2nkqTvH9GeLw68HRlf6HAMaB5uAM660jUax90WXsvAQnaSn9QvtUMkbAp2OnCv3NmFmwg1edRr6rcnVrNHK9VwlNe_-HF9ecHsFmTMP8i_rXRjJXu37x4GxEJVvfVWikrpppHxKKuF9qjGgMfkUDqw/eCsgtNLUdLrG5sMHA869RAuhTQbDf6JtG3BuSlihk7s)",3.38%,0,R0.00,"SVC COWS CALCULATION-4.pdf (https://v5.airtableusercontent.com/v3/u/53/53/1779120000000/0YmSVJebOhf5uFVaTyTFhw/qjP6fRYsYQ2vY_kV3aNtlvKLVRHGG4Q7syh48as7dk6Eer8NoLH9zHwnZX0plxVkga4oUHfeAQVSPNulOl4xE2Zn7UybkFmMAe5dgHEG3GhylhL46GKijbK-IN-bcjOTRUjyt6G8F8pL-Iohp5-OT-BOdcnizam9-6w8pGsRQZs/M55saaYqs7HHacbmyjLDawXuzHfvy6_oxpHzIj1-RFQ),SVC COWS CALCULTION.pdf (https://v5.airtableusercontent.com/v3/u/53/53/1779120000000/GTPOFkDtAY-wyNqatxXlgg/LazadyWtnMYwKQVY9omipLJlDG-5WrOIijy2qEoWp201smBcdYvbLt-YOqTafjTzJIdwVGgpP9MJIq2hUCliYMu-ICo47Zs6PjNf5_ZPA_ywbnFSrYeL6s-drO9zlP3dx3IHSRfNvwG4PbKOYNfSrolupYML0Iavvh8sMcTylUE/Eo2pQg9z6XKKQsVeqfeTMolOzEqT2ZlFiJOoyZAWhQs)",,
Batch 830 - SVC Cows,68697,"October 4, 2024","October 4, 2024","December 6, 2024",,,-528,SVC Cows,101,2,99,SKM_28724100910420.pdf (https://v5.airtableusercontent.com/v3/u/53/53/1779120000000/CphqmaTK2_1dNlVXwkbf_w/nL2Q9lwvNfUNHLTyAN3BzOxG7PZL6JJiZdj45jn6aukbcZLiSGMhSy30HCp793eV5tupILxk53py4cExuXOvtz__8tamRj1168Z6_Zf_5B2oMxPbkvWGi6sRMC9MY-vFTAByyOKcxvQqLvzO9xBjJbcvXVJedqWI36B89ro_mXo/eVEr6NBg9XHPscQbN7Fp3kYn6-9yKKe-ix2fsDBrFAg),,R6961.4718,R703108.65,Processed & Paid,"52094,52094,52094,52094,52094,52094,52094,52094,52094,52094,52094,52094,52094,52094,52094,52094,52094,52094,52094,52094,52094,52094,52094,52094,52094,52094,52094,52094,52094,52094,52094,52094,52094,52094,52094,52094,52094,52094,52094,52094,52094,52094,52094,52094,52094,52094,52094,52094,52094,52094,52094,52094,52094,52094,52094,52094,52094,52094,52094,52094,52094,52094,52094,52094,52094,52094,52094,52094,52094,52094,52094,52094,52094,52094,52094,52094,52094,52094,52094,52094,52094,52094,52094,52094,52094,52094,52094,52094,52094,52094,52094,52094,52094,52094,52094,52094,52094,52094,52094,52094,52094",R783966.14,R6787.20,192,4/14/2025,101,R728358.65,R7211.4718,Sold,Invoice INV-0121.pdf (https://v5.airtableusercontent.com/v3/u/53/53/1779120000000/n2PqJaF0R0zwZEzq1kHIzA/omTz-ah5HFcfGL8_jqe8xGI9RrRnq_xNr9B9hlazlKbSSH-CDT7_-FNaHw4MKkc87zeycitlLUvfvD9KgfB2U3GkutLOd2W6huMOOs5HgY5KMee5XrsM08_fdlc8n_-4b_XmweBTskSsUl_hdKz14XL8ArqKm91DBzkD1nd3aG4/TKyNIgmsVn2zs9MI-0HbMwzHxBTjx1Zlc62Y6JPl_LQ),3.59%,0,R0.00,SVC COWS CALCULTION.pdf (https://v5.airtableusercontent.com/v3/u/53/53/1779120000000/R0IvFHtoORj_YMdtNYPsKg/nkmpeKe3FuaWDoq4-_d476KTKPkzS_gOlm5Ao-ZEoUNlCvPIOOye6IKylqixkPHf_qOFGlK9pvZAJVfgM3CEd-9A9YOFQ_fbq24KsH6pusZi78urDmJVBW1sBBT4f1V8BrVRdC3r6KeS9nhUprq-pjjJMptLZwsoGDuWiv1uSBE/wtJ9xlZRfCaFCN1eqQWF9gzyA4mrG5FWDsbspR6PG2Q),,
Batch 833 - SVC Cows,68711,"October 8, 2024","October 8, 2024","December 10, 2024",,,-524,SVC Cows,194,10,184,SKM_28724101010030.pdf (https://v5.airtableusercontent.com/v3/u/53/53/1779120000000/WbVyJuy8ra352JBBj41eVg/adeabIRPBq0szR9oyULCOaoyQfe5AdzDo3E8HW63pc_7RMxmRrTe0Cz9QU01_G5q0oG3iTlGY46THDV_z-BEI5uP_tT1RqWM5_wiGGu2d1PCQfftKUB5-DkL_8DkB6bKtp2i572l9ZJez3AZtPPCzcQM_sGEhuKpzqClQqXY0c0/P0Ku6--MQMaDygUIu7yzZHbM64fSCVT9o3Rf8a0d_Fo),,R7961.1250,R1544458.25,Processed & Paid,"52096,52096,52096,52096,52096,52096,52096,52096,52096,52096,52096,52096,52096,52096,52096,52096,52096,52096,52096,52096,52096,52096,52096,52096,52096,52096,52096,52096,52096,52096,52096,52096,52096,52096,52096,52096,52096,52096,52096,52096,52096,52096,52096,52096,52096,52096,52096,52096,52096,52096,52096,52096,52096,52096,52096,52096,52096,52096,52096,52096,52096,52096,52096,52096,52096,52096,52096,52096,52096,52096,52096,52096,52096,52096,52096,52096,52096,52096,52096,52096,52096,52096,52096,52096,52096,52096,52096,52096,52096,52096,52096,52096,52096,52096,52096,52096,52096,52096,52095,52095,52095,52095,52095,52095,52095,52095,52095,52095,52095,52095,52095,52095,52095,52095,52095,52095,52095,52095,52095,52095,52095,52095,52095,52095,52095,52095,52095,52095,52095,52095,52095,52095,52095,52095,52095,52095,52095,52095,52095,52095,52095,52095,52095,52095,52095,52095,52095,52095,52095,52095,52095,52095,52095,52095,52095,52095,52095,52095,52095,52095,52095,52095,52095,52095,52095,52095,52095,52095,52095,52095,52095,52095,52095,52095,52095,52095,52095,52095,52095,52095,52095,52095,52095,52095,52095,52095,52095,52095,52095,52095,52095,52095,52095,52095",R1720220.82,R12901.00,190,4/16/2025,194,R1592958.25,R8211.1250,Sold,Invoice INV-0121.pdf (https://v5.airtableusercontent.com/v3/u/53/53/1779120000000/tap7-p4hsvELR2oCdDYoPQ/yZ8SvFdPADNmeaysNRrtqnyfBIZ4Pjt0xG1aSEJ851k7VywhP_knydqmEucBxruPN3Vdytnv42WqxYxVioOCqHxXZJj407axb0tEHRqIi8ztF-kgZ2JS1wkyXQO3zZxhIkpJ2tccs69-mLUHrenSrkdugXMoO8tjJ4x32oFpOjQ/Wg-fJb2cZ3gV7K92F3SrgeAbSL42Q2DrZqSGXutMrQ4),3.14%,0,R0.00,SVC COWS CALCULTION.pdf (https://v5.airtableusercontent.com/v3/u/53/53/1779120000000/9O-BCLljThjzE8_YMIIfrQ/buIhKCUu8nbtgRexY2EWD9tTrWTj5JgCxCPEOgNHIuCIOs_aYsl0RkAV54qpg6T_CtVoSG0tp81Rz9oBM8Jr_p5NJEou_u5OMUZPjw8jqextfOThEADzdnhvesWpab8gb4iJSzTIDy4mucaBc7WdwtHADDjjt3Suo7wnP1yukoA/PUE0Qgepe2W3jsJDyEaOfKTS8ooW-qH9yifP5Grgsvc),,
Batch 834 - SVC Cows,68728,"October 10, 2024","October 10, 2024","December 12, 2024",,,-522,SVC Cows,107,2,105,SKM_28724101108500.pdf (https://v5.airtableusercontent.com/v3/u/53/53/1779120000000/O2YJV_c9nhYZwovcs0iTlw/YuTQ2k5ZTzv2XQtSx_NgyjKSbQTs7j73proewiiQ3aEt6O9DVX7J0W6xT7alS84NDcATRmCbBre0Tk9P79rag7QRPt64I1gFO7SbdFllsFMyR-Kfuia1ZAnvsPmi2pjikYSRawElwAArivKH36YqvVv-Rklx22bFe5cNoh6xw88/mMHyd0ylwngDVLXvMVG0sCPNotUS-ltMvw5-qMcMKU4),,R7705.5908,R824498.22,Processed & Paid,"52097,52097,52097,52097,52097,52097,52097,52097,52097,52097,52097,52097,52097,52097,52097,52097,52097,52097,52097,52097,52097,52097,52097,52097,52097,52097,52097,52097,52097,52097,52097,52097,52097,52097,52097,52097,52097,52097,52097,52097,52097,52097,52097,52097,52097,52097,52097,52097,52097,52097,52097,52097,52097,52097,52097,52097,52097,52097,52097,52097,52097,52097,52097,52097,52097,52097,52097,52097,52097,52097,52097,52097,52097,52097,52097,52097,52097,52097,52097,52097,52097,52097,52097,52097,52097,52097,52097,52097,52097,52097,52097,52097,52097,52097,52097,52097,52097,52097,52097,52097,52097,52097,52097,52097,52097,52097,52097",R917340.15,R7040.60,188,4/16/2025,107,R851248.22,R7955.5908,Sold,Invoice INV-0121.pdf (https://v5.airtableusercontent.com/v3/u/53/53/1779120000000/MOJYpbvsyVS0AQmRV_GHOQ/HUJCO4QmLmD7BnQTDZpzCrphAJTidrpqPm08FKJLql4i1bUlPveDoZrBKClA3x5PRZsQcSo84HAFUlNmo3x6e976kRFzfP1OQfOufxthw2iDKi6LSLdFKLrz6-eoa7HEAp3FJmVVpFa777DVsGZtbL-mB-YvXZhls4gQWahwGzE/gipBdsCwkcCbhAlPnW6J9UERW_vttkMps-VKg-tUDno),3.24%,0,R0.00,SVC COWS CALCULTION.pdf (https://v5.airtableusercontent.com/v3/u/53/53/1779120000000/mWNTJpyO2MbKHD52kr2r5w/Ds_oQXYU9Si3bVCHEqreGhLxdYN1wUpbqQynWwjN3z_gwp9CkowbkggH6rs8qhUcOthx-tWS_KGoEMiMMzW9uiJ7rzVQbVz9lmRi8plyK_Ydga7KhffQ_wBkHZn2qPa4Pxy5kmD5iYIHdkdXGz8boG1SccPhvdC6pAABMuZDweE/qlGo0iRHXGTomkYapOLbTKDExXBAA4m1S2Ja8Evnoh0),,
Batch 835 - SVC Cows,68729,"October 10, 2024","October 10, 2024","December 12, 2024",,,-522,SVC Cows,93,4,89,SKM_28724101108510.pdf (https://v5.airtableusercontent.com/v3/u/53/53/1779120000000/RkNajonOr6TGrkBNqv0aLQ/tU-sV20BBXHtSX5aYkBJo9faVolH6VTh2Ip9YEZ6IgkeqS7hIYMJBX4pzbpZUQ_EKUeD-MqbzFzc7y7ftaBesjWOk3DQpLeu_ndAZB4GuX-nC8eRD8IT5qye1pfR7eeHojuWZ_YupAeJBV1UqfBhIpxeQpFirguV7eiZDRVrED8/W9NaPEk7uIvTr-TxNr4rpxvT52mG-BRBYmaLc5_HZeI),,R7735.7923,R719428.68,Processed & Paid,"52098,52098,52098,52098,52098,52098,52098,52098,52098,52098,52098,52098,52098,52098,52098,52098,52098,52098,52098,52098,52098,52098,52098,52098,52098,52098,52098,52098,52098,52098,52098,52098,52098,52098,52098,52098,52098,52098,52098,52098,52098,52098,52098,52098,52098,52098,52098,52098,52098,52098,52098,52098,52098,52098,52098,52098,52098,52098,52098,52098,52098,52098,52098,52098,52098,52098,52098,52098,52098,52098,52098,52098,52098,52098,52098,52098,52098,52098,52098,52098,52098,52098,52098,52098,52098,52098,52098,52098,52098,52098,52098,52098,52098",R800439.35,R6119.40,188,4/16/2025,93,R742678.68,R7985.7923,Sold,Invoice INV-0121.pdf (https://v5.airtableusercontent.com/v3/u/53/53/1779120000000/nw4pkjHCUEVXS1xCY4ZDxw/QAi2ui0tsRnYbKkYgVCtPrilBQFFG1D4BT_yqH7HXzKudRs2HW_QERSNhjb65B9jB2RngM2chtPcw5CQkgze5_szXnLPMIk9dZuBNwLAAvBwS74Uk1LDhBAyZiB_Z7o-9ogAw3aB_7g67pSJzPZamidN1xHPgJ26PVPhy7aUU94/ZopZqGG51L1krthyfP5O5XOI8U0uJwaU2ZRzDP1qhV4),3.23%,0,R0.00,SVC COWS CALCULTION.pdf (https://v5.airtableusercontent.com/v3/u/53/53/1779120000000/0UCYs5TU5uCYbKoWgSorFA/lzSf5eatFm4D3gWNYOXxkgGiRokoBArM-vPgHCs9gR7ntKdaWv52j4VlSFCGt8oWweOOjkg5Vwp_MR0oHGB3OcqMg9JflSiI8g5GYEjH_1J_xO0CfZfz-Jk0k7eIpAA1J55hEiUZVCDhk7t70_BlgmMmi8h_nbjWi5UyH1G30Ps/ZMBkDsbM4HTOf_KhyysVsb1q48Q-MactatLdHVMdg6E),,
Batch 836 - SVC Cows,68772,"October 10, 2024","October 10, 2024","December 12, 2024",,,-522,SVC Cows,127,1,126,"SKM_28724101613220.pdf (https://v5.airtableusercontent.com/v3/u/53/53/1779120000000/x7NkZO6nEaHvlZ2JTlpaxg/dsx-RTldkJubun-JwT7w4KIMZZM3htUV2K2ILSqyOoNI4S6jFVAqZoC6q6i7rUn6isFxoH_upG4XaVGDBLrKXJHOvs0ewT8jLcT4sPDNUlPIoSU_v5Sf8k0DtIhJIg2FYGUmRcMsBur64wat_sWGocANUwUdKp0fyTMZFQiP8Kw/0veRV8WKyxtDvN40XKwTQctejKuNokcPuMHi5Gip1nY),SKM_28724102809190.pdf (https://v5.airtableusercontent.com/v3/u/53/53/1779120000000/EWPTW66zHeYxT1vW2iu4ew/BISjfbEYhRIymvWxbNOTsswkOWek-_VHCqyYgvsQCeHFulk8bXQG3jZ6pZGrn8dEOIvUPjFkY2-gXdAV0W_PapaKy4LjsUbvSp2TaWBKmwnb_y2yRQoe0SsISgZL_yVp7-ySSRPmmiAWiBCHqFqnRE0-mO40NrunS6dg_IJ7AY8/hDKcHwpdYaJ6cKVyUeWWFuA8uk5ILi4hwTFyGxF4v_A)",,R6380.5237,R810326.51,Processed & Paid,"51941,51941,51941,51941,51941,51941,51941,51941,51941,51941,51941,51941,51941,51941,51941,51941,51941,51941,51941,51941,51941,51941,51941,51941,51941,51941,51941,51941,51941,51941,51941,51941,51941,51941,51941,51941,51941,51941,51941,51941,51941,51941,51941,51941,51941,51941,51941,51941,51941,51941,51941,51941,51941,51941,51941,51941,51941,51941,51941,51941,51941,51941,51941,51941,51941,51941,51941,51941,51941,51941,51941,51941,51941,51941,51941,51941,51941,51941,51941,51941,51941,51941,51941,51941,51941,51941,51941,51941,51941,51941,51941,51941,51941,51941,51941,51941,51941,51941,51941,51941,51941,51941,51941,51941,51941,51941,51941,51941,51941,51941,51941,51941,51941,51941,51941,51941,51941,51941,51941,51941,51941,51941,51941,51941,51941,51941,51941",R901572.65,R8356.60,188,4/16/2025,127,R842076.51,R6630.5237,Sold,Invoice INV-0121.pdf (https://v5.airtableusercontent.com/v3/u/53/53/1779120000000/hB5tJpsNSX5oxbQTnUmEzg/zMK3SELWt3gned2cR1Waqo7MfyJvQCWnR0s6gII7prj47559-0XhLhdS0HL_M5Xqny9eOKkUvnsaEefBnGh_jmEyXCl6GIy0hS09P3PVj0FHn7E2IlZOzcnYILhI5iiL8cHEvVN-ceFlS4rhEjIzQhqJIYEsGeTf50WLXfGEuWM/r-i9rWkRSVrxPOPFz4j1XJmMs0qUXjdbAkSlwbyKqfU),3.92%,0,R0.00,SVC COWS CALCULTION.pdf (https://v5.airtableusercontent.com/v3/u/53/53/1779120000000/mFQOsj0k8Z26zooxwvH8FQ/_Xn17zwnb4CgMo_tO0t2wQNb0l5f_iE_lfkpyRxwW5M85tdY6S8_gpZHgkUXWSOzGVVTB0hD90Q1j11Lk0IXghqfVj-4Xnk1YvLP0wmS88vUnXLIkR7JrbnwWwKmwYUxBgdqURUz2uEcPV8rqA5aQ54R23wxXzjrjpsdXNmpLj8/jQCld7IhsWz2a-2mQN8MkJeDH4bs_0v68jmkv1R4SCY),,
Batch 837 - SVC Cows,68769,"October 11, 2024","October 11, 2024","December 13, 2024",,,-521,SVC Cows,99,2,97,"SKM_28724101709200.pdf (https://v5.airtableusercontent.com/v3/u/53/53/1779120000000/UQI8m1hiqBNeaiO-ZS0RWw/vrJOnZtfs-mz1GXXstvqQCkANUkP9gEoQqTxK3p-wi3U5Mj6XxtvKHuM6yru3DzMpUbEADtZhcuSjeD04RbHRGgthv7jzbRJWXfLks7DMbJ3u9zZERzmTXpT1yt0Q1lh5eFS2Kf_lCpQI1WI4fBZAdkA8EfQp_T04Ay-4uBkm0E/MKfWN4mJEAoeUlICt1TcabSzmGxPG7vXyhDZTgUNAnI),1_PDFsam_SKM_28724102809190.pdf (https://v5.airtableusercontent.com/v3/u/53/53/1779120000000/2yV7eCo0zlW90NCn3CGwxw/o-_aQVYtNNHyWj_Vx7QaW9bFfSDaoYTXF7r5L-pEzjBSqfR7nuZgywkuVOM9y5C4va1KClMg2AnCn4LfXn5La6zdVfqLHX0TfrdCeFRPZrADKhvCn8qL2EujjCzOOYW5ULR5kMbDeP1D4ut2yL2XDuthQXertIRiUR0wuTZCkZ2q5Ngx79xjmU4ADwjslUmM/T3avGkjnNkz8SAncgd9RXQ-yXDsGCKa0ScAJzp3t1zc)",,R7859.9169,R778131.77,Processed & Paid,"52099,52099,52099,52099,52099,52099,52099,52099,52099,52099,52099,52099,52099,52099,52099,52099,52099,52099,52099,52099,52099,52099,52099,52099,52099,52099,52099,52099,52099,52099,52099,52099,52099,52099,52099,52099,52099,52099,52099,52099,52099,52099,52099,52099,52099,52099,52099,52099,52099,52099,52099,52099,52099,52099,52099,52099,52099,52099,52099,52099,52099,52099,52099,52099,52099,52099,52099,52099,52099,52099,52099,52099,52099,52099,52099,52099,52099,52099,52099,52099,52099,52099,52099,52099,52099,52099,52099,52099,52099,52099,52099,52099,52099,52099,52099,52099,52099,52099,52099",R866218.72,R6548.85,189,4/18/2025,99,R802881.77,R8109.9169,Sold,"Invoice INV-0121.pdf (https://v5.airtableusercontent.com/v3/u/53/53/1779120000000/YKow0nWgtx2cvcZA_CcyFg/fwDrvK38eerDDARv1T1O_kCcb_TgURspSODo4h3Iyi9GPY3Ug5ljg1pE0uFS_ieh32qXvS2aVpMPGE7j00JbkckjfSv2eyxyyJUG3ttz7frS--ezMaSNvNFDzTs4u9u9zHltxhsid0jGkLfuGptYhgqyvyBypDGICExIXIrq3L4/eNp5KhlUcY1YuNVUGf0yFMdG1PSuicEDZNVJTEauAg0),Invoice INV-0122-3.pdf (https://v5.airtableusercontent.com/v3/u/53/53/1779120000000/ANZku-NB464K-uIQEWYDKw/QxcThYT6ucT2zx38D1gWuUmlet6FQLZbeqa3CyfBcYsNn5ujBNBj2PTYduQ1gGhT6tis-ACVZL02DYFXGHS8ugKWHdj1lNWmMQe251AExJKX_9yrqvDtpiAUnwyRu4v-s3trS1Gs96ktIHpQycYmC6kD6u6End96WnTSbeWT5yk/yTclKvlehknWDiJzfMmMZXG7aB2veM7XUfr7QSNc6e0)",3.18%,0,R0.00,"SVC COWS CALCULTION.pdf (https://v5.airtableusercontent.com/v3/u/53/53/1779120000000/KII6cilDzZY1aNj54oxO2A/MWO1cJXouyeVjZLjhV7017KYz9k51LqOVxi6zqeztmpkMCXHZLksEzW-V6oaBPlIRaLKZLWmoyz3SOsO4VqLkfOS4DjLJFgwFSjWaBPjR587TvHyfehhwsLGedBrk0kJsYdRm6YIkeK4Cej4_kkz4v16gTdvbzzGx6AfjIyM3ro/D7d-iDYRpqbV_Xn0FJcflMqG4HFS26CdKXrP8YNJY6s),SVC COWS.pdf (https://v5.airtableusercontent.com/v3/u/53/53/1779120000000/lkTpS5Zy3ysyf2Lsh-Q15Q/g_Ivaf7vHREYZiC3SiEft_dCBrmvNqeh0yO7_MJV_vhLCxi15FbiOwKFLSGNC60ZcYU3SVksjpya-HNym1-cbjde9dEU__CNmc_I4TnymYrKys-Ukepu1jXl9u901KTfhJJKAO-4LRDJ5yhvgpzmmVFNLAIbOBTXfq4HLhEsaaI/Fb92b9OSn3jDeZf17I5Oer-N1ul2NsKtDwr83Tq8pAA)",,"Made a part payment of R345,000.00. Full payment 24 Oct 2024

CN001663 was received for price adjustment
"
Batch 838 - SVC Cows,68770,"October 11, 2024","October 11, 2024","December 13, 2024",,,-521,SVC Cows,83,3,80,"SKM_28724101709210.pdf (https://v5.airtableusercontent.com/v3/u/53/53/1779120000000/kNdx6hXJwX-xhhG0PFGgfw/0QjdSc2vyfkticWjatmMdpIpU36WS6cOB1BtJdRqC8xMQP5Y7FChg7tfoVBoGFaO82rhEODm6AvXwRuQlD0SFl_DdU5BDe9pFuQv5dJ4kjybcwtFFQK--iNLXW_6bc0YDkCM8bDF6G-Nv-rqUnx_Vx69bcvk7xubZ4-g2WREgeI/JzTiA2FT5ig1gnRvxqxDgQqTCi_2MVUjkUXBhSSXyPc),3_PDFsam_SKM_28724102809190.pdf (https://v5.airtableusercontent.com/v3/u/53/53/1779120000000/KANPgL-r_pQjExInz7zH2Q/t4NHQ6FmPHP_akZYzGeZPmYv8stXSfvnEGM3yIAwflpqt4Ym705d8DWWtkuGNgre4T5uDeNwC0yGAanrQ6O756dNNOjc7cJ3Y_BdXK_JqxL0UcD0Hgt1zkdvKECUoMy4_A-NkiGkMpkAOmOzMNiqfm1dMyCKGWUAmD8WQ9KbyORyLJSUKs7TNASPcd23gYk7/vXd9iLmP4LeZ5KDp_Diqyb93DhAeMQI_RlxknyukpUY)",,R6158.1667,R511127.84,Processed & Paid,"52100,52100,52100,52100,52100,52100,52100,52100,52100,52100,52100,52100,52100,52100,52100,52100,52100,52100,52100,52100,52100,52100,52100,52100,52100,52100,52100,52100,52100,52100,52100,52100,52100,52100,52100,52100,52100,52100,52100,52100,52100,52100,52100,52100,52100,52100,52100,52100,52100,52100,52100,52100,52100,52100,52100,52100,52100,52100,52100,52100,52100,52100,52100,52100,52100,52100,52100,52100,52100,52100,52100,52100,52100,52100,52100,52100,52100,52100,52100,52100,52100,52100,52100",R568989.11,R5490.45,189,4/18/2025,83,R531877.84,R6408.1667,Sold,Invoice INV-0122-3.pdf (https://v5.airtableusercontent.com/v3/u/53/53/1779120000000/POb0j2DSKuypxTXPA2PaiA/XhUiGYjsi4Rc9-QIUyLeBi1_M3IhY5Hg_Xthm1Ocf9lG-h9T4rtAXu7-mvZsTU4it21riPC8o9wcT7jTXvUdpZMvgxtH1u0k2s19IaAz4Jk8UjJiYrMyEc4UqCdKNID0Qz-VB4LK6LpYzuMB0HVngoYP1vsdGf1_1k7K9pJEEPE/MG-MVuCprZe-vPhoLvK1i9_vo4g0WBo6qAlaMJsVd9U),4.06%,0,R0.00,SVC COWS.pdf (https://v5.airtableusercontent.com/v3/u/53/53/1779120000000/T-gVt86pEh_bxiHPoSSKaA/bEN_fIe4XVwvJf2m7H-jCRGIlQs2NuJtXpXX2InvAnMRXybJiXbAMaSHKtNecyetmbcnyuru48VSpTLDyCfKaoP0noMj31-3TJX7zrtPFNpNZTT2N0jK2xiZGTKnXKBlUgmC6RWg1R54Mg9rITHpT0gSnAEExCYEZ4Xt5T_BZC4/TTjTVTyfSAvKawzMeltJqk2hQjdFAyo1UIxLm5ucjEQ),,
Batch 839 - SVC Cows,68771,"October 11, 2024","October 11, 2024","December 13, 2024",,,-521,SVC Cows,94,1,93,"SKM_28724101709211.pdf (https://v5.airtableusercontent.com/v3/u/53/53/1779120000000/uVRObYgGOW6Sa8fbgoeTQQ/eWnnaGnDePit6qS4jHp2A6zxtIlHH4PcMduDuN4kbhZ7YN_A2pd2H4MN3kXBo_OTJ_4m8_rdwn4VeUFbYhBDohOV-JieL7-xPF__GPE1hjQIy3FOeSw2S8XcelKhexQTr1NHu60WJSickFLMjWwBq_aCHIRLU08iQJ7Az9hDX6Q/L3ktqChGHEyGweHyrm5UKMYW46cKCaa6ClpCS4MTQ2E),5_PDFsam_SKM_28724102809190.pdf (https://v5.airtableusercontent.com/v3/u/53/53/1779120000000/NJhAaF-HQzQOq0r72i0TCQ/3xm3t2MpqpuLiriuS0wWtb8xlwXqsE6eWYnfZJ9HSPUhdFgxhKU7SAjq1pYIgJdc-pnTC1cP6a0pM61e4QgW_whGrEt3aGynNYMNtA9OUKtg07roe8lJOekvdM_qNgpG_yxD3hyyjHGxyfhfU_Ic_FAdSans-IlqZ9qGlBvYsHGpl3JsBW44eg_rfkoZVDsJ/uhsEz8tAEQ7ujtMWWVHYOVS9-uy1dJabOxI7frCRCTQ),SKM_28724102809190.pdf (https://v5.airtableusercontent.com/v3/u/53/53/1779120000000/_BiUocHXNaWDw85IbQd9yw/NTe5Jbkc7smEa0P88gGwrzFnjtuYDDLrvcOcJn5Xucxz4cwgSqC6UdSXEAvt7H2ph17OcNzNYwzYfRFZNUeb6yEk56QBs9yIKAZeBPl70L30v0SNBtJZY_uurwReXdy231DoKXe1NL7kcTQ7rx32DsdCOgCUg7vZP2hUPEnW4Ys/2TJ-O0fW6IG9AgTg-OvsvhPUNNoWeCoMSMt2CnylZhY)",,R6737.1595,R633292.99,Processed & Paid,"52101,52101,52101,52101,52101,52101,52101,52101,52101,52101,52101,52101,52101,52101,52101,52101,52101,52101,52101,52101,52101,52101,52101,52101,52101,52101,52101,52101,52101,52101,52101,52101,52101,52101,52101,52101,52101,52101,52101,52101,52101,52101,52101,52101,52101,52101,52101,52101,52101,52101,52101,52101,52101,52101,52101,52101,52101,52101,52101,52101,52101,52101,52101,52101,52101,52101,52101,52101,52101,52101,52101,52101,52101,52101,52101,52101,52101,52101,52101,52101,52101,52101,52101,52101,52101,52101,52101,52101,52101,52101,52101,52101,52101,52101",R707259.63,R6415.50,195,4/24/2025,94,R656792.99,R6987.1595,Sold,Invoice INV-0122-3.pdf (https://v5.airtableusercontent.com/v3/u/53/53/1779120000000/POb0j2DSKuypxTXPA2PaiA/XhUiGYjsi4Rc9-QIUyLeBi1_M3IhY5Hg_Xthm1Ocf9lG-h9T4rtAXu7-mvZsTU4it21riPC8o9wcT7jTXvUdpZMvgxtH1u0k2s19IaAz4Jk8UjJiYrMyEc4UqCdKNID0Qz-VB4LK6LpYzuMB0HVngoYP1vsdGf1_1k7K9pJEEPE/MG-MVuCprZe-vPhoLvK1i9_vo4g0WBo6qAlaMJsVd9U),3.71%,0,R0.00,SVC COWS.pdf (https://v5.airtableusercontent.com/v3/u/53/53/1779120000000/rIkH4V9Vjr7Y-0Twv1CHIw/rWUiLUud6JAW0LFgMrexPFUHXlNrK4U_G9oYsRrU9-IFQJKckS6xA9v9ulxMGTW7axfxeRnoFIy4JS8n4hqYaE8cSDZEpdo6YUpwJHJ7k_d1XVvXx6e9cWmc9dp5V5agoGHMb32FOhQ0mmw0SOy3FPttXo4t1GRuf_dFsP5GtDs/xUmT-G5WqZoSZhfnF3ntiFYjDXq6mGKYqZahktyPVWk),,
Batch 840 - SVC Cows,68908,"October 21, 2024","October 21, 2024","December 23, 2024",,,-511,SVC Cows,130,0,130,1_PDFsam_SKM_28724102909240.pdf (https://v5.airtableusercontent.com/v3/u/53/53/1779120000000/TsRSi6gLQuJqkbYPaMdVBg/v7QcRtMwRmlepFnE4eLK8zF6blDmeIlpp1bt9b4v7eFE1SXtiw5sPumXqDJVpKIyrum_JZpbeQdYS_EB7ztdrLg_73N5UsDWPGWtsWaePnbW4HvTF-t3dEDatm3SUMfawTAI201fFXk0hKqsww8abaVu713qKjoE--6cN4b_Def2maiUc-1LQe5SyrsMVgE3/040mD2PpIqKyw4JM7z-LmBwYq7vKyfRm_lyBCHcsj2s),,R7313.9498,R950813.47,Processed & Paid,"51946,51946,51946,51946,51946,51946,51946,51946,51946,51946,51946,51946,51946,51946,51946,51946,51946,51946,51946,51946,51946,51946,51946,51946,51946,51946,51946,51946,51946,51946,51946,51946,51946,51946,51946,51946,51946,51946,51946,51946,51946,51946,51946,51946,51946,51946,51946,51946,51946,51946,51946,51946,51946,51946,51946,51946,51946,51946,51946,51946,51946,51946,51946,51946,51946,51946,51946,51946,51946,51946,51946,51946,51946,51946,51946,51946,51946,51946,51946,51946,51946,51946,51946,51946,51946,51946,51946,51946,51946,51946,51946,51946,51946,51946,51946,51946,51946,51946,51946,51946,51946,51946,51946,51946,51946,51946,51946,51946,51946,51946,51946,51946,51946,51946,51946,51946,51946,51946,51946,51946,51946,51946,51946,51946,51946,51946,51946,51946,51946,51946",R1056170.54,R8417.50,185,4/24/2025,130,R983313.47,R7563.9498,Sold,Invoice INV-0122-3.pdf (https://v5.airtableusercontent.com/v3/u/53/53/1779120000000/POb0j2DSKuypxTXPA2PaiA/XhUiGYjsi4Rc9-QIUyLeBi1_M3IhY5Hg_Xthm1Ocf9lG-h9T4rtAXu7-mvZsTU4it21riPC8o9wcT7jTXvUdpZMvgxtH1u0k2s19IaAz4Jk8UjJiYrMyEc4UqCdKNID0Qz-VB4LK6LpYzuMB0HVngoYP1vsdGf1_1k7K9pJEEPE/MG-MVuCprZe-vPhoLvK1i9_vo4g0WBo6qAlaMJsVd9U),3.42%,0,R0.00,SVC COWS.pdf (https://v5.airtableusercontent.com/v3/u/53/53/1779120000000/LzYWd1IF8y1YBRdSj193mQ/NKThMdoCKsblNcJg56IIjM1rHFy5v2vpXYeKJ_4sz_a8aFgpA72JhMBg6-FSL3erI_SJrxZ_pnLBtUsSqzxLeG_X1bADtEOeiQzLJCMzWhoA3U4_GIPDVAShm6kqWLFuEnN6thukUyYluWuDd8cfOtMfqgrZ1abYxvL2uHHBVTA/gUlDEyHgM74RC889BIV3lYb-XezxyoqEj5L48tF3r9E),,"Part payment of R954,000.00 made on 30/10/2024
"
Batch 841 - SVC Cows,68909,"October 21, 2024","October 21, 2024","December 23, 2024",,,-511,SVC Cows,130,0,130,3_PDFsam_SKM_28724102909240.pdf (https://v5.airtableusercontent.com/v3/u/53/53/1779120000000/U7XFZhv5J9SJuLEOY6oxPQ/GJjLZLmupyClzcu8ylWbMsoWKsSt6L27NLFM0I2P3-1649L3FRfKw-M1w0kzKm1tSF1AAZGq53a8-PCpxepCQZ4tReD8clWvuzGo9ej_nkio8xsMx7tK3PeePrsEq49P2QEHs4G69iRrETPFgPF5IyGuOTZlVy4UKwpTrARmUm0LltK3BcZnThKAD9uI88I2/Bu6wkPPNG2Ctu7HH-aL7jE5gFkoyjKrxAJBIdY-l8_U),,R7235.1302,R940566.92,Processed & Paid,"51947,51947,51947,51947,51947,51947,51947,51947,51947,51947,51947,51947,51947,51947,51947,51947,51947,51947,51947,51947,51947,51947,51947,51947,51947,51947,51947,51947,51947,51947,51947,51947,51947,51947,51947,51947,51947,51947,51947,51947,51947,51947,51947,51947,51947,51947,51947,51947,51947,51947,51947,51947,51947,51947,51947,51947,51947,51947,51947,51947,51947,51947,51947,51947,51947,51947,51947,51947,51947,51947,51947,51947,51947,51947,51947,51947,51947,51947,51947,51947,51947,51947,51947,51947,51947,51947,51947,51947,51947,51947,51947,51947,51947,51947,51947,51947,51947,51947,51947,51947,51947,51947,51947,51947,51947,51947,51947,51947,51947,51947,51947,51947,51947,51947,51947,51947,51947,51947,51947,51947,51947,51947,51947,51947,51947,51947,51947,51947,51947,51947",R1044788.59,R8417.50,185,4/24/2025,130,R973066.92,R7485.1302,Sold,Invoice INV-0122-3.pdf (https://v5.airtableusercontent.com/v3/u/53/53/1779120000000/POb0j2DSKuypxTXPA2PaiA/XhUiGYjsi4Rc9-QIUyLeBi1_M3IhY5Hg_Xthm1Ocf9lG-h9T4rtAXu7-mvZsTU4it21riPC8o9wcT7jTXvUdpZMvgxtH1u0k2s19IaAz4Jk8UjJiYrMyEc4UqCdKNID0Qz-VB4LK6LpYzuMB0HVngoYP1vsdGf1_1k7K9pJEEPE/MG-MVuCprZe-vPhoLvK1i9_vo4g0WBo6qAlaMJsVd9U),3.46%,0,R0.00,SVC COWS.pdf (https://v5.airtableusercontent.com/v3/u/53/53/1779120000000/axl5yk9ekk9EO9fNaG4fng/bb_0WQoeISKK9ZuLXJ89wCSs4ilNVweftR-357-IRm5ecYj9jWUknK_p3i2QGiXyzdNWiwc9QZM9efFKF15CWZ9TV24qTS7-SmqB7kqKmvvmfTKhOsQ_UBK988PvI0vBkXdJWDNvFyXM6n6FZHS8IYaX975PAWx6mqw8dRG91Wk/lgXQQuLF6Uar_tUUTKiu1KFfxZOxjv_ZtlJieF9Phtg),,
Batch 843 - SVC Cows,69104,"November 6, 2024","November 6, 2024","January 8, 2025",,,-495,SVC Cows,0,0,0,"SKM_28724111114060.pdf (https://v5.airtableusercontent.com/v3/u/53/53/1779120000000/x1hO52_Tsr_7S6mMPJVCpA/EylRMlZJe2IHhVoJiLYC4tYJQAMLP82PL3j4UiFBpF3-M0XL_G_GUxfKo77dmJhCWYA4CwMmj4L_M76LiBzebP_Y4UvbgjzmfXRkvE3b6AvNDfMzTYiphucC_K5zBi0n7ZiysjJ30qrnKeUcV9aFAcbSPAMdWjVkJRGnCo6fFQQ/gaLAEKgeHgmlehe7d9J4L85AhgVRbgUe6i48KQNNmTA),SKM_28724111213510.pdf (https://v5.airtableusercontent.com/v3/u/53/53/1779120000000/FDrCczD-TPjuFtfyivgOxA/_zvv0-kJFWfXxtirbIvNFEWFKX7kYfpxhgcbIMj7EMcghfm5go7NNklJOBo1YKawGy1bm0UEpbBQlEOZglLEKiHcyvJPW2d8XvYFGau0pJw32CcDd8xbVG6LZHoyWB5lahA3jVJ-OvohTPiTKVEdkI8XREbU1Sadvum5SHlNnW4/LWluhle56IL8JgSwWM87nb9c7vjulkSxJGx4Fb2iQuU)",,NaN,,,,NaN,NaN,NaN,,0,NaN,NaN,,,NaN,0,NaN,,,"CN001673 was issued on the full invoice and a new invoice will be issued: 69129
"
Batch 846 - SVC Cows,69129,"November 6, 2024","November 6, 2024","January 8, 2025",,,-495,SVC Cows,101,1,100,SKM_28724111308580.pdf (https://v5.airtableusercontent.com/v3/u/53/53/1779120000000/RwrRiR6ZyqGFcl-eLK4f1g/BvinWL5oRMTDEmGSoWM3oMbbek7zzJ-PxtZr9RHKMexrARpES1DFb_8-o_GRsroxbAvqEDe9tF9_ub2_8Gg8w-L7tUN64DYXnFTDFtoyx91D_htZvP7fy3NPu74NrNWmSD9HjVDk8_NOAUpv138LSNy25bXpkBOK0Q0mr-gkCk0/P4-xLPjmr35rdZFdofZts0T4FVhxwZGTzYm7Gj7Vz9o),,R7301.1622,R737417.38,Processed & Paid,"51974,51974,51974,51974,51974,51974,51974,51974,51974,51974,51974,51974,51974,51974,51974,51974,51974,51974,51974,51974,51974,51974,51974,51974,51974,51974,51974,51974,51974,51974,51974,51974,51974,51974,51974,51974,51974,51974,51974,51974,51974,51974,51974,51974,51974,51974,51974,51974,51974,51974,51974,51974,51974,51974,51974,51974,51974,51974,51974,51974,51974,51974,51974,51974,51974,51974,51974,51974,51974,51974,51974,51974,51974,51974,51974,51974,51974,51974,51974,51974,51974,51974,51974,51974,51974,51974,51974,51974,51974,51974,51974,51974,51974,51974,51974,51974,51974,51974,51974,51974,51974",R812061.69,R5974.15,169,4/24/2025,101,R762667.38,R7551.1622,Sold,Invoice INV-0122-3.pdf (https://v5.airtableusercontent.com/v3/u/53/53/1779120000000/POb0j2DSKuypxTXPA2PaiA/XhUiGYjsi4Rc9-QIUyLeBi1_M3IhY5Hg_Xthm1Ocf9lG-h9T4rtAXu7-mvZsTU4it21riPC8o9wcT7jTXvUdpZMvgxtH1u0k2s19IaAz4Jk8UjJiYrMyEc4UqCdKNID0Qz-VB4LK6LpYzuMB0HVngoYP1vsdGf1_1k7K9pJEEPE/MG-MVuCprZe-vPhoLvK1i9_vo4g0WBo6qAlaMJsVd9U),3.42%,0,R0.00,SVC COWS.pdf (https://v5.airtableusercontent.com/v3/u/53/53/1779120000000/Ewlph0V7oEc1us73-HxLyA/ncJ1WphBIbeOoe3LUb2rm32ZGa-HEdiVxN-b-SYX6RbGwk3OhlnzSjCQOLxybhxS6dzJSGTcI75RTeKMzZ46Rq5-p6cbc0Nj9QqPvfewvE77Xyt9GCJpC9VrnO1YHXmxymL-r4ZxPQG4y2lCEREai0f1bG_ri5VUYFrHzryRWps/RrLcoK_8OOYB94XKfxGJUFnNNogzvHaP6t9E9Lh9oWU),,
Batch 842 - SVC Cows,69100,"November 7, 2024","November 7, 2024","January 9, 2025",,,-494,SVC Cows,105,0,105,SKM_28724111111260.pdf (https://v5.airtableusercontent.com/v3/u/53/53/1779120000000/21uh2CZJE8kbUn6KLyKWwQ/goPtgcJgfhEC6t3r6bLuWjI_D4Zo615DInQicuNu5oYz5WYJanA2E7mCByFcltf5XpZ3drgwtZTMeTlRikxlY5-JUeLeU95rlNiBxCKw09Y_amfWutC4VFC4Xd6pdVynmu1UvPUPFGQ8VA2AwKAxlms9WOCsaHtJo6foHCJUf4w/cRfx_kw9nIAvZHRsCq0uTQ9d-lcpc_wygePn5Trpbos),,R7758.2771,R814619.10,Processed & Paid,"52132,52132,52132,52132,52132,52132,52132,52132,52132,52132,52132,52132,52132,52132,52132,52132,52132,52132,52132,52132,52132,52132,52132,52132,52132,52132,52132,52132,52132,52132,52132,52132,52132,52132,52132,52132,52132,52132,52132,52132,52132,52132,52132,52132,52132,52132,52132,52132,52132,52132,52132,52132,52132,52132,52132,52132,52132,52132,52132,52132,52132,52132,52132,52132,52132,52132,52132,52132,52132,52132,52132,52132,52132,52132,52132,52132,52132,52132,52132,52132,52132,52132,52132,52132,52132,52132,52132,52132,52132,52132,52132,52132,52132,52132,52132,52132,52132,52132,52132,52132,52132,52132,52132,52132,52132",R896590.15,R3057.60,168,4/24/2025,52,R416430.41,R8008.2771,Part Sold,Invoice INV-0122-3.pdf (https://v5.airtableusercontent.com/v3/u/53/53/1779120000000/POb0j2DSKuypxTXPA2PaiA/XhUiGYjsi4Rc9-QIUyLeBi1_M3IhY5Hg_Xthm1Ocf9lG-h9T4rtAXu7-mvZsTU4it21riPC8o9wcT7jTXvUdpZMvgxtH1u0k2s19IaAz4Jk8UjJiYrMyEc4UqCdKNID0Qz-VB4LK6LpYzuMB0HVngoYP1vsdGf1_1k7K9pJEEPE/MG-MVuCprZe-vPhoLvK1i9_vo4g0WBo6qAlaMJsVd9U),-48.88%,53,R424438.69,SVC COWS.pdf (https://v5.airtableusercontent.com/v3/u/53/53/1779120000000/Tk9B3PAAQhrVEKrJ1Toppg/BX3m4jLAHZgCpg_cWxEKJ18bxbzoBVoydTp7gd7erUCPKIGYZ0ON3NdIyL8vrsh9ECsLguDcxposW7NVORfx6DDUR50cLpGCVYyxTF74zbiJruMin0gsGZnMEhDyOd0ru2fMNWlvg8aOPZEX2s8KkZq1AQ4Nt13XZ5UfkikaBjM/xFQAbYtQZf22KOJiOUVpmTWuFPbAlXtTPUmkVReq7jY),,
Batch 845 - SVC Cows,69101,"November 7, 2024","November 7, 2024","January 9, 2025",,,-494,SVC Cows,28,0,28,SKM_28724111111350.pdf (https://v5.airtableusercontent.com/v3/u/53/53/1779120000000/8qyxBxS8KWCnuaMYBk28zQ/gf9m3g0yq-VbKwSGW6b6jFiRwKd9KUZdtOQKSn15Mqkc1ZaZWEv_gFYyO0-tNxdO_50U-8I0AOeeJT2j-I8xQEMDRx6kXD7FNTUhW2lYHyicCuPzJJpMMeFNrA1k_auFgbo9XAvZyht9emfTOaq6RVy831LVtgZvKs3E0oA2vzs/0TpS-YcptNXbUgvVr8QaN-jg7dOqeKihk-jTZb6Pklc),,R8181.4286,R229080.00,Processed & Paid,"52133,52133,52133,52133,52133,52133,52133,52133,52133,52133,52133,52133,52133,52133,52138,52138,52138,52138,52138,52138,52138,52138,52138,52138,52138,52138,52138,52138",NaN,NaN,NaN,,0,R0.00,NaN,,,-100.00%,28,R236080.00,,,
Batch 844 - SVC Cows,69111,"November 8, 2024","November 8, 2024","January 10, 2025",,,-493,SVC Cows,90,0,90,SKM_28724111114550.pdf (https://v5.airtableusercontent.com/v3/u/53/53/1779120000000/o4I_7vEyxPsIPEqdQZqOiw/HKkWIqMDjGOq105VAO7YSwK-R_nKBcFgXF99r-kaSm-abtFnay2flr7BeRLlakO-0f96sSLIz16gG0Nck_iVFotHcZP0Bb3MfiU0u1VBysgeIQKQZiPvTDJonMntwkV5J-oyOgWl-gD1IF8HJn6sUieNvnBpeYfCinCPs5mNJyM/_5cG7dNELNHzVlc8HAWKLkN6CpsMldfu-kw5Is5QTiU),,R7908.7820,R711790.38,Processed & Paid,"52141,52141,52141,52141,52141,52141,52141,52141,52141,52141,52141,52141,52141,52141,52141,52141,52141,52141,52141,52141,52141,52141,52141,52141,52141,52141,52141,52141,52141,52141,52141,52141,52141,52141,52141,52141,52141,52141,52141,52141,52141,52141,52141,52141,52141,52141,52141,52141,52141,52141,52141,52141,52141,52141,52141,52141,52141,52141,52141,52141,52141,52141,52141,52141,52141,52141,52141,52141,52141,52141,52141,52141,52141,52141,52141,52141,52141,52141,52141,52141,52141,52141,52141,52141,52141,52141,52141,52141,52141,52141",NaN,NaN,NaN,,0,R0.00,NaN,,,-100.00%,90,R734290.38,,,
Batch 847 - SVC Cows,69130,"November 9, 2024","November 9, 2024","January 11, 2025",,,-492,SVC Cows,120,0,120,SKM_28724111309380.pdf (https://v5.airtableusercontent.com/v3/u/53/53/1779120000000/ijSBtwr_o5cQTWseGyI3hw/oIdgPbla0ibUUM4QIAQ85lkg5WYmKriPMtBvlRgbaeccmuFXCjp3MUUQA_5ZSUDgUZY4EYv0vLBbgH4fjquMzGHK6I7eGWrmOOT7xBDmbTJ5WqKC8sHzc0cnuQDe-FPNJEbcSBkHksgEPA4g7S5uIwGBVCYqXtyvWKp7Air_s4k/kEf2B1tNfBwlguj54mfeIZqFSQPbmKTNweo19txQodM),,R7290.3184,R874838.21,Processed & Paid,"51979,51979,51979,51979,51979,51979,51979,51979,51979,51979,51979,51979,51979,51979,51979,51979,51979,51979,51979,51979,51979,51979,51979,51979,51979,51979,51979,51979,51979,51979,51979,51979,51979,51979,51979,51979,51979,51979,51979,51979,51979,51979,51979,51979,51979,51979,51979,51979,51979,51979,51979,51979,51979,51979,51979,51979,51979,51979,51979,51979,51979,51979,51979,51979,51979,51979,51979,51979,51979,51979,51979,51979,51979,51979,51979,51979,51979,51979,51979,51979,51979,51979,51979,51979,51979,51979,51979,51979,51979,51979,51979,51979,51979,51979,51979,51979,51979,51979,51979,51979,51979,51979,51979,51979,51979,51979,51979,51979,51979,51979,51979,51979,51979,51979,51979,51979,51979,51979,51979,51979",NaN,NaN,NaN,,0,R0.00,NaN,,,-100.00%,120,R904838.21,,,
Batch 848 - SVC Cows,69160,"November 12, 2024","November 12, 2024","January 14, 2025",,,-489,SVC Cows,107,3,104,SKM_28724111511020.pdf (https://v5.airtableusercontent.com/v3/u/53/53/1779120000000/9a9QuaMoQlTBHwoLTAq0PA/xmHE-PlYR_I8rVKLpQ_itaudC3CylkYVVstqDl6pXy_HLIIcSV1ZvOv-jCd7a79LcK29pLmgqov3QVNw-9buPcgrDio3BwcI8hNtK8_X9REsGBmJNbV6pIYIFl1n7Vbay8IyxOD5Kjey8Q2RuX40fcpOJcQrjRQHXOR48MWU3XU/K8pWOlE-h-tfaWRdj3r3xYp2Y7HKriywh6UbW5A9qVQ),,R7851.6045,R840121.68,Processed & Paid,"52152,52152,52152,52152,52152,52152,52152,52152,52152,52152,52152,52152,52152,52152,52152,52152,52152,52152,52152,52152,52152,52152,52152,52152,52152,52152,52152,52152,52152,52152,52152,52152,52152,52152,52152,52152,52152,52152,52152,52152,52152,52152,52152,52152,52152,52152,52152,52152,52152,52152,52152,52152,52152,52152,52152,52152,52152,52152,52152,52152,52152,52152,52152,52152,52152,52152,52152,52152,52152,52152,52152,52152,52152,52152,52152,52152,52152,52152,52152,52152,52152,52152,52152,52152,52152,52152,52152,52152,52152,52152,52152,52152,52152,52152,52152,52152,52152,52152,52152,52152,52152,52152,52152,52152,52152,52152,52152",NaN,NaN,NaN,,0,R0.00,NaN,,,-100.00%,107,R866871.68,,,
Batch 849 - SVC Cows,69162,"November 14, 2024","November 14, 2024","January 16, 2025",,,-487,SVC Cows,105,2,103,SKM_28724111511090.pdf (https://v5.airtableusercontent.com/v3/u/53/53/1779120000000/LdHPDZSOgvcEiA7WlssNcA/QiAz96cunJfXSvUSSqQVpKc_-t0QlA_exNTPwD4tXiQW9zQxYH58kkxlzHcLIMKoZ8C-NvI8kCXEZLLMAsGfOVw_h9l3U1CAwuwRids7WHMTmYsGveCBvDYUrUmk2OSn0xEvZ3MeZqgNPs4wGHOErXQhMlTJ12ffEQIjlWoCt6E/KdshGjiCn2Qt62h_BwvNWOkqfaLbab-Z6_iE6ozLZfk),,R7048.4425,R740086.46,Processed & Paid,"52157,52157,52157,52157,52157,52157,52157,52157,52157,52157,52157,52157,52157,52157,52157,52157,52157,52157,52157,52157,52157,52157,52157,52157,52157,52157,52157,52157,52157,52157,52157,52157,52157,52157,52157,52157,52157,52157,52157,52157,52157,52157,52157,52157,52157,52157,52157,52157,52157,52157,52157,52157,52157,52157,52157,52157,52157,52157,52157,52157,52157,52157,52157,52157,52157,52157,52157,52157,52157,52157,52157,52157,52157,52157,52157,52157,52157,52157,52157,52157,52157,52157,52157,52157,52157,52157,52157,52157,52157,52157,52157,52157,52157,52157,52157,52157,52157,52157,52157,52157,52157,52157,52157,52157,52157",NaN,NaN,NaN,,0,R0.00,NaN,,,-100.00%,105,R766336.46,,,
Batch 850 - SVC Cows,69176,"November 16, 2024","November 16, 2024","January 18, 2025",,,-485,SVC Cows,125,3,122,SKM_28724111913570.pdf (https://v5.airtableusercontent.com/v3/u/53/53/1779120000000/BftA-BxO2ugbURJXsRXVvA/qdeikbg9hr9JW8xOAAJuk7s51c0xr_EHFh1CCuMvW11HFIdZ2lDamAQM1NkPUmJGe9DDUL-bneaKVb13_6Y4gQ1I_08TaprLs7ETQ1h06agY4qqjw-X6aAGJtjHrefmHV3NiTMEiKgnvXI07ok-VZGiMM1uDD9VtbXKlwqahpBc/SEQfeJ9wafToz644FC5F4DQPTd3JSSlzalauorU7Qd0),,R8206.3824,R1025797.80,Processed & Paid,"52163,52163,52163,52163,52163,52163,52163,52163,52163,52163,52163,52163,52163,52163,52163,52163,52163,52163,52163,52163,52163,52163,52163,52163,52163,52163,52163,52163,52163,52163,52163,52163,52163,52163,52163,52163,52163,52163,52163,52163,52163,52163,52163,52163,52163,52163,52163,52163,52163,52163,52163,52163,52163,52163,52163,52163,52163,52163,52163,52163,52163,52163,52163,52163,52163,52163,52163,52163,52163,52163,52163,52163,52163,52163,52163,52163,52163,52163,52163,52163,52163,52163,52163,52163,52163,52163,52163,52163,52163,52163,52163,52163,52163,52163,52163,52163,52163,52163,52163,52163,52163,52163,52163,52163,52163,52163,52163,52163,52163,52163,52163,52163,52163,52163,52163,52163,52163,52163,52163,52163,52163,52163,52163,52163,52163",NaN,NaN,NaN,,0,R0.00,NaN,,,-100.00%,125,R1057047.80,,,
Batch 852 - SVC Cows,69208,"November 19, 2024","November 19, 2024","January 21, 2025",,,-482,SVC Cows,94,0,94,SKM_28724112112100.pdf (https://v5.airtableusercontent.com/v3/u/53/53/1779120000000/VrILBY7oGC6V1t7MzgkF2A/d49X6T5G-5OJm22KrcgqaL4OC2HW06sgWDRTUYx71KQD6G7yXskptRVBQnsA3hhRx9R8L2ciJx5zCbfug-aIx0YVfGaDl3x1uJoSUTFBLCf-msWFjUO25uES3RI7r6DnKgRQbDpSFksvqaV8O31_C6YVseJlYYIO-vN6ILGm3A0/DeWC0biBIG2NeB7y-tGAasL84-b6R761aa9ekj3gjMc),,R9045.3559,R850263.45,Processed & Paid,"52164 A,52164 A,52164 A,52164 A,52164 A,52164 A,52164 A,52164 A,52164 A,52164 A,52164 A,52164 A,52164 A,52164 A,52164 A,52164 A,52164 A,52164 A,52164 A,52164 A,52164 A,52164 A,52164 A,52164 A,52164 A,52164 A,52164 A,52164 A,52164 A,52164 A,52164 A,52164 A,52164 A,52164 A,52164 A,52164 A,52164 A,52164 A,52164 A,52164 A,52164 A,52164 A,52164 A,52164 A,52164 A,52164 A,52164 A,52164 A,52164 A,52164 A,52164 A,52164 A,52164 A,52164 A,52164 A,52164 A,52164 A,52164 A,52164 A,52164 A,52164 A,52164 A,52164 A,52164 A,52164 A,52164 A,52164 A,52164 A,52164 A,52164 A,52164 A,52164 A,52164 A,52164 A,52164 A,52164 A,52164 A,52164 A,52164 A,52164 A,52164 A,52164 B,52164 B,52164 B,52164 B,52164 B,52164 B,52164 B,52164 B,52164 B,52164 B,52164 B,52164 B,52164 B",R911376.14,R546.00,120,3/19/2025,13,R120839.63,R9295.3559,Part Sold,Invoice INV-0117.pdf (https://v5.airtableusercontent.com/v3/u/53/53/1779120000000/iDw9LmvNHviA3yTV0lxaXg/hr-NnV0Ec6xZUQog5DGUCP1D9AaFGFrTgsueq0WT2UjElvYmuxl3ukSn0K-lEHRqLBReATq0sUD9ligw-PnO-Z_Sy2ad5EvGCxcZ1GrRPofmx02iNEah2rbpzz8bPXdoX2O9X_W3-S2feRF0Dw-bxaHXmVLBW-qhfwg_6DI4Lq4/sOXTs2AOAl653bRu1HuGnbFFCpjn8kHzZoN2shaKt-c),-85.79%,81,R752923.82,"SVC COWS ADDITIONAL CALCULATION.pdf (https://v5.airtableusercontent.com/v3/u/53/53/1779120000000/6IPHuvf83JrNNyYB2l_Dgg/puU43R9xhrfuAdN_un5YoeCmwtld3eXai5S0QPVAMPDfLRIZv3o2K-g8deIvxPls63etVZltUX0G3UGVP2Je2ZSH3uHInjdpr8ao-7DGaop8VXRgHYFFpiJi0Pf8HwVJ4av6GNCQbL9zZwejB4Cu02fYv6g8VFoB-q4uFUirhU-U6fNqNMEK6b8squhddE5o/WY7Pf--7vnnHrqMukZHoI_yOTWczP0ngt25Rasq5b8w),SVC COWS-6.pdf (https://v5.airtableusercontent.com/v3/u/53/53/1779120000000/na1cbOn_Ttr6hlQ-U4Ao6g/snY8PBckJPZ4goV6eIPMDVyN92NZRW4mo5qySiCXR2-wfN3K1GZdQZe6gMiurxBWQfHLaR6hgS81CVn4sHY3gff_q26aQOLyg4tHql_foJROxUSgm7x_x6AxIlNdt1uJ_zW1Y9TvtZI1yw_ESEVOf14rPZ4Mk4RtCbJ-ZCM7Az0/zzw34Ke3VUjvGjQH4trgdv1qrblwq9B1WFUrw4Y0BGU)",,
Batch 851 - SVC Cows,69209,"November 20, 2024","November 20, 2024","January 22, 2025",,,-481,SVC Cows,99,1,98,SKM_28724112112150.pdf (https://v5.airtableusercontent.com/v3/u/53/53/1779120000000/FHDAk08KRAySJppgPpSEXQ/bH9yK9VLZvbq7d_4epdbm2C8ZDBkPzR_hlEv1C99j9CjJ_YvYuF_AXA6eT96XvW2ih6x-usUeABbCqw8_RqP2jM2r7I_rudhiaWQmMNKuDBRDM3eyKlcKuPjx37cNG6q9CZvJ4YmbGnrgPCJ2YFJy1RkvwjeYfRO0sFnETshraQ/hHENHxp72B_TH_Oy-UrghoVnuGBKRn3LEINpCH3Ptq0),,R7998.4098,R791842.57,Processed & Paid,"52166,52166,52166,52166,52166,52166,52166,52166,52166,52166,52166,52166,52166,52166,52166,52166,52166,52166,52166,52166,52166,52166,52166,52166,52166,52166,52166,52166,52166,52166,52166,52166,52166,52166,52166,52166,52166,52166,52166,52166,52166,52166,52166,52166,52166,52166,52166,52166,52166,52166,52166,52166,52166,52166,52166,52166,52166,52166,52166,52166,52166,52166,52166,52166,52166,52166,52166,52166,52166,52166,52166,52166,52166,52166,52166,52166,52166,52166,52166,52166,52166,52166,52166,52166,52166,52166,52166,52166,52166,52166,52166,52166,52166,52166,52166,52166,52166,52166,52166",NaN,NaN,NaN,,0,R0.00,NaN,,,-100.00%,99,R816592.57,,,
Batch 855 - SVC Cows,69284,"November 21, 2024","November 21, 2024","January 23, 2025",,,-480,SVC Cows,132,0,132,SKM_28724112811110.pdf (https://v5.airtableusercontent.com/v3/u/53/53/1779120000000/3pAV30bW49j0hgO7YAwzjQ/dbQvn5NsrOSzOvT2Jqtxa4Wx-tvBxaTeQpy-P4aUBBFZTfUeA4syoeq6fZdPVDipoKEoUOU-xX3Z3UG_pI82K4nip4ce0G44X5v3tQQZ8tLm1cxboIy5S0Q-iWECruAjuVflNlkai91cMYz293v5N88nIph0NmSmXEl3lZR05cg/K6HLISg0-0YwDkLQeMUTU2G5gF81wyjPuNXZLu-8YtM),,R8121.7652,R1072073.00,Processed & Paid,"51991,51991,51991,51991,51991,51991,51991,51991,51991,51991,51991,51991,51991,51991,51991,51991,51991,51991,51991,51991,51991,51991,51991,51991,51991,51991,51991,51991,51991,51991,51991,51991,51991,51991,51991,51991,51991,51991,51991,51991,51991,51991,51991,51991,51991,51991,51991,51991,51991,51991,51991,51991,51991,51991,51991,51991,51991,51991,51991,51991,51991,51991,51991,51991,51991,51991,51991,51991,51991,51991,51991,51991,51991,51991,51991,51991,51991,51991,51991,51991,51991,51991,51991,51991,51991,51991,51991,51991,51991,51991,51991,51991,51991,51991,51991,51991,51991,51991,51991,51991,51991,51991,51991,51991,51991,51991,51991,51991,51991,51991,51991,51991,51991,51991,51991,51991,51991,51991,51991,51991,51991,51991,51991,51991,51991,51991,51991,51991,51991,51991,51991,51991",NaN,NaN,NaN,,0,R0.00,NaN,,,-100.00%,132,R1105073.00,,,
Batch 853 - SVC Cows,69256,"November 22, 2024","November 22, 2024","January 24, 2025",,,-479,SVC Cows,89,1,88,SKM_28724112515300.pdf (https://v5.airtableusercontent.com/v3/u/53/53/1779120000000/EqgcNucF3DxCubSq_oZb7A/2VlgbdJVKaPdh48eQ0sGWUaFtenFaUWOceLUSmdQ8KqVxsXHQwGrAzhW4Hb7P9nfVPLy1Aah1eRgCyBo9qHs4VBvxuWrW13wOOz8w7_Hhx7TmRzQxa-SnSpB1hjmuVLznz0U46sCyiPctYa-LAcuPWD-Pwf1vpGeTnGu1wKfsvM/pSYJouwonDX24NqHHzDpb-eWNCjO6yftZ_hsyDKTKhk),,R8629.1400,R767993.46,Processed & Paid,"52173,52173,52173,52173,52173,52173,52173,52173,52173,52173,52173,52173,52173,52173,52173,52173,52173,52173,52173,52173,52173,52173,52173,52173,52173,52173,52173,52173,52173,52173,52173,52173,52173,52173,52173,52173,52173,52173,52173,52173,52173,52173,52173,52173,52173,52173,52173,52173,52173,52173,52173,52173,52173,52173,52173,52173,52173,52173,52173,52173,52173,52173,52173,52173,52173,52173,52173,52173,52173,52173,52173,52173,52173,52173,52173,52173,52173,52173,52173,52173,52173,52173,52173,52173,52173,52173,52173,52173,52173",NaN,NaN,NaN,,0,R0.00,NaN,,,-100.00%,89,R790243.46,,,
Batch 856 - SVC Cows,69275,"November 26, 2024","November 26, 2024","January 28, 2025",,,-475,SVC Cows,200,1,199,SKM_28724112714340.pdf (https://v5.airtableusercontent.com/v3/u/53/53/1779120000000/Bx1-9AqjEhCLH9VrYeyOKw/paN9aCkw5_22EkoNrnzEjV9MLY3zlFozk3fFOpdbs2YV7kSJrAuUMG_iBX_Ll9zudfLGiaavofqBOkRJvfNU5NhPfLuZ8tkyuOLbW548eU_R8JQPVEWEbMXIKysq9RJL0sJeD7Qp7nB6cZxCJs-LHBCNAUnIzMMqM7JNacPt5zU/k7dpfqCzY2jinlpLNgOKDGxaL1flreJ1se57RMXGR5w),,R7454.4367,R1490887.34,Processed & Paid,"52176,52176,52176,52176,52176,52176,52176,52176,52176,52176,52176,52176,52176,52176,52176,52176,52176,52176,52176,52176,52176,52176,52176,52176,52176,52176,52176,52176,52176,52176,52176,52176,52176,52176,52176,52176,52176,52176,52176,52176,52176,52176,52176,52176,52176,52176,52176,52176,52176,52176,52176,52176,52176,52176,52176,52176,52176,52176,52176,52176,52176,52176,52176,52176,52176,52176,52176,52176,52176,52176,52176,52176,52176,52176,52176,52176,52176,52176,52176,52176,52176,52176,52176,52176,52176,52176,52176,52176,52176,52176,52176,52176,52176,52176,52176,52176,52176,52176,52176,52176,52176,52176,52177,52177,52177,52177,52177,52177,52177,52177,52177,52177,52177,52177,52177,52177,52177,52177,52177,52177,52177,52177,52177,52177,52177,52177,52177,52177,52177,52177,52177,52177,52177,52177,52177,52177,52177,52177,52177,52177,52177,52177,52177,52177,52177,52177,52177,52177,52177,52177,52177,52177,52177,52177,52177,52177,52177,52177,52177,52177,52177,52177,52177,52177,52177,52177,52177,52177,52177,52177,52177,52177,52177,52177,52177,52177,52177,52177,52177,52177,52177,52177,52177,52177,52177,52177,52177,52177,52177,52177,52177,52177,52177,52177,52177,52177,52177,52177,52177,52177",NaN,NaN,NaN,,0,R0.00,NaN,,,-100.00%,200,R1540887.34,,,
Batch 857 - AgriFund Dios,69311,"November 26, 2024","November 26, 2024","January 28, 2025",,,-475,AgriFund Dios,140,2,138,SKM_28724120213400.pdf (https://v5.airtableusercontent.com/v3/u/53/53/1779120000000/tc9mbCKKdzXAtwAL8szJpw/Nm4c4fwaMziUtNqXnbYyMCV-zMQMMbskvjo1MbBsrkd7QVHNwc448ByFOC2CrdUeaEhkW_7732-xEdauQy4kQoAUVIlT--0BNmlzzIjJtSvBMdOkLnjBuf5b3CRqrz7FZsPekN2dPu-FB6GaglrU8ZRDG8HkkwWz9BYt55B4WbI/t_KflnO8K0qJ3oSpM41a1foDcQjB8XFbEW_J4ZOTUsM),"Payment Confirmation-61.pdf (https://v5.airtableusercontent.com/v3/u/53/53/1779120000000/1Q94WdAMFJpIsn3IPS835g/XS44MMvxe6yOjpl6gqfAOz3SxUGxkb0jsxaiTMmbJHt5CXuwP_gwbIGnHmti5uvVSGRAXo_4NtTJoYrvn2XG9gUtUgY87uMIJSqxaIrCQGeRZNrOmTgVuKBu-42tLgidFkIKeZHBv3FBzf2YJdKFwhX1MPSj0s1l7UeESRrPnzwOZRnngRDCaAOjYn-Mmht3/rGQxNEjcISBkkw-Gybsoql98_h_4w6EyN5bnW6aY90k),Payment Confirmation-62.pdf (https://v5.airtableusercontent.com/v3/u/53/53/1779120000000/DUUWyrgkiTxY0uYZkoxZ_Q/lL1J0u1RazAD86Lfj3q-BabOMVGVtrGw_fjG3Vz8fRKsEov22jufMzm8LQiOto05wAc2Vvd9bJZHLLaTWyUF3Jrg5dC9dJodgjCB2qqVMYghbdxYwwLXO7OJB1gj0nP1UuDotX4SBQSYsB2IUiy9sBmhhgCBLji1B2EtmbyLmIE8QCb1OrowSoD7y3FFFhk8/3esOOXKUXHxsz1IjIwtJLQBHrJL9yWdNMagkPULdqi4)",R6920.9219,R968929.07,Processed & Paid,"51992,51992,51992,51992,51992,51992,51992,51992,51992,51992,51992,51992,51992,51992,51992,51992,51992,51992,51992,51992,51992,51992,51992,51992,51992,51992,51992,51992,51992,51992,51992,51992,51992,51992,51992,51992,51992,51992,51992,51992,51992,51992,51992,51992,51992,51992,51992,51992,51992,51992,51992,51992,51992,51992,51992,51992,51992,51992,51992,51992,51992,51992,51992,51992,51992,51992,51992,51992,51992,51992,51992,51992,51992,51992,51992,51992,51992,51992,51992,51992,51992,51992,51992,51992,51992,51992,51992,51992,51992,51992,51992,51992,51992,51992,51992,51992,51992,51992,51992,51992,51992,51992,51992,51992,51992,51992,51992,51992,51992,51992,51992,51992,51992,51992,51992,51992,51992,51992,51992,51992,51992,51992,51992,51992,51992,51992,51992,51992,51992,51992,51992,51992,51992,51992,51992,51992,51992,51992,51992,51992",R1063373.51,R0.00,170,5/15/2025,140,R1003929.07,R7170.9219,Sold,Invoice INV-0054.pdf (https://v5.airtableusercontent.com/v3/u/53/53/1779120000000/5DcD7Hap44PbRBhIya8JXA/VXO487f3lWrPPV31EjXRkZgelUUkiwHDjkjrJk88a-3ylEXZVyBxvwbeYZ9hbg-_SkgAoLLFggoNeTPNEdZV4-3c1TIhiTrzgntzQ0ziwXWzLNn7PKpziqnGujmA1RrRG5ZWs1sqKklgc4_8LRuWJI449MkRU2CWtwNxW1SYNlQ/6DzTPDFhy91oGkYQsVSVWQQdkG8h9iD0o__j9ZyiMRY),3.61%,0,R0.00,,,
Batch 854 - SVC Cows,69271,"November 27, 2024","November 27, 2024","January 29, 2025",,,-474,SVC Cows,45,0,45,"SKM_28724112709250.pdf (https://v5.airtableusercontent.com/v3/u/53/53/1779120000000/WJXxwE_8znzEPIE_WDWSIQ/NqnS3N3zCnQICEne9WJ46Brg54b6UiTnlntyi0G5r2X5JQ8MqwLMgQXh30uYkHAbeoTLunWmK5UzMaIJXls_i01jYrWlOK2sRuhTTB3jEQBRzQScpxATl5aZnSSw7OgdAfdPYzK6crpSEuX95W3iXZ_UzdawfYZp2rkyY_jhJE0/GHO-KQ85j4Vcmlw6U-vU8yxGlC3YPkqfScx0kSpXMHw),SKM_28724121013450.pdf (https://v5.airtableusercontent.com/v3/u/53/53/1779120000000/W0Eg1BwcUvOskt8Z6odPQg/A_euAGehgqZm9dmUwsSVDG9cg9OaF9T_lXA_70UvJ-F4klGSGOaBn3WvhHxzFQi5uSis2h1aFI-IfovoabgJbNygpY2gdKrF0b58_6zt1nEU7Gsurw_NZlD_JY8ONysGEt54xBvEKTM3Ayi3LgCA2l17Er2gxKi938skCeHZr6Y/A77OXWYw7dPVZq5OqTemQvUPwg_g7uwQ4T9F-5YgWmA),SKM_28724121214420.pdf (https://v5.airtableusercontent.com/v3/u/53/53/1779120000000/WC99E7ZP_8Hf6LTYlYT2Ng/MObMBAyer7-Gv8cxn92LbKKzP8KM9z0Z6jEqPy0ZBuglIVqwzFbKwMNVZZWzo8D7Oqc-w_DcAgcRQrlrbXww8Dy_tVe390-3rkx9TgfZP4xdxWNHOuzrLeOO0A9c02J56xdQh9WOldif59uTxMYL22VSzZ_J47Jxjsyhwj6NuBU/cSKzzo1a3QokAMj4TdSd_eAlUpHkyT9JHI2Oz6c1_5A)",,R8492.0296,R382141.33,Processed & Paid,"52208 B,52208 B,52208 B,52208 B,52208 B,52208 B,52208 B,52208 B,52208 B,52208 B,52208 B,52208 B,52208 B,52208 B,52208 B,52208 B,52208 B,52208 B,52208 B,52208 B,52208 B,52208 B,52208 B,52208 B,52208 B,52208 B,52208 B,52208 B,52208 B,52208 B,52208 B,52208 B,52208 B,52208 B,52208 B,52208 B,52208 B,52208 B,52208 B,52208 B,52208 B,52208 B,52208 B,52208 B,52208 B",R409607.74,R1890.00,120,3/27/2025,45,R393391.33,R8742.0296,Sold,Invoice INV-0118-2.pdf (https://v5.airtableusercontent.com/v3/u/53/53/1779120000000/9j2fydRl6MD3zXYoTn-3tA/-ebGtrvAU2vx6hL6KyKIgda6nnKak9WgsQX6pzj05OLKFySb80WBwjlgQg6HvKVVK935tqoaegbOJ06zAMQvDwPdXZiU2HKfqAGCjqRW1m_rw64YTCwbSy7TtuY4JwvS0oIxfsbR2PClhcVZbbehhhjOGi5EzLSOiYKKMRndyJ0/KFAI1qT3hkm3F-zeuFMCr5DWFHOQP4Fgxe5uB9ahDro),2.94%,0,R0.00,SKM_28725033113260.pdf (https://v5.airtableusercontent.com/v3/u/53/53/1779120000000/7cU-MqexW2Z-eutrimXLZA/HcT4uXMgfmrkxrPs-EtOYZxYteJGF5Zd3xS_usb9OdXUwqTYCfK1RU2huilhz0cTKoVIV-advvhB-_yW-HNJpVjbWuhminUgh4MDiNESzcgcQVn7ydF9n4cZ1WrhB_x_4oJ2C5Oqhy8F07yUARifAYdc2HCOFO7NJ3tdpxUQpMg/jy4f8_9qCrDXJyYvtrWFS_T0NdWIxwQTIrzmncaAfeM),,"Additional transportation costs of R3548.75. Transport INV69438
 CN issued on 69438 on full R126006. New invoices issued for transportation, additional R 2391 (INV69490& 69491)

Calc confirmation: "
Batch 858 - SVC Cows,69291,"November 29, 2024","November 29, 2024","January 31, 2025",,,-472,SVC Cows,90,3,87,SKM_28724112910210.pdf (https://v5.airtableusercontent.com/v3/u/53/53/1779120000000/hBqRVHoVyWheapcXHfjifg/pfXqD3Omrc4SzOiLE5IRUlntEi9TBwxL26Jx3m-5MDZMgLVasE_Ros9Fnd6OpKITnsusiW8ByZT-DIsqu1HtCCGaOrNVfIjZ2kHVTjHTx-HuUoz1SB1Zt5Ut6o9sbU6-A5c354x3ss7eAM0NX06z89ZuFaeK5BGvSx3bEdOd1bg/j23CnjmsRZ01vkDXBdmu7b1X5HosKjyh_BbqGEedGDM),,R8438.7967,R759491.70,Processed & Paid,"52187,52187,52187,52187,52187,52187,52187,52187,52187,52187,52187,52187,52187,52187,52187,52187,52187,52187,52187,52187,52187,52187,52187,52187,52187,52187,52187,52187,52187,52187,52187,52187,52187,52187,52187,52187,52187,52187,52187,52187,52187,52187,52187,52187,52187,52187,52187,52187,52187,52187,52187,52187,52187,52187,52187,52187,52187,52187,52187,52187,52187,52187,52187,52187,52187,52187,52187,52187,52187,52187,52187,52187,52187,52187,52187,52187,52187,52187,52187,52187,52187,52187,52187,52187,52187,52187,52187,52187,52187,52187",NaN,NaN,NaN,,0,R0.00,NaN,,,-100.00%,90,R781991.70,,,
Batch 859 - SVC Cows,69292,"November 29, 2024","November 29, 2024","January 31, 2025",,,-472,SVC Cows,104,0,104,SKM_28724112910410.pdf (https://v5.airtableusercontent.com/v3/u/53/53/1779120000000/caxmr36s9qVEhLQUgX7mOg/jDjHXdsV_qG-GT5N9V4QDUaQ_qA7f3i1ttaPKrpF-vpHTab8--FZXZCJwcA6oJm9ye8Skh_SL7Cw0H-3_7u61wcSgiSg4PjKnFVXO5LyzO-K1fY6Wk3P8E71Qb_3qIkd7OoZLTPRn6Vksrk-_SZxUTQ0kcWJCWIBH-IGZKdr-do/pAIlvbtzRJnEAM9aorxHARSBP5GBJ8rX-qHGml2zBwc),,R7650.7312,R795676.04,Processed & Paid,"52188,52188,52188,52188,52188,52188,52188,52188,52188,52188,52188,52188,52188,52188,52188,52188,52188,52188,52188,52188,52188,52188,52188,52188,52188,52188,52188,52188,52188,52188,52188,52188,52188,52188,52188,52188,52188,52188,52188,52188,52188,52188,52188,52188,52188,52188,52188,52188,52188,52188,52188,52188,52188,52188,52188,52188,52188,52188,52188,52188,52188,52188,52188,52188,52188,52188,52188,52188,52188,52188,52188,52188,52188,52188,52188,52188,52188,52188,52188,52188,52188,52188,52188,52188,52188,52188,52188,52188,52188,52188,52188,52188,52188,52188,52188,52188,52188,52188,52188,52188,52188,52188,52188,52188",NaN,NaN,NaN,,0,R0.00,NaN,,,-100.00%,104,R821676.04,,,
Batch 860 - SVC Cows,69333,"November 29, 2024","November 29, 2024","January 31, 2025",,,-472,SVC Cows,0,0,0,"SKM_28724120310280.pdf (https://v5.airtableusercontent.com/v3/u/53/53/1779120000000/2mvi6D598LP0fiVkAyKrrg/E9MDlPL5xtjkWwWee6edXLE0yJ8o4nxk5hOc8Ss3RUoPRsfoyTHdfHLvFC3pdvuO8tT0fGoaZW9ZvopIRJj3KFRLU7GQUv_UbIPQMriHcS67CoFJtRGeclDAjzGsAvD7yE-W7ClB7wORZzG4JFN9e4FOYjSPh3wfZ0BxawdtxKY/H1lHSdzqJWDHdheIvd5_qZgM_NzZxbcWypfMdjeMQxo),1_PDFsam_SKM_28724120314100.pdf (https://v5.airtableusercontent.com/v3/u/53/53/1779120000000/eKYKdrX4tpbbRQSW2MaR9w/HYp2sD_lljWiQGu-nkuHqbChPgb6lklB8ausj31K9KNvmXt6vYhfCBj_sF819JBJa5FSq62ZrznOgJ7sXwdZtunxSDlMrSxUq7pTFszOI6dUCMSUrrjffnXCFwljT0UmVtSUaGZP4Z5OFe4IWpgl5FkgPXTOr2tER1HQtIZy97q6flzLGu-quKyskkyZ_LZE/fNbTdzbO9cRiG-p2JhtW5HyrpjwwqB1llTVoDICXECk)",,NaN,R0.00,Processed & Paid,,NaN,NaN,NaN,,0,NaN,NaN,,,NaN,0,NaN,,,"CN001677 issued on entire invoice

"
Batch 861 - SVC Cows,69346,"November 29, 2024","November 29, 2024","January 31, 2025",,,-472,SVC Cows,95,1,94,2_PDFsam_SKM_28724120314100.pdf (https://v5.airtableusercontent.com/v3/u/53/53/1779120000000/ur3CqUni5vPohc8NxMd1vg/aSrItta6KrPRTbdu5IL9Dy23bzqah13vhYdbf--xwMrZ_ZYkzN9Ai82cWOAz6ihxvxtz4rwrdx3FBoeJFj8fBzYhYWEAK3XHMWGfqLbDPmvjp5C6-QKzHmlOjAOHPjVWcboF_qzdjKqwfNA0WdOLR_2LkoqbcaFyDuZA5MyRtib0buraQqMv-uQPO4vIzcf-/fVfhej34SqVhS0L8ccFPBCMN2QqBGssaY0-ZGoPG_0s),,R9020.4066,R856938.63,Processed & Paid,"52191,52191,52191,52191,52191,52191,52191,52191,52191,52191,52191,52191,52191,52191,52191,52191,52191,52191,52191,52191,52191,52191,52191,52191,52191,52191,52191,52191,52191,52191,52191,52191,52191,52191,52191,52191,52191,52191,52191,52191,52191,52191,52191,52191,52191,52191,52191,52191,52191,52191,52191,52191,52191,52191,52191,52191,52191,52191,52191,52191,52191,52191,52191,52191,52191,52191,52191,52191,52191,52191,52191,52191,52191,52191,52191,52191,52191,52191,52191,52191,52191,52191,52191,52191,52192,52192,52192,52192,52192,52192,52192,52192,52192,52192,52192",NaN,NaN,NaN,,0,R0.00,NaN,,,-100.00%,95,R880688.63,,,
Batch 862 - AgriFund Dios,69361,"November 29, 2024","November 29, 2024","January 31, 2025",,,-472,AgriFund Dios,126,0,126,SKM_28724120315560.pdf (https://v5.airtableusercontent.com/v3/u/53/53/1779120000000/KYrOYHp3cRsAwsV0jfaHOg/Y0cfBjakqo442_E3IcgQ0cZvkQj-Apm1qC0m5Mzd_5LZR1srHANf9OU5qEKcYqeDYWd2xsTFL_FiqdloWsryrHp5aWxKbyuDIgBbo77rByVsMJj5bAVd31O9AUR-d1tJVW5DKI8JNFAyhO1RlKFfnwvRAYAWTu0h52ruQlCyScc/_MDyhOwhgJgkYtVR-FSBjUv8yQMWXOLR2g9k2QTjXX0),Payment Confirmation-60.pdf (https://v5.airtableusercontent.com/v3/u/53/53/1779120000000/6-mcDOe_Xw4f_JgnjNH9cA/aPbulCceMMKo5YbCyIfvo02tp8D-0q3kSUrUDAm1J_kwKd9ugxtaeRq6tilbGmdmVQzB5Nl1tZDYwZVUj16AKm39jHtrLfMUqRDl2nxxsQtSk827pi2OE0iTnJtkW4kj3Y-Psk4b-CMhTsNkQsH2NrOFaPM2AL9cdIC5QoI2Qu6qrOOyw0oHJwN5zmrxzOZ0/CfQ17HExTOuaL5rMf0JdZoRvbg1y55HkdETCmZ7_qaw),R6465.4793,R814650.39,Processed & Paid,"51993,51993,51993,51993,51993,51993,51993,51993,51993,51993,51993,51993,51993,51993,51993,51993,51993,51993,51993,51993,51993,51993,51993,51993,51993,51993,51993,51993,51993,51993,51993,51993,51993,51993,51993,51993,51993,51993,51993,51993,51993,51993,51993,51993,51993,51993,51993,51993,51993,51993,51993,51993,51993,51993,51993,51993,51993,51993,51993,51993,51993,51993,51993,51993,51993,51993,51993,51993,51993,51993,51993,51993,51993,51993,51993,51993,51993,51993,51993,51993,51993,51993,51993,51993,51993,51993,51993,51993,51993,51993,51993,51993,51993,51993,51993,51993,51993,51993,51993,51993,51993,51993,51993,51993,51993,51993,51993,51993,51993,51993,51993,51993,51993,51993,51993,51993,51993,51993,51993,51993,51993,51993,51993,51993,51993,51993",R907650.39,R0.00,186,6/3/2025,126,R846150.39,R6715.4793,Sold,"Invoice INV-0054.pdf (https://v5.airtableusercontent.com/v3/u/53/53/1779120000000/bj0WsojJ9DEGkbm-MUtOuw/TzLSbcibA8ZGc2mg7RELjH8EAFvg1rmt-89vqxtMk6MOxaDY5tttmrmDp9NCoH3B2BpVAJcuf3k-RpNtvwz8G53gQ_Pt3VtbqcnP3_D8ttGiVg8v-BGDgmbobfkliVxEHWwZbP_aAivzymGbZJ9id92BVVVmE9UkvB5vpU4z6wQ/tt0nbkUqgQAPnKF3e1kvUaM64mex17XvSZ-wzQ7-KJk),Invoice INV-0055.pdf (https://v5.airtableusercontent.com/v3/u/53/53/1779120000000/78vwGv3G1CT4Qg1E9T_49A/WTWqIG60l7sXgr73NtgJa-t8ykQwgfS-xsqghDWE9V4gXWX3YMp0SxjHBdNoT9lTF_N2OrWZGmUpQqI8z8JPk3w7h_PAbOkABVlHnGUcu-Qpb5nuIjKWnW8Uy8o10yJoQgJovF0R50m0WVHZPl0bZII5gnbIhUjWGMSE1VeUopM/HvwvO_DysyHiyLdKZ1juIvGUgzs0Z3OmoxciUsXMUvc)",3.87%,0,R0.00,"AGRIFUND DOS CALCULATION-2.pdf (https://v5.airtableusercontent.com/v3/u/53/53/1779120000000/QB2B2wXKoXXhv-Viyi3ZtQ/oPSoPghdOK69XL51sU8bB9B8Eeo2K6mJ4Drlt-l53YfMgR1pUQcBMWOpt_-P_TROgjvcwnyhkeqwpURaOH1tNImsdEh-UiKpg0IyioigfTgtnkf6OYbzJjguLGol6FqRYOQ2nWNIqzLMTo45FzAggMWopDMqoEIiGcfviVMEHdbwhta6tFcBVefj202UmL48/WxgNKJJCjhabH4qxr1ouSSDFwTmE9UMF3fX0XWQrMKc),AGRIFUND DOS.pdf (https://v5.airtableusercontent.com/v3/u/53/53/1779120000000/pEO6b338mnCjP9mE05JqGg/TdlXfXEwLI056-OEUaehn_jwpa1Q-C29jP7A8hVDCZxzh6OGj6Twi4RhdXMRDgu20ZIeTidSs38ohqYL4wdiLoPjNI6ovKmhOk1-MarTVkopecfU1hmc1Vv9X6V2OnRIuIq7ercmWgYI2loGurYR5V0TxMRYsdFcVSG5Oc6h5X0/QZI0E2eDwsfngwMwqM8GwqPHEoRg7DwmSuncsai0akQ)",,
Batch 863 - SVC Cows,69399,"December 3, 2024","December 3, 2024","February 4, 2025",,,-468,SVC Cows,100,0,100,SKM_28724120609510.pdf (https://v5.airtableusercontent.com/v3/u/53/53/1779120000000/ufKlu0VM9k-Pd9o6JIwagw/Fb47-WAJ2o6WuOGlQojXuDhqic27mEhvuKsf-5IjF_3rfszP-COny97JBeOX20zyYFMnDb-6UcCQH9Jurk-eu0Dt0FhzgutManSsd-c-bVnvnlqhYSaig0U5s6bYF1zgZEhb_R9hJjyjt6o-YUuhaDIL7rIf1bTSosN7a2lMzlc/Ir41rQ7Z-iLUngLZOl8oco8Y38XJrRyNKpy_mDOcKgg),,R7717.4560,R771745.60,Processed & Paid,"52195,52195,52195,52195,52195,52195,52195,52195,52195,52195,52195,52195,52195,52195,52195,52195,52195,52195,52195,52195,52195,52195,52195,52195,52195,52195,52195,52195,52195,52195,52195,52195,52195,52195,52195,52195,52195,52195,52195,52195,52195,52195,52195,52195,52195,52195,52195,52195,52195,52195,52195,52195,52195,52195,52195,52195,52195,52195,52195,52195,52195,52195,52195,52195,52195,52195,52195,52195,52195,52195,52195,52195,52195,52195,52195,52195,52195,52195,52195,52195,52195,52195,52195,52195,52195,52195,52195,52195,52195,52195,52195,52195,52195,52195,52195,52195,52195,52195,52195,52195",NaN,NaN,NaN,,0,R0.00,NaN,,,-100.00%,100,R796745.60,,,
Batch 864 - SVC Cows,69400,"December 3, 2024","December 3, 2024","February 4, 2025",,,-468,SVC Cows,115,3,112,SKM_28724120609570.pdf (https://v5.airtableusercontent.com/v3/u/53/53/1779120000000/LMunAd72RF5ScDKo-uYk7A/LrobAbSqp5bJmqZpgxhSr1cawK4TRfAoztZXpCtzaxuWQl9oFEzZdGHBwYr2NfVIjKYPUXJY_b0EdEKgNeq3ukXyFTj3dgdQR3pGluFMQlmA3cLFZbOB_DA6JGmNr9DmX0qU8dENahdLjOW8RpED-rfTg4HhGWK8BT4-uSRkuBQ/UTmslgGv4Mj0JiFp0iTMX8BWEfkWIU6h0Br3o0GoFFQ),,R8244.3515,R948100.42,Processed & Paid,"52196,52196,52196,52196,52196,52196,52196,52196,52196,52196,52196,52196,52196,52196,52196,52196,52196,52196,52196,52196,52196,52196,52196,52196,52196,52196,52196,52196,52196,52196,52196,52196,52196,52196,52196,52196,52196,52196,52196,52196,52196,52196,52196,52196,52196,52196,52196,52196,52196,52196,52196,52196,52196,52196,52196,52196,52196,52196,52196,52196,52196,52196,52196,52196,52196,52196,52196,52196,52196,52196,52196,52196,52196,52196,52196,52196,52196,52196,52196,52196,52196,52196,52196,52196,52196,52196,52196,52196,52196,52196,52196,52196,52196,52196,52196,52196,52196,52196,52196,52196,52196,52196,52196,52196,52196,52196,52196,52196,52196,52196,52196,52196,52196,52196,52196",NaN,NaN,NaN,,0,R0.00,NaN,,,-100.00%,115,R976850.42,,,
Batch 865 - SVC Cows,69408,"December 5, 2024","December 5, 2024","February 6, 2025",,,-466,SVC Cows,105,0,105,SKM_28724120911330.pdf (https://v5.airtableusercontent.com/v3/u/53/53/1779120000000/fsHjgjxEivmrO9K11eA6RQ/p5bLsHMgfnXYi3XzrkiIIrTgatrWoruCUr725sERRhJW30pOj0TovCFYVcarPUfQStN5XrGEbXAT7xsMX3J2yAsFrm3daeQI31Wbsin9JwmHwyvz7kVxGW8f8BeTPib_uX3uzu627li8GneHyteFHy-L8NvVh3_qFmouLiZycbE/EEck3FHkfOr_Aki7_0eH9_AknaNGMuENHeuBmdlkD5Q),,R8497.1838,R892204.30,Processed & Paid,"52197,52197,52197,52197,52197,52197,52197,52197,52197,52197,52197,52197,52197,52197,52197,52197,52197,52197,52197,52197,52197,52197,52197,52197,52197,52197,52197,52197,52197,52197,52197,52197,52197,52197,52197,52197,52197,52197,52197,52197,52197,52197,52197,52197,52197,52197,52197,52197,52197,52197,52197,52197,52197,52197,52197,52197,52197,52197,52197,52197,52197,52197,52197,52197,52197,52197,52197,52197,52197,52197,52197,52197,52197,52197,52197,52197,52197,52197,52197,52197,52197,52197,52197,52197,52197,52197,52197,52197,52197,52197,52197,52197,52197,52197,52197,52197,52197,52197,52197,52197,52197,52197,52197,52197,52197",NaN,NaN,NaN,,0,R0.00,NaN,,,-100.00%,105,R918454.30,,,
Batch 866 - SVC Cows,69409,"December 5, 2024","December 5, 2024","February 6, 2025",,,-466,SVC Cows,104,0,104,SKM_28724120911440.pdf (https://v5.airtableusercontent.com/v3/u/53/53/1779120000000/tr9p8CnJN1SjzB-BSEpmBA/Vd9wZZJhfmYrybmR0f4m5yoRHSpfBzK7n4J7Q21ColFFkM0j0qofjmLT8dnPyNbUirxuMFCDaRybgB4XybF9g7i1_TmpQGE4cIHADXTF1owWRs6pgjKpcBqwytN0tANS47HGtKqLJCGfIj-1ZRLeA0IQhfTHvc4xtn8nh-8nYyY/hOg9hvlIqIOA8NHiCUklpRYrt3kTSVNh62Wv0GsIMSc),,R7306.9477,R759922.56,Processed & Paid,"52198,52198,52198,52198,52198,52198,52198,52198,52198,52198,52198,52198,52198,52198,52198,52198,52198,52198,52198,52198,52198,52198,52198,52198,52198,52198,52198,52198,52198,52198,52198,52198,52198,52198,52198,52198,52198,52198,52198,52198,52198,52198,52198,52198,52198,52198,52198,52198,52198,52198,52198,52198,52198,52198,52198,52198,52198,52198,52198,52198,52198,52198,52198,52198,52198,52198,52198,52198,52198,52198,52198,52198,52198,52198,52198,52198,52198,52198,52198,52198,52198,52198,52198,52198,52198,52198,52198,52198,52198,52198,52198,52198,52198,52198,52198,52198,52198,52198,52198,52198,52198,52198,52198,52198",NaN,NaN,NaN,,0,R0.00,NaN,,,-100.00%,104,R785922.56,,,
Batch 867 - SVC Cows,69410,"December 5, 2024","December 5, 2024","February 6, 2025",,,-466,SVC Cows,25,0,25,SKM_28724120911540.pdf (https://v5.airtableusercontent.com/v3/u/53/53/1779120000000/YLQSV72OpfSk7k6b8Xej0A/-XvfB4WkQrq-Bt9E6N8JLWCTskZzQklhZhoWsFI3-lU-6RNE9wnj1hnDE5_RUzxH3SfL4fSJqL-KTwh30pGz-ipjiKEuWeWaUklxjZ7JoCXEkG4Si4mdi6txH0SIjKz85WGjYR8dRsnV1Vv4NqxJzW7_oYPcRspb4PdX-Gjqk0E/TgDS_GHZiC88kNBLGfD1juzMv2f5yxm7_3oEiOhnRi4),,R8322.0000,R208050.00,Processed & Paid,"52199,52199,52199,52199,52199,52199,52199,52199,52199,52199,52199,52199,52199,52199,52199,52199,52199,52199,52199,52199,52199,52199,52199,52199,52199",NaN,NaN,NaN,,0,R0.00,NaN,,,-100.00%,25,R214300.00,,,
Batch 868 - AgriFund Dios,69415,"December 5, 2024","December 5, 2024","February 6, 2025",,,-466,AgriFund Dios,103,0,103,SKM_28724121009320.pdf (https://v5.airtableusercontent.com/v3/u/53/53/1779120000000/0lFGkL9OrzcswJjOUNZJ7A/rGWveXWaSfy-eEG0Nmfm7JBowQltln9EI22yali7w4_gk-t_FEO3Cx2tGidEQ2Mcps2exvo5sNWoUV-VpaGVrqLYjW6Fq_CGlGcIwtuAxTuNyIopsrzSYs0aIhrwl3SCzNYJf8bzSsLP2vpFuM02Gt35t6gqZGAWLzNgialjig4/DF3TAysUJ5DDDgYJNbs7Z7j409AopNost0J7_CZz1iE),"Payment Confirmation-63.pdf (https://v5.airtableusercontent.com/v3/u/53/53/1779120000000/9lfc5hBYMysqT1RAK93FPw/nVyA6zTMy5MNteSWWj3KR0J-NXeTcGHUXNLxs1Udyy4xOR8oCYpQCHKv9mE4NIVha4occJwyy1VKqPJ1E95KlLL4cdSfuEHNzBh1vg_MYxcqwqIaRr7sQ_rwe6MVRYO3BNgnhj_UqZ36Hl6-qNlzzTfXisGh_dIEroiVZMNS0r7phO2-mA-vZKPq8cKtAyN_/fofSGrR2vIFtsnE5hCQraPdaLrnJDtzWQ3-YekHj3yU),Payment Confirmation-64.pdf (https://v5.airtableusercontent.com/v3/u/53/53/1779120000000/pIHr1W_DO5qAC0kUt7JSFw/uBNKNiRxN8dUPt44ptH0KVq2CCuswHP9dTUXf10s6AJA9PjimiVkSRMN7-uZcy3uBUkbhY6Gr9oFNpf2mDo0O-56_nYN8RTKN4TOvEItdBtdkDLBudMg8fL9jwyX0NoUANdm31qg_Uv7Lrr-IBb9oFOpSuLHqqHyvmQAhYq90Q9R5ct6eUw0iDnw5kJQRD0d/Rua0vFu3vJcInNQDne8DZosVC7OhgD1MC_IiExMSVnw)",R8893.1614,R915995.62,Processed & Paid,"52401,52401,52401,52401,52401,52401,52401,52401,52401,52401,52401,52401,52401,52401,52401,52401,52401,52401,52401,52401,52401,52401,52401,52401,52401,52401,52401,52401,52401,52401,52401,52401,52401,52401,52401,52401,52401,52401,52401,52401,52401,52401,52401,52401,52401,52401,52401,52401,52401,52401,52401,52401,52401,52401,52401,52401,52401,52401,52401,52401,52401,52401,52401,52401,52401,52401,52401,52401,52401,52401,52401,52401,52401,52401,52401,52401,52401,52401,52401,52401,52401,52401,52401,52401,52401,52401,52401,52401,52401,52401,52401,52401,52401,52401,52401,52401,52401,52401,52401,52401,52401,52401,52401",R992019.43,R0.00,186,6/9/2025,103,R941745.62,R9143.1614,Sold,"Invoice INV-0055.pdf (https://v5.airtableusercontent.com/v3/u/53/53/1779120000000/encdMJfH4DqYwU45mMvF5Q/8rDb-h_zOOGMCx5ddUTOFmYOk31A6386iGRMxt8aimjRyohn09aWLNwuouIeGzO5HcocTQDD73ayuSc5_NMjXHMYb1UjcpMpxYdUfrmPFxNOKxup5pmoApW-Y_5O6VQm2ECIOJ6RUhL1LyarzDfHR0KZScAvBV8noOWWSOW9l5k/6xVTAvwve6YMWALl-XTeZVOP2ThB1qXHEpx-QTASAEc),Invoice INV-0056.pdf (https://v5.airtableusercontent.com/v3/u/53/53/1779120000000/YuSUXOi9hWgIxOCn1h9DiQ/OQs-xkC2RETY4yDLh8ClSNZ_ag-Y8HmYNi76UMFA9TJT3rLkLp-W0BOIGOl-Z2wWJe4Pfd31M8pniTzP82zVQQN7rEa8nL8lJrAkgJqtgIxPbuauvpZG1nA8MECFShdYlGwRFXyrhHrUIwnMEAeGqnX1D6Ey31-wZH7dKCi6qnQ/GkGTPk8kSATUT4mP_PgNP1KALbdUp9rjPg0bKSuL_Nw)",2.81%,0,R0.00,"AGRIFUND DOS.pdf (https://v5.airtableusercontent.com/v3/u/53/53/1779120000000/G3iRSXH2nCJFtPA09Qow1Q/Uh11s4E3wN6H8YIeZlfWhJ5atVr6c1E8FyQYRwOIR5LHPFc3WtBHNK0KR_UBekX1ooZM-SmAm7FEvXbrEnHT25hSz_OuJ91JkoROBOBQkqzn5fjWKAJek-aJxFnUoFsPG9BHZH-94t2uMZ0UR3lruMi1I5GI7SLs-zW6QtT68So/zorncY1Qtws2zrm4HU0sTY81-CaSxMqEfpJHi6hLago),AGRIFUND DOS-2.pdf (https://v5.airtableusercontent.com/v3/u/53/53/1779120000000/h5BDWbrvANN7rBHA3-nqQQ/xqjIooRJXKQce6EpkNuTMlWoakgus4qWz5Isue4uwTaEibBSXwnXARGMu1a3K0zPROsnU8P8KEmdqVTA-WvAkKrZvLCZDACFZIzXuctIQyBEda2ClcJj0_LJrwKO9F3LqP6kebrUKlstOUgKeSQHtGCCl_Et4wlxst6t72e9ajw/iENnJtHs1dzekAGcEmdm_T5m3pdkMwBrl7yZbrdyU6s)",,
Batch 869 - SVC Cows,69451,"December 5, 2024","December 5, 2024","February 6, 2025",,,-466,SVC Cows,52,0,52,SKM_28724121109550.pdf (https://v5.airtableusercontent.com/v3/u/53/53/1779120000000/CjlDU9XXSP-g4ZBNq0PMiw/LN3mQk9IFIbGzwyalu1GvQQibl6uW7xYSasORmx-824gSJFahErhunUHEb1QYb8DeR3ReCuMzhS4GjVUOCM-sIIaSaW1G-4cWLxb12tXmYvIMo8ipjUXeFs0bG8dwvHg_sVtgJeEMKsaCFOCenh4dUrQTjNyyJKtIwWKQkL7lFE/lS3v1VeIR7mE5-R9rafDYadRQkbX87406u5LSYvqGgo),,R8547.4319,R444466.46,Processed & Paid,"52200,52200,52200,52200,52200,52200,52200,52200,52200,52200,52200,52200,52200,52200,52200,52200,52200,52200,52200,52200,52200,52200,52200,52200,52200,52200,52200,52200,52200,52200,52200,52200,52200,52200,52200,52200,52200,52200,52200,52200,52200,52200,52200,52200,52200,52200,52200,52200,52200,52200,52200,52200",NaN,NaN,NaN,,0,R0.00,NaN,,,-100.00%,52,R457466.46,,,
Batch 870 - SVC Cows,69452,"December 5, 2024","December 5, 2024","February 6, 2025",,,-466,SVC Cows,50,0,50,SKM_28724121110110.pdf (https://v5.airtableusercontent.com/v3/u/53/53/1779120000000/eik95it7Wj9r0uOBVepiUw/0ipo87cseHRJi5xZzksxGP7pUgh_pwApaL98ILM5EEXesZpMcdqiM-bqtxrB5ugJQgNjqs--WLp53VYLHl93XTFjwomwdqHiNfr9NtMoOi1q3NTlcdq-Kcp-biez208mm9sh4MOGdWtq9MjbNlBZLPFSnx1PvgqpwgmIUPHvJ_8/dQOsOvZAKbG-lumwNWB2Ec6L3GchoGYmaD2aXBKUO3c),,R7490.8434,R374542.17,Processed & Paid,"52402,52402,52402,52402,52402,52402,52402,52402,52402,52402,52402,52402,52402,52402,52402,52402,52402,52402,52402,52402,52402,52402,52402,52402,52402,52402,52402,52402,52402,52402,52402,52402,52402,52402,52402,52402,52402,52402,52402,52402,52402,52402,52402,52402,52402,52402,52402,52402,52402,52402",NaN,NaN,NaN,,0,R0.00,NaN,,,-100.00%,50,R387042.17,,,
Batch 871 - AgriFund Dios,69455,"December 6, 2024","December 6, 2024","February 7, 2025",,,-465,AgriFund Dios,53,0,53,SKM_28724121111400.pdf (https://v5.airtableusercontent.com/v3/u/53/53/1779120000000/cotZjxr9U9IRkiCXjPm6Jg/Livhh406UJEvbQdrMeFYCBjf2YsJfGJrvIFW6x8ieHsXNhOLr9qhgFw_NJKmabZ1T9Gx5y8-PtrJJyff1f1OqVMhV-JiKnN5ijeU0l2VafwnEDMtu4rDSDW2ThXAsnD_Mrmp_ozrOKzApDj_5D_1nyewXL0hr3pVbEoJWvKwCb4/UUBVNeMjUw3VMS8PDQJ1fAMjqcrJTq_zdRZeXFdEV8Y),Payment Confirmation-65.pdf (https://v5.airtableusercontent.com/v3/u/53/53/1779120000000/37wvfsUfb3TeZCBWzQ8SCQ/JgmlAj4GBNSFQQGO_UoMs46H9F2rrVuW6PlH-RumTQWms7Ah9M_N4r9eRQaTM4y_QQoqOk5GQ2ZQ5Iy8pQMtPQgwu1mOr1VsLlLbuxm9qnsOiHoIkaZiCO60_0oYIA-yceof6oxUUzmN_Fv-OxzUPi0V0rrNlKH8UxWRx5sdAf9j2t17G4XZLt3Q3j7BUb2z/qOi6x4NKpPFeSMNAPihEbB055u5WDr_Yid26QGc1kWI),R8057.0045,R427021.24,Processed & Paid,"52404,52404,52404,52404,52404,52404,52404,52404,52404,52404,52404,52404,52404,52404,52404,52404,52404,52404,52404,52404,52404,52404,52404,52404,52404,52404,52404,52404,52404,52404,52404,52404,52404,52404,52404,52404,52404,52404,52404,52404,52404,52404,52404,52404,52404,52404,52404,52404,52404,52404,52404,52404,52404",R465929.97,R0.00,185,6/9/2025,53,R440271.24,R8307.0045,Sold,Invoice INV-0056.pdf (https://v5.airtableusercontent.com/v3/u/53/53/1779120000000/dLjal5KcJKoy-S1QF6wXTA/AJZ4IR-q2XSpGpXf0Adc7oCmow3vWMB4Wx16SfjuCXmHyJhsI87OAVS5_xxz3VI_FLF08uW78eydX88y_xq7df0V-yA590BFpHufZgADy5q1TqRUvosSodCLo6-AvPHFYFRTuIJ6wPr_AcH8B63Ed5ki6qfIuUAcq26yV0r6htc/Ma9_yuSLCpiHdjFJjmTgClyL9Kz4LhixylufX-AqmDA),3.10%,0,R0.00,AGRIFUND DOS-2.pdf (https://v5.airtableusercontent.com/v3/u/53/53/1779120000000/2PIyxpybxK3_oPcdt1HAkQ/jfjqZv2dea6lcwWBixD9StquYhSXKuX4vhFszwuHG_VI6M_CCKKmkOTDU8r2wiV_0ET9fsHZHzVA0k0E1fJ8UJRaBxWZUxHlJ0HDgkeqY27CT3D1twGyRRBtCvbF7-CI1ALRQlDWvFonTyme2bSowrdlNdJ2jqjoN0l3iZWLqaU/k7ObPFXdrDFrnRjZlXrdMchDTIXhy5YViYRed19zIK0),,
Batch 872 - SVC Cows,69456,"December 6, 2024","December 6, 2024","February 7, 2025",,,-465,SVC Cows,35,0,35,SKM_28724121111480.pdf (https://v5.airtableusercontent.com/v3/u/53/53/1779120000000/UW3lGOf36Zz5G5zrJWEJ1Q/d996zA0-sq2MMiV6AqZZdmLqZP6lLsFRDMTHMerM0FeY1jG3aMLg1omTYJHeSkgtNhtysu4LnLqF1DQNLrX35YBVgDGu9hvURtqNIhZctVfZmyM_HdJR758KkPmLdwYH0PbDZOuQTMRjcLwdjaTtfLTpU8ajaUX2En1FSBKZ_D4/vWOg1CLLL_zynbhLnn3Ci7gKNOi7wkr5oyd8mr6Hx9E),,R9387.4151,R328559.53,Processed & Paid,"52405,52405,52405,52405,52405,52405,52405,52405,52405,52405,52405,52405,52405,52405,52405,52405,52405,52405,52405,52405,52405,52405,52405,52405,52405,52405,52405,52405,52405,52405,52405,52405,52405,52405,52405",NaN,NaN,NaN,,0,R0.00,NaN,,,-100.00%,35,R337309.53,,,
Batch 873 - SVC Cows,69480,"December 10, 2024","December 10, 2024","February 11, 2025",,,-461,SVC Cows,102,4,98,SKM_28724121213420.pdf (https://v5.airtableusercontent.com/v3/u/53/53/1779120000000/vSFNl7Buup9-ZGZeSK659Q/dIGwv0DV2wKQekcBLa0YZiQQWvvuj_asEOTa_8cXUCmb-3QZ56nZnbqiHAFK8Rxx9xXF9MdolZGcWvPC9_hzgmloXDilVT98qrw6IhzxeypwcnZeCNJIBdSo-R25lHrK_y8dp3Ac3MEGKFkUxEZCwV43v3WVN2uROzsYMl5GPSk/QnyLblV8epwMESJzjyxM7kKn3sUW0rzNAMpVLC3o-hc),,R8278.7124,R844428.66,Processed & Paid,"52406,52406,52406,52406,52406,52406,52406,52406,52406,52406,52406,52406,52406,52406,52406,52406,52406,52406,52406,52406,52406,52406,52406,52406,52406,52406,52406,52406,52406,52406,52406,52406,52406,52406,52406,52406,52406,52406,52406,52406,52406,52406,52406,52406,52406,52406,52406,52406,52406,52406,52406,52406,52406,52406,52406,52406,52406,52406,52406,52406,52406,52406,52406,52406,52406,52406,52406,52406,52406,52406,52406,52406,52406,52406,52406,52406,52406,52406,52406,52406,52406,52406,52406,52406,52406,52406,52406,52406,52406,52406,52406,52406,52406,52406,52406,52406,52406,52406,52406,52406,52406,52406",NaN,NaN,NaN,,0,R0.00,NaN,,,-100.00%,102,R869928.66,,,
Batch 874 - SVC Cows,69483,"December 10, 2024","December 10, 2024","February 11, 2025",,,-461,SVC Cows,94,0,94,SKM_28724121213480.pdf (https://v5.airtableusercontent.com/v3/u/53/53/1779120000000/bcL2iW6KnsytuYZX0eUhKA/7abfc6BJiLYu-gT7KPct_IvovZmQAT4pCdpJAjeTKl3eu6xhibADzDpdTU1A2_Fk9HqY8Uk7-eVpH_QGkkC45KMA0CWfZ6S_LCdrWAJByhShSUZxyACMjQc8AV53vJcu_r8E2rXWauKtsYznhxW8dB34ZQda4VDsC9Vh6azvjzU/WZQQhGi1BnrRor68oj1j1JSrLXZwFahfqMoYDTsJQX4),,R8035.3324,R755321.25,Processed & Paid,"52407,52407,52407,52407,52407,52407,52407,52407,52407,52407,52407,52407,52407,52407,52407,52407,52407,52407,52407,52407,52407,52407,52407,52407,52407,52407,52407,52407,52407,52407,52407,52407,52407,52407,52407,52407,52407,52407,52407,52407,52407,52407,52407,52407,52407,52407,52407,52407,52407,52407,52407,52407,52407,52407,52407,52407,52407,52407,52407,52407,52407,52407,52407,52407,52407,52407,52407,52407,52407,52407,52407,52407,52407,52407,52407,52407,52407,52407,52407,52407,52407,52407,52407,52407,52407,52407,52407,52407,52407,52407,52407,52407,52407,52407",NaN,NaN,NaN,,0,R0.00,NaN,,,-100.00%,94,R778821.25,,,
Batch 877 - SVC Cows,69520,"December 10, 2024","December 10, 2024","February 11, 2025",,,-461,SVC Cows,136,3,133,SKM_28724121808420.pdf (https://v5.airtableusercontent.com/v3/u/53/53/1779120000000/VddHNAAo_DL9vs_sPtjxYg/0b9GEC4MXTe07p8TSccs60LuU0SKYhqsz-uCJYOSJOpWNyx4_AsIH7WT9XAYcfyX87bTiByg0C2BpplU4UEHMQGTOT1lmEoi3P5lNHkJUEhWP5KOZSwRBp4p3OibbSt3X75bGfu_6zjuyz4v57h8oLgb6A0D0xaRR_XMai3f_yQ/g_ZhkjHPRVJmiCISU2s4s_yd27sS5U1g6IENpLPy6gM),,R5808.6028,R789969.98,Processed & Paid,"51996,51996,51996,51996,51996,51996,51996,51996,51996,51996,51996,51996,51996,51996,51996,51996,51996,51996,51996,51996,51996,51996,51996,51996,51996,51996,51996,51996,51996,51996,51996,51996,51996,51996,51996,51996,51996,51996,51996,51996,51996,51996,51996,51996,51996,51996,51996,51996,51996,51996,51996,51996,51996,51996,51996,51996,51996,51996,51996,51996,51996,51996,51996,51996,51996,51996,51996,51996,51996,51996,51996,51996,51996,51996,51996,51996,51996,51996,51996,51996,51996,51996,51996,51996,51996,51996,51996,51996,51996,51996,51996,51996,51996,51996,51996,51996,51996,51996,51996,51996,51996,51996,51996,51996,51996,51996,51996,51996,51996,51996,51996,51996,51996,51996,51996,51996,51996,51996,51996,51996,51996,51996,51996,51996,51996,51996,51996,51996,51996,51996,51996,51996,51996,51996,51996,51997",NaN,NaN,NaN,,0,R0.00,NaN,,,-100.00%,136,R823969.98,,,
Batch 881 - SVC Cows,69547,"December 10, 2024","December 10, 2024","February 11, 2025",,,-461,SVC Cows,92,1,91,SKM_28724121814570.pdf (https://v5.airtableusercontent.com/v3/u/53/53/1779120000000/QeiwkPW_7AQUsDNSZdaYfA/YPHv0upMOFbbZ4Iah9I5vRlw4AGTRcgu5jlVmpcPJKWmTmTVfhYgB1nR0M71qXtE9CVA9BzoOJVxhB8R3ybiSLLfxdv87yiXBpvjDpbwus5J1YKb7yotwTFvNBIwstvpQPheHa-NDB3CzuGTtpLbDkglLNHKtKFprA6S5HsiFAg/Bj5yLsfiSlYMnspL-fj44padM-QFKHqwNmhoL-s-IF0),,R8287.7693,R762474.78,Processed & Paid,"52409,52409,52409,52409,52409,52409,52409,52409,52409,52409,52409,52409,52409,52409,52409,52409,52409,52409,52409,52409,52409,52409,52409,52409,52409,52409,52409,52409,52409,52409,52409,52409,52409,52409,52409,52409,52409,52409,52409,52409,52409,52409,52409,52409,52409,52409,52409,52409,52409,52409,52409,52409,52409,52409,52409,52409,52409,52409,52409,52409,52409,52409,52409,52409,52409,52409,52409,52409,52409,52409,52409,52409,52409,52409,52409,52409,52409,52409,52409,52409,52409,52409,52409,52409,52409,52409,52409,52409,52409,52409,52409,52409",NaN,NaN,NaN,,0,R0.00,NaN,,,-100.00%,92,R785474.78,,,
Batch 875 - SVC Cows,69498,"December 12, 2024","December 12, 2024","February 13, 2025",,,-459,SVC Cows,98,0,98,SKM_28724121310570.pdf (https://v5.airtableusercontent.com/v3/u/53/53/1779120000000/MIbyd9bUUC5Jig6zfbiJAw/wufXPI-SstrqQcWg_c-pk8AlnHvn_5DyKM__OJoP_Sk6oAWlxh0n4rKXQTniahxwtWNCgjNx5IziwLu3IGl3XAeAi284fCe-gE1iF4oTjOuRs6-IkPjkfscd-SNO7Nl2YXNLQGLLkAPwhDtFmAru7Cq-s-Pt7Nx4rJ9SFTWUCvA/gGFwf38UL04VAex-Nb45mpIsI8btEjm21qBBKalPYNA),,R8290.4255,R812461.70,Processed & Paid,"52410,52410,52410,52410,52410,52410,52410,52410,52410,52410,52410,52410,52410,52410,52410,52410,52410,52410,52410,52410,52410,52410,52410,52410,52410,52410,52410,52410,52410,52410,52410,52410,52410,52410,52410,52410,52410,52410,52410,52410,52410,52410,52410,52410,52410,52410,52410,52410,52410,52410,52410,52410,52410,52410,52410,52410,52410,52410,52410,52410,52410,52410,52410,52410,52410,52410,52410,52410,52410,52410,52410,52410,52410,52410,52410,52410,52410,52410,52410,52410,52410,52410,52410,52410,52410,52410,52410,52410,52410,52410,52410,52410,52410,52410,52410,52410,52410,52410",NaN,NaN,NaN,,0,R0.00,NaN,,,-100.00%,98,R836961.70,,,
Batch 876 - SVC Cows,69499,"December 12, 2024","December 12, 2024","February 13, 2025",,,-459,SVC Cows,102,0,102,SKM_28724121311050.pdf (https://v5.airtableusercontent.com/v3/u/53/53/1779120000000/EYSCisJPyfGGV0jjZBcXAQ/ZcdUgbiMMdGfhsR_UcgbrrFdtBHqCuw6G0gg_9b8BY-0DMNlh4OgU_cfkBAED-Axix3S2fMXvKOk8eNQHZswC6j1b5ABpE6Dy0UFdFTyi4aaWM-W6XYu9UaHGiWRsZxaz5_6xKsArQ8wXyfc3LBy5FB-ePIrLUDgC-pkAvoHENo/itV3PyVYxGn7zq4Kl_iF3N8HosmHhdC30oD3EqQB1pI),,R8317.0753,R848341.68,Processed & Paid,"52411,52411,52411,52411,52411,52411,52411,52411,52411,52411,52411,52411,52411,52411,52411,52411,52411,52411,52411,52411,52411,52411,52411,52411,52411,52411,52411,52411,52411,52411,52411,52411,52411,52411,52411,52411,52411,52411,52411,52411,52411,52411,52411,52411,52411,52411,52411,52411,52411,52411,52411,52411,52411,52411,52411,52411,52411,52411,52411,52411,52411,52411,52411,52411,52411,52411,52411,52411,52411,52411,52411,52411,52411,52411,52411,52411,52411,52411,52411,52411,52411,52411,52411,52411,52411,52411,52411,52411,52411,52411,52411,52411,52411,52411,52411,52411,52411,52411,52411,52411,52411,52411",NaN,NaN,NaN,,0,R0.00,NaN,,,-100.00%,102,R873841.68,,,
Batch 878 - SVC Cows,69538,"December 12, 2024","December 12, 2024","February 13, 2025",,,-459,SVC Cows,74,0,74,SKM_28724121813220.pdf (https://v5.airtableusercontent.com/v3/u/53/53/1779120000000/GoHXEQQEmxmxghTKnB_VKQ/vB4uDNTAPH4ocdshcIU_qJU8lK4koxZwlGDU0Y3nir9k6XgMsrCYRYiT3O974hDQ8jep1ShVEHJ2w7f2WmlFdITdZjKo6p03YrxwdZ_-prGoCfhHD2SRS4brqnu2l4WOJ4ZAvZN6Iih99ffrzJ9cfSuGkIhSuVBtgqlEKPSJNhk/C37HdSvddL-YKad40xcNGoSPQoftSlTpjgB0JkYE6tg),,R7823.3603,R578928.66,Processed & Paid,"52412,52412,52412,52412,52412,52412,52412,52412,52412,52412,52412,52412,52412,52412,52412,52412,52412,52412,52412,52412,52412,52412,52412,52412,52412,52412,52412,52412,52412,52412,52412,52412,52412,52412,52412,52412,52412,52412,52412,52412,52412,52412,52412,52412,52412,52412,52412,52412,52412,52412,52412,52412,52412,52412,52412,52412,52412,52412,52412,52412,52412,52412,52412,52412,52412,52412,52412,52412,52412,52412,52412,52412,52412,52412",NaN,NaN,NaN,,0,R0.00,NaN,,,-100.00%,74,R597428.66,,,
Batch 879 - SVC Cows,69539,"December 12, 2024","December 12, 2024","February 13, 2025",,,-459,SVC Cows,100,2,98,SKM_28724121813221.pdf (https://v5.airtableusercontent.com/v3/u/53/53/1779120000000/4NQbvX6W97F7QrfxNZ3O2A/rdaANjRduZmesdf7FjxHQJ6fQ9L3eXhRNXsCQLMaLs5vKgeiIVRi7YTv41KkqrD6U9bQC7VdvG4x84zfxdrPyt6O-o0ebWqN5E4BebzAdEUaJNr6Tmc7_FaStAPsr43n1UkeLVOiHImjFQKYdUglzt19kX_HYkVxxrRvXijcQOI/k6zAYUFcx4r-sGDsMHbAJbRpXYj2eVKAIsXvKAg8adA),,R7714.7347,R771473.47,Processed & Paid,"52413,52413,52413,52413,52413,52413,52413,52413,52413,52413,52413,52413,52413,52413,52413,52413,52413,52413,52413,52413,52413,52413,52413,52413,52413,52413,52413,52413,52413,52413,52413,52413,52413,52413,52413,52413,52413,52413,52413,52413,52413,52413,52413,52413,52413,52413,52413,52413,52413,52413,52413,52413,52413,52413,52413,52413,52413,52413,52413,52413,52413,52413,52413,52413,52413,52413,52413,52413,52413,52413,52413,52413,52413,52413,52413,52413,52413,52413,52413,52413,52413,52413,52413,52413,52413,52413,52413,52413,52413,52413,52413,52413,52413,52413,52413,52413,52413,52413,52413,52413",NaN,NaN,NaN,,0,R0.00,NaN,,,-100.00%,100,R796473.47,,,
Batch 880 - SVC Cows,69540,"December 12, 2024","December 12, 2024","February 13, 2025",,,-459,SVC Cows,31,1,30,SKM_28724121813222.pdf (https://v5.airtableusercontent.com/v3/u/53/53/1779120000000/j9VMiPzEUToaxPkceY_08Q/-AsRaH98Z4he6LH_dsKnBblt91-u-i5c68UdkmRV90W06NTHGyrJMAJpAXelvlEhUa6JOyuze2uyZuLtVeQxxkwV3raQHmTVdFfPAFkkMkOTUQ9myP9o8e1-jwmDBwd0lzHFul07nN92GRyp2U3l5REVCvlY0WMGmKVBkrSCihU/3YDLhkCwouDhlyAnXaDru1YCxKYYqyiikJaLytAMmE8),,R7266.2548,R225253.90,Processed & Paid,"52414,52414,52414,52414,52414,52414,52414,52414,52414,52414,52414,52414,52414,52414,52414,52414,52414,52414,52414,52414,52414,52414,52414,52414,52414,52414,52414,52414,52414,52414,52414",NaN,NaN,NaN,,0,R0.00,NaN,,,-100.00%,31,R233003.90,,,
Batch 882 - SVC Cows,69549,"December 13, 2024","December 13, 2024","February 14, 2025",,,-458,SVC Cows,52,0,52,SKM_28724121909050.pdf (https://v5.airtableusercontent.com/v3/u/53/53/1779120000000/iMYJcuVUlN0A1l8wiy-2yA/9L52HyJ-2S7EwHSb3lFBDfsbfXFvD3OE9DtGMx70hCbjqocY6stJwuiH2ZGl8W8epHUGVeJU4QC0XCKyUK2U9Mda9jxBcsU05erzYhHDQywUCED3480GR3o9_Mab8te3fCLe_l49034aumlyeQg9y8ZZHwDR81fXg9vo6-Mr2C0/O7-ypAxHUYgjvb0dD-kP8s1e-NrKRcdKH6YF3vja2Jg),,R7571.5717,R393721.73,Processed & Paid,"52416,52416,52416,52416,52416,52416,52416,52416,52416,52416,52416,52416,52416,52416,52416,52416,52416,52416,52416,52416,52416,52416,52416,52416,52416,52416,52416,52416,52416,52416,52416,52416,52416,52416,52416,52416,52416,52416,52416,52416,52416,52416,52416,52416,52416,52416,52416,52416,52416,52416,52416,52416",NaN,NaN,NaN,,0,R0.00,NaN,,,-100.00%,52,R406721.73,,,
Batch 883 - SVC Cows,69521,"December 17, 2024","December 17, 2024","February 18, 2025",,,-454,SVC Cows,22,0,22,SKM_28724121809120.pdf (https://v5.airtableusercontent.com/v3/u/53/53/1779120000000/pOpdf_vLrUE4cfiHjN7jow/rx8QC3UrFk4aCBB87fKcAUpwHxMUIqyHhJ8iguRzocAZmcjt4ZvRc5dbXTJ0Ax6jKpo1Bh_NIkBFANnL_Mlw4yMtFy9w1dD28-IvgiSY2A2TlkIYn0un1W2f6nY5bcX3aRR1BQc23cWoN8BM9Y7ZyiUUXN5ccl8wZnNlW7J2Jgs/kpNn4ULQ9WBko12d2TE0ZDq20kXq3pz80hvT-i3acFM),,R5989.0909,R131760.00,Processed & Paid,"52418,52418,52418,52418,52418,52418,52418,52418,52418,52418,52418,52418,52418,52418,52418,52418,52418,52418,52418,52418,52418,52418",NaN,NaN,NaN,,0,R0.00,NaN,,,-100.00%,22,R137260.00,,,
Batch 884 - SVC Cows,69552,"December 17, 2024","December 17, 2024","February 18, 2025",,,-454,SVC Cows,97,0,97,SKM_28724121909510.pdf (https://v5.airtableusercontent.com/v3/u/53/53/1779120000000/y8zXUHKgnMyciGvFT_vuxA/_qZpXQhmGpP7i6j4rXyeFp7zx85GNetienKioUcI_Y-3qdyEoPV8mNOkAduHJQcYKLthIFNha0V4rVZFH5O4O0ZisQKl83d1aylUo9-PyknDvwhrT2s4NY78R5cw7efTPjw7yA6xuVWr3RMyu8ut5mWZqKeCJd5MQvE9Dl_yMrA/uhdf691q1uZYhwteXkBQIxo9lVQgLDSJffv0UnUdKGE),,R8383.2313,R813173.44,Processed & Paid,"52417,52417,52417,52417,52417,52417,52417,52417,52417,52417,52417,52417,52417,52417,52417,52417,52417,52417,52417,52417,52417,52417,52417,52417,52417,52417,52417,52417,52417,52417,52417,52417,52417,52417,52417,52417,52417,52417,52417,52417,52417,52417,52417,52417,52417,52417,52417,52417,52417,52417,52417,52417,52417,52417,52417,52417,52417,52417,52417,52417,52417,52417,52417,52417,52417,52417,52417,52417,52417,52417,52417,52417,52417,52417,52417,52417,52417,52417,52417,52417,52417,52417,52417,52417,52417,52417,52417,52417,52417,52417,52417,52417,52417,52417,52417,52417,52417",NaN,NaN,NaN,,0,R0.00,NaN,,,-100.00%,97,R837423.44,,,
Batch 885 - SVC Cows,69571,"December 19, 2024","December 19, 2024","February 20, 2025",,,-452,SVC Cows,37,1,36,SKM_28724122311410.pdf (https://v5.airtableusercontent.com/v3/u/53/53/1779120000000/8UIpBmyGkwb2lwTtgS9_Mg/98BWW4iX2wBx80h_UMf0MOmxsAk4NbSuSIoYt8AMyHqX7s1u-jxya4SnWBEWkbsunnlspBOPf-fyl0IVWOFaR_YA5QwQsrgLOi-i2lzUtH7KCyyMKLr-Zha9Yxf4flFttMni9FDn1jfijZxNijrsFXZ-TlNlRaX_nq8clF2sNAw/elYXg-yBiiVkD5cry_7tsZxN0YZtKOf0AhqoxGux-rA),,R8757.6016,R324031.26,Processed & Paid,"52211,52211,52211,52211,52211,52211,52211,52211,52211,52211,52211,52211,52211,52211,52211,52211,52211,52211,52211,52211,52211,52211,52211,52211,52211,52211,52211,52211,52211,52211,52211,52211,52211,52211,52211,52211,52211",NaN,NaN,NaN,,0,R0.00,NaN,,,-100.00%,37,R333281.26,,,
Batch 886 - SVC Cows,69572,"December 19, 2024","December 19, 2024","February 20, 2025",,,-452,SVC Cows,37,1,36,SKM_28724122311460.pdf (https://v5.airtableusercontent.com/v3/u/53/53/1779120000000/dkGg0QjRYTzpnRM7S0e7oA/3CoOOmAFfXxjbF_oJXHp6vB9Ey3yc1gZ14BBeghnXvGOv1lAQDLBP_JfibFA5MhC6T6kWJjqwGjavjNU7fnRcQUG4XqSS5QrFvBkPzzdfLo3dH3HEmbn36nAeNBETcEffgQYP856k96daK1JFFmoY9zBKC0r0_qdz6bcii-iHUs/3Z0KLzHnvga_T5Wa4OGOJ65QPPyaeuqGbi4WP_AxVFo),,R8396.7316,R310679.07,Processed & Paid,"52212,52212,52212,52212,52212,52212,52212,52212,52212,52212,52212,52212,52212,52212,52212,52212,52212,52212,52212,52212,52212,52212,52212,52212,52212,52212,52212,52212,52212,52212,52212,52212,52212,52212,52212,52212,52212",NaN,NaN,NaN,,0,R0.00,NaN,,,-100.00%,37,R319929.07,,,
Batch 887 - SVC Cows,69573,"December 19, 2024","December 19, 2024","February 20, 2025",,,-452,SVC Cows,25,0,25,"SKM_28724122311510.pdf (https://v5.airtableusercontent.com/v3/u/53/53/1779120000000/JDjPFD1LnPK4tnRa0vwLEw/pRnANewLITG_BoBzQZPfmT9tKnoy8Kca_HLF1xcrzr0cNB1IiEzAyI_jISMVC29-qd4o0gV7W3eJDPy6Te1526fPLDYtDJBbtTaybJlbv9zWuwxNp8lKBW129GzkYk1vQe40D2cAluR-zElx94EhdbbkKJJlAnJOHeHdKO9-KKw/dKRDuX-3rJ-iMdMSrlkoNp77y7TGmMT7keuz1PzxPlA),CN00690.pdf (https://v5.airtableusercontent.com/v3/u/53/53/1779120000000/HDaDuwCElN9RgJgp8s3s7g/CN5YGUPjzPNuAHeISt1eFf5St-B4u4WU0PpwL82mFW409CaVnvSy2lUxN7GaI9DfXlPqZ-kP5v3XUHTdjM_t6bsuq_YLQaibp7orSnPrgTrcD8teDzQuyskPhFzhz183R1Qz9VZOpOfSo71l7BU2yGWOL3cnqcl8GtyVJDC9tac/8oCvG2PewqpKLjjsZ-Lx2DSiXOPVGiWyLz8lic5ewBk)",,R8802.0340,R220050.85,Processed & Paid,"52213,52213,52213,52213,52213,52213,52213,52213,52213,52213,52213,52213,52213,52213,52213,52213,52213,52213,52213,52213,52213,52213,52213,52213,52213",NaN,NaN,NaN,,0,R0.00,NaN,,,-100.00%,25,R226300.85,,,"CN001690 issued on invoice for price adjustment
"
Batch 888 - SVC Cows,69566,"December 19, 2024","December 19, 2024","February 20, 2025",,,-452,SVC Cows,204,9,195,SKM_28724122010210.pdf (https://v5.airtableusercontent.com/v3/u/53/53/1779120000000/MU7e_On6pPI9Eq1uM5LHWw/452986mRezIYB-WHcY0BdMKY-9G3NMdFXvv8kCLzxCerLXJpKvUZXHYitB-M5THeDeTRDOnatgNosuEC6M1yOP6oSaXipFjhDDtN0ygnGC24YlJq7NBqsgoMgASvlxAnUyhvWUIDwutakE4iXwnTNv8t1wXibK6niF4ufLylNuA/Pc9GR4d3jFNIT0OYRKoSXY5FUfnDCZNODPjgw8fUU3w),,R8828.5611,R1801026.46,Processed & Paid,"52209,52209,52209,52209,52209,52209,52209,52209,52209,52209,52209,52209,52209,52209,52209,52209,52209,52209,52209,52209,52209,52209,52209,52209,52209,52209,52209,52209,52209,52209,52209,52209,52209,52209,52209,52209,52209,52209,52209,52209,52209,52209,52209,52209,52209,52209,52209,52209,52209,52209,52209,52209,52209,52209,52209,52209,52209,52209,52209,52209,52209,52209,52209,52209,52209,52209,52209,52209,52209,52209,52209,52209,52209,52209,52209,52209,52209,52209,52209,52209,52209,52209,52209,52209,52209,52209,52209,52209,52209,52209,52209,52209,52209,52209,52209,52209,52209,52209,52209,52209,52209,52209,52210,52210,52210,52210,52210,52210,52210,52210,52210,52210,52210,52210,52210,52210,52210,52210,52210,52210,52210,52210,52210,52210,52210,52210,52210,52210,52210,52210,52210,52210,52210,52210,52210,52210,52210,52210,52210,52210,52210,52210,52210,52210,52210,52210,52210,52210,52210,52210,52210,52210,52210,52210,52210,52210,52210,52210,52210,52210,52210,52210,52211,52210,52210,52210,52210,52210,52210,52210,52210,52210,52210,52210,52210,52210,52210,52210,52210,52210,52210,52210,52210,52210,52210,52210,52210,52210,52210,52210,52210,52210,52210,52210,52210,52210,52210,52210,52210,52210,52210,52210,52210,52210",NaN,NaN,NaN,,0,R0.00,NaN,,,-100.00%,204,R1852026.46,,,
Batch 889 - SVC Cows,69569,"December 20, 2024","December 20, 2024","February 21, 2025",,,-451,SVC Cows,100,0,100,SKM_28724122310240.pdf (https://v5.airtableusercontent.com/v3/u/53/53/1779120000000/zfZiTzI1uFWEOqcaStw2GQ/V1g1hacar7xRC5AJ9LV72bRv2YSXHPiLqTY2PtXZwDpmA5Qx3Zr8OgCjXjRGP0nZh3XqCgpwiPbWqNWAtaTvvbwe84f4jcDM0WOJukU0daExaVPNcE5AT0nZaFfHYUoYISPhF6zB1mWK2kfBishW90YTYv3lAzctvp2BV6lzotA/s4ixtMyAmUmvbMFZZdF8YCDc3uLeha8rqntVdRFWz7s),,R8721.8172,R872181.72,Processed & Paid,"52214,52214,52214,52214,52214,52214,52214,52214,52214,52214,52214,52214,52214,52214,52214,52214,52214,52214,52214,52214,52214,52214,52214,52214,52214,52214,52214,52214,52214,52214,52214,52214,52214,52214,52214,52214,52214,52214,52214,52214,52214,52214,52214,52214,52214,52214,52214,52214,52214,52214,52214,52214,52214,52214,52214,52214,52214,52214,52214,52214,52214,52214,52214,52214,52214,52214,52214,52214,52214,52214,52214,52214,52214,52214,52214,52214,52214,52214,52214,52214,52214,52214,52214,52214,52214,52214,52214,52214,52214,52214,52214,52214,52214,52214,52214,52214,52214,52214,52214,52214",NaN,NaN,NaN,,0,R0.00,NaN,,,-100.00%,100,R897181.72,,,
Batch 891 - SVC Cows,69576,"December 20, 2024","December 20, 2024","February 21, 2025",,,-451,SVC Cows,96,0,96,SKM_28724122312060.pdf (https://v5.airtableusercontent.com/v3/u/53/53/1779120000000/Yk1VAgAROAybTfsxsjRdHg/sHRkSEnK6yW7YBZowZxwKC7t_WXXdkLE2JbArolJWkw3NlRCs9y_iucFX0UoTAcqoyACu7rRLf1GeL-HasApn0vcja-qBzPZx3NHofHr7PYjpR966bWJpCqGW40m_z84QCvCOarXefMVEE3XvMaju-2aRIHMdOeF5GpDplNfWdE/ZfsxCGt5DPmyaAUM2NO6tPTPHRR2b4XoYeeNf4wIL3I),,R8214.5511,R788596.91,Processed & Paid,"52215,52215,52215,52215,52215,52215,52215,52215,52215,52215,52215,52215,52215,52215,52215,52215,52215,52215,52215,52215,52215,52215,52215,52215,52215,52215,52215,52215,52215,52215,52215,52215,52215,52215,52215,52215,52215,52215,52215,52215,52215,52215,52215,52215,52215,52215,52215,52215,52215,52215,52215,52215,52215,52215,52215,52215,52215,52215,52215,52215,52215,52215,52215,52215,52215,52215,52215,52215,52215,52215,52215,52215,52215,52215,52215,52215,52215,52215,52215,52215,52215,52215,52215,52215,52215,52215,52215,52215,52215,52215,52215,52215,52215,52215,52215,52215",NaN,NaN,NaN,,0,R0.00,NaN,,,-100.00%,96,R812596.91,,,
Batch 890 - SVC Cows,69570,"December 21, 2024","December 21, 2024","February 22, 2025",,,-450,SVC Cows,108,2,106,SKM_28724122310300.pdf (https://v5.airtableusercontent.com/v3/u/53/53/1779120000000/Q2uDf7mBaBSrOQWSNDGAhQ/zb44hZrWskyIFKceL7YJa1Ost2urgt72P_4JhJkoU_b31QMyNw-yU-M_cQPsEfzsNdRg7w2dnKmKF4CVm5NqlLpnubdqjh6oQrd8FlrJWFwt10nmBXqUhXrODfDzzVtfY4TOoZdERpPiZsv5j_N5Edf-hrdz5SFdEHT88sachSc/_A0a8c1VZz2Aw1RpAQKyeLI7nXaF7Rl1Clkt7BF1wZE),,R7165.0481,R773825.20,Processed & Paid,"52216,52216,52216,52216,52216,52216,52216,52216,52216,52216,52216,52216,52216,52216,52216,52216,52216,52216,52216,52216,52216,52216,52216,52216,52216,52216,52216,52216,52216,52216,52216,52216,52216,52216,52216,52216,52216,52216,52216,52216,52216,52216,52216,52216,52216,52216,52216,52216,52216,52216,52216,52216,52216,52216,52216,52216,52216,52216,52216,52216,52216,52216,52216,52216,52216,52216,52216,52216,52216,52216,52216,52216,52216,52216,52216,52216,52216,52216,52216,52216,52216,52216,52216,52216,52216,52216,52216,52216,52216,52216,52216,52216,52216,52216,52216,52216,52216,52216,52216,52216,52216,52216,52216,52216,52216,52216,52216,52216",NaN,NaN,NaN,,0,R0.00,NaN,,,-100.00%,108,R800825.20,,,
Batch 892 - SVC Cows,69652,"December 23, 2024","December 23, 2024","February 24, 2025",,,-448,SVC Cows,128,0,128,IN069652.pdf (https://v5.airtableusercontent.com/v3/u/53/53/1779120000000/3Vb31OAtGRfLcyLORD4J4g/EQxWcvo2vP_XGednKd33vOIEkRRsh95EPSFEVbV--rszu51MGze_5ORZ9TQBsZPDZuE04Wd8rfWF2gsOZhv-yGn1fn_2hrHs4gB9Zeq2pHc3Drb9xlhaSrWIRolPCaLsgFSso0RX4ID9yjVyP2U_PnOMlbiGLQQ326NU7cDA4EA/8cuMGuXrPoFfP7kcglC1U73P1NTBJ9Wf7n2GjKfM8HQ),,R8143.6069,R1042381.68,Processed & Paid,"51997,51997,51997,51997,51997,51997,51997,51997,51997,51997,51997,51997,51997,51997,51997,51997,51997,51997,51997,51997,51997,51997,51997,51997,51997,51997,51997,51997,51997,51997,51997,51997,51997,51997,51997,51997,51997,51997,51997,51997,51997,51997,51997,51997,51997,51997,51997,51997,51997,51997,51997,51997,51997,51997,51997,51997,51997,51997,51997,51997,51997,51997,51997,51997,51997,51997,51997,51997,51997,51997,51997,51997,51997,51997,51997,51997,51997,51997,51997,51997,51997,51997,51997,51997,51997,51997,51997,51997,51997,51997,51997,51997,51997,51997,51997,51997,51997,51997,51997,51997,51997,51997,51997,51997,51997,51997,51997,51997,51997,51997,51997,51997,51997,51997,51997,51997,51997,51997,51997,51997,51997,51997,51997,51997,51997,51997,51997,51997",NaN,NaN,NaN,,0,R0.00,NaN,,,-100.00%,128,R1074381.68,,,
Batch 893 - SVC Cows,69651,"December 23, 2024","December 23, 2024","February 24, 2025",,,-448,SVC Cows,128,2,126,IN069651.pdf (https://v5.airtableusercontent.com/v3/u/53/53/1779120000000/bNMvFDxtcUEa2SSlAx7ftQ/rzXr9dfGMXXdbHr0QHQZOp3LddczVl8IYhxtM9FE2ug-BZ6SlXGAbrB_ZD6SQL8tm7Mej_gVCjF1eaH1Lv0lRmJepCWWYT3gyDdDmtgjz5nQluSzjvE2xKtG4GrGhxVf9pTa4LyK8mvqqM-Pyja6Z53fMPhk46kgB36OeFYaFwc/ANxM7qTocDJ8TygVXz3oKJdOrOLbVjlOYafAYje39UY),,R7930.1287,R1015056.47,Processed & Paid,"51998,51998,51998,51998,51998,51998,51998,51998,51998,51998,51998,51998,51998,51998,51998,51998,51998,51998,51998,51998,51998,51998,51998,51998,51998,51998,51998,51998,51998,51998,51998,51998,51998,51998,51998,51998,51998,51998,51998,51998,51998,51998,51998,51998,51998,51998,51998,51998,51998,51998,51998,51998,51998,51998,51998,51998,51998,51998,51998,51998,51998,51998,51998,51998,51998,51998,51998,51998,51998,51998,51998,51998,51998,51998,51998,51998,51998,51998,51998,51998,51998,51998,51998,51998,51998,51998,51998,51998,51998,51998,51998,51998,51998,51998,51998,51998,51998,51998,51998,51998,51998,51998,51998,51998,51998,51998,51998,51998,51998,51998,51998,51998,51998,51998,51998,51998,51998,51998,51998,51998,51998,51998,51998,51998,51998,51998,51998,51998",NaN,NaN,NaN,,0,R0.00,NaN,,,-100.00%,128,R1047056.47,,,
Batch 895 - SVC Cows,69730,"January 9, 2025","January 9, 2025","March 13, 2025",,,-431,SVC Cows,117,0,117,"IN069718.pdf (https://v5.airtableusercontent.com/v3/u/53/53/1779120000000/z4ZnXgKA_Pw7NtM1gsiYgQ/cKL-quURVS-ggNniRvL6ilpxbDEICHG8_yFxAtnOZIoL8kcktyjHKd-s1JWr-AtGfjm-_utC-Oi2jBqqrhAv9_2Mjf9zoKlsuVUq4aRtJPtj7VQ1Wj3jo6-6ICsHQ4mf2e6ZM6mdtZ1QeiQlm92UKfGLstwZUWHPxUngapLvs7c/SYrKU2o1AqDjRREcwtCW0m5p01IzmIOcLiockWWMna0),CN001692 & IN069730.pdf (https://v5.airtableusercontent.com/v3/u/53/53/1779120000000/zjvxCZUqHYYDYe7rncl-4Q/W94xr_aiZWxk6jel6LEZC8h9EAH9plypc52yht9C7cgZ3x863F7s4jZIch_sB2GDJLs5i_ltyVz4uoCEwIvUxTFkZTUfYmI2tKNoHwq1P8IyTSRiUujjgn6E8voEcvElo-r-aibls8yg-sCEw-gKAZBPJsevJ9A5XVIp-PFPiwA/-uDJmS-fdE3UUHqOB15VSeJpW1MDdnveIGgns3zqfOc)",,R8159.6802,R954682.58,Processed & Paid,"52420,52420,52420,52420,52420,52420,52420,52420,52420,52420,52420,52420,52420,52420,52420,52420,52420,52420,52420,52420,52420,52420,52420,52420,52420,52420,52420,52420,52420,52420,52420,52420,52420,52420,52420,52420,52420,52420,52420,52420,52420,52420,52420,52420,52420,52420,52420,52420,52420,52420,52420,52420,52420,52420,52420,52420,52420,52420,52420,52420,52420,52420,52420,52420,52420,52420,52420,52420,52420,52420,52420,52420,52420,52420,52420,52420,52420,52420,52420,52420,52420,52420,52420,52420,52420,52420,52420,52420,52420,52420,52420,52420,52420,52420,52420,52420,52420,52420,52420,52420,52420,52420,52420,52420,52420,52420,52420,52420,52420,52420,52420,52420,52420,52420,52420,52420,52420",NaN,NaN,NaN,,0,R0.00,NaN,,,-100.00%,117,R983932.58,,,
Batch 896 - SVC Cows,69720,"January 9, 2025","January 9, 2025","March 13, 2025",,,-431,SVC Cows,102,0,102,IN069720.pdf (https://v5.airtableusercontent.com/v3/u/53/53/1779120000000/f3ChNLLxk4moRNmsIl4Mxw/fgu59DrhN0sgqtXTWTaDF7DsrIivUpe75hebKM4wsdxChfMVA4OExr9yZNt3TbRWWnC-ZGzEtF2UdbXiHYgmXKwLQSga7PLVh53fXZ0piaIPgXvTKbXj8uy2aR-qSujrhWuWU1YDo1RH5DXxAe-9CCiuzIfihGMqTKjnr4BX4rs/rFKH2oVs0gjiW6257cOxU2vCY9m1ihT-f69qf_tHKu4),,R8549.7911,R872078.69,Processed & Paid,"52419,52419,52419,52419,52419,52419,52419,52419,52419,52419,52419,52419,52419,52419,52419,52419,52419,52419,52419,52419,52419,52419,52419,52419,52419,52419,52419,52419,52419,52419,52419,52419,52419,52419,52419,52419,52419,52419,52419,52419,52419,52419,52419,52419,52419,52419,52419,52419,52419,52419,52419,52419,52419,52419,52419,52419,52419,52419,52419,52419,52419,52419,52419,52419,52419,52419,52419,52419,52419,52419,52419,52419,52419,52419,52419,52419,52419,52419,52419,52419,52419,52419,52419,52419,52419,52419,52419,52419,52419,52419,52419,52419,52419,52419,52419,52419,52419,52419,52419,52419,52419,52419",NaN,NaN,NaN,,0,R0.00,NaN,,,-100.00%,102,R897578.69,,,
Batch 897 - SVC Cows,69755,"January 10, 2025","January 10, 2025","March 14, 2025",,,-430,SVC Cows,140,7,133,IN069755.pdf (https://v5.airtableusercontent.com/v3/u/53/53/1779120000000/sc8QpA9PhVrgQBlKwjIFSg/MKb4gHmQqEuZTftmu6Z-N7FQGIWQi_9JG5mdOb0OwU_O4kVW1jT4Q1AuzljOCOJrvhj1kww00UqmeVUwk1Sk6rIMlSI4bdRvmp6l0TcoehYPJFdys-c6xkB2QowZUFoXEacXOLiQCPT2N7BIaJWh-sg8MI_mKAIZJ5eq6v9FUXQ/OwV_A6bI162Ih6eY2cSWAviLCn4cpYrKcaYgWMj-WWQ),,R7354.9499,R1029692.99,Processed & Paid,"51999,51999,51999,51999,51999,51999,51999,51999,51999,51999,51999,51999,51999,51999,51999,51999,51999,51999,51999,51999,51999,51999,51999,51999,51999,51999,51999,51999,51999,51999,51999,51999,51999,51999,51999,51999,51999,51999,51999,51999,51999,51999,51999,51999,51999,51999,51999,51999,51999,51999,51999,51999,51999,51999,51999,51999,51999,51999,51999,51999,51999,51999,51999,51999,51999,51999,51999,51999,51999,51999,51999,51999,51999,51999,51999,51999,51999,51999,51999,51999,51999,51999,51999,51999,51999,51999,51999,51999,51999,51999,51999,51999,51999,51999,51999,51999,51999,51999,51999,51999,51999,51999,51999,51999,51999,51999,51999,51999,51999,51999,51999,51999,51999,51999,51999,51999,51999,51999,51999,51999,51999,51999,51999,51999,51999,51999,51999,51999,51999,51999,51999,51999,51999,51999,51999,51999,51999,51999,51999,51999",NaN,NaN,NaN,,0,R0.00,NaN,,,-100.00%,140,R1064692.99,,,
Batch 898 - SVC Cows,69756,"January 14, 2025","January 14, 2025","March 18, 2025",,,-426,SVC Cows,101,0,101,IN069756.pdf (https://v5.airtableusercontent.com/v3/u/53/53/1779120000000/Flz-qMA1ummMqQMZxJLsxQ/4Mpz0gzmvnesKoeKN6cVl5nB2fIX2eeDxN9l1iDVRyVX-RIY0rzqExP2B1XLNurrlLdZK5HJ28jkq-N7l6p25TYVE11OdDMc4v8TDrKefh-4wvgCETriKEN4m6BA_Il268Z0oE4VkD1zq-cVv2bQVECW0zPfRAZrZd3w5D4s7Sc/yIDHHBirA9jv5vsIJQKVZSom2BW0PHldJ9CtL8cbVXw),,R8384.6231,R846846.93,Processed & Paid,"52571,52571,52571,52571,52571,52571,52571,52571,52571,52571,52571,52571,52571,52571,52571,52571,52571,52571,52571,52571,52571,52571,52571,52571,52571,52571,52571,52571,52571,52571,52571,52571,52571,52571,52571,52571,52571,52571,52571,52571,52571,52571,52571,52571,52571,52571,52571,52571,52571,52571,52571,52571,52571,52571,52571,52571,52571,52571,52571,52571,52571,52571,52571,52571,52571,52571,52571,52571,52571,52571,52571,52571,52571,52571,52571,52571,52571,52571,52571,52571,52571,52571,52571,52571,52571,52571,52571,52571,52571,52571,52571,52571,52571,52571,52571,52571,52571,52571,52571,52571,52571",NaN,NaN,NaN,,0,R0.00,NaN,,,-100.00%,101,R872096.93,,,
Batch 899 - SVC Cows,69757,"January 14, 2025","January 14, 2025","March 18, 2025",,,-426,SVC Cows,101,0,101,IN069757.pdf (https://v5.airtableusercontent.com/v3/u/53/53/1779120000000/M5ZpSNNLc_OWuUw2MNxMHQ/j3hY5tuCwY8x5dpJhHkIFBai3DcO7H-z4g9HJbaqZsB3tHgiTKFA-HyTAs5cJhlR-MK_i_D33-8HJQ6FRQSOAefrsBT1VpkfoqgGr8ZamsWUuwHGCaOqscjpILeN8F3G4H7T9mqdF0I4LSFR7YPrSeEZOUMzCaSd8aiSAIBq8Kc/NDzFeWD-ETBFf98BsliX5VIdrs4XddfbezEpdv4HhJc),,R7916.6633,R799582.99,Processed & Paid,"52572,52572,52572,52572,52572,52572,52572,52572,52572,52572,52572,52572,52572,52572,52572,52572,52572,52572,52572,52572,52572,52572,52572,52572,52572,52572,52572,52572,52572,52572,52572,52572,52572,52572,52572,52572,52572,52572,52572,52572,52572,52572,52572,52572,52572,52572,52572,52572,52572,52572,52572,52572,52572,52572,52572,52572,52572,52572,52572,52572,52572,52572,52572,52572,52572,52572,52572,52572,52572,52572,52572,52572,52572,52572,52572,52572,52572,52572,52572,52572,52572,52572,52572,52572,52572,52572,52572,52572,52572,52572,52572,52572,52572,52572,52572,52572,52572,52572,52572,52572,52572",NaN,NaN,NaN,,0,R0.00,NaN,,,-100.00%,101,R824832.99,,,
Batch 901 - SVC Cows,69798,"January 14, 2025","January 14, 2025","March 18, 2025",,,-426,SVC Cows,120,6,114,IN069798.pdf (https://v5.airtableusercontent.com/v3/u/53/53/1779120000000/XsA2anYnPIE_4KO4izSvhw/B2FUxnhKbn5zaAOZ2KyKzcgXo5t2YGbdqMyE2obNbGL4U4-lff7NhRTEDN5-7jz4ZcAVN8FXGX2IxIUdYV6Sn5Cyh4tEOlDnVnSjwS8AlyIqnfA0C4uAhzaZwkKi8iIo5p5MN80DKEjMa64AZXKIOOW7Jp4orwUFHXStureCccg/FWjbHDEZAz5y0XHixaSBxfSoe343XV_nJlNhjffQwSg),,R5788.5613,R694627.35,Processed & Paid,"52000,52000,52000,52000,52000,52000,52000,52000,52000,52000,52000,52000,52000,52000,52000,52000,52000,52000,52000,52000,52000,52000,52000,52000,52000,52000,52000,52000,52000,52000,52000,52000,52000,52000,52000,52000,52000,52000,52000,52000,52000,52000,52000,52000,52000,52000,52000,52000,52000,52000,52000,52000,52000,52000,52000,52000,52000,52000,52000,52000,52000,52000,52000,52000,52000,52000,52000,52000,52000,52000,52000,52000,52000,52000,52000,52000,52000,52000,52000,52000,52000,52000,52000,52000,52000,52000,52000,52000,52000,52000,52000,52000,52000,52000,52000,52000,52000,52000,52000,52000,52000,52000,52000,52000,52000,52000,52000,52000,52000,52000,52000,52000,52000,52000,52000,52000,52000,52000,52000,52000",NaN,NaN,NaN,,0,R0.00,NaN,,,-100.00%,120,R724627.35,,,
Batch 900 - SVC Cows,69758,"January 15, 2025","January 15, 2025","March 19, 2025",,,-425,SVC Cows,90,0,90,IN069758.pdf (https://v5.airtableusercontent.com/v3/u/53/53/1779120000000/62F2eng8XVgJrYVlnwvsww/krmDaf37JeDnAMj4V5ok32VRcP0JB5J-9vV0ngBFqIeT_OSM3TZshb_kR8xQh13jDV2veDus9OGVRrJys7N2P1jVL4iPQQ3YBqdQ_O9urDK2wOItMdIDvTvseZSFMiQEIADCVuCr1v8zJmjUNUweqen32gu89NEva2j4T-0svFk/S1WKlVuLjlNSVwcDzu0_r_HIqYWajO37G6AtAe6i5BY),,R8285.3233,R745679.10,Processed & Paid,"52573,52573,52573,52573,52573,52573,52573,52573,52573,52573,52573,52573,52573,52573,52573,52573,52573,52573,52573,52573,52573,52573,52573,52573,52573,52573,52573,52573,52573,52573,52573,52573,52573,52573,52573,52573,52573,52573,52573,52573,52573,52573,52573,52573,52573,52573,52573,52573,52573,52573,52573,52573,52573,52573,52573,52573,52573,52573,52573,52573,52573,52573,52573,52573,52573,52573,52573,52573,52573,52573,52573,52573,52573,52573,52573,52573,52573,52573,52573,52573,52573,52573,52573,52573,52573,52573,52573,52573,52573,52573",NaN,NaN,NaN,,0,R0.00,NaN,,,-100.00%,90,R768179.10,,,
Batch 902 - SVC Cows,69789,"January 17, 2025",,#ERROR,,,NaN,SVC Cows,0,0,0,"SKM_28725012209180-3.pdf (https://v5.airtableusercontent.com/v3/u/53/53/1779120000000/edm2IiJPvtM-KlGDqQERWA/W3OBR2gSoeHxf9Mob6ZF4ODC-tpZssWvGo2NYViiLYgUFup4we8JdYc5OXrK7JI6Mvn4mSb12qJ8iVfM2PDidMt587OV8d5XOBORVTcyc5UmSeYNCAJo3WemwF8AW1IGHr8ZPh9OnGVUApepXKkxNlK_vdHKDOC0lG9E4PSzYws/IWSqhF5dPk8j6vp1G-ojZFIExRj0AaWvKs0WBEoxyUY),IN069789.pdf (https://v5.airtableusercontent.com/v3/u/53/53/1779120000000/p8hXYJYHe4kMpqrNy20FCw/Q4nu5D8rLgJK9qtmHxLJtmLmX07FGepwRX90B1rVkzh6yL9sEMwKLDYm0XWNZCvi5_RNpc3vyd3ne1SN1o8PCaGNuFXDZOjNfW0FZNgXChdJ5u0DNX6NCTXw-vfJwYhch_A3w2TeaIJ6i-2x0rfvVsN_0U2gcjIQQ27oKkK8tLs/VVdN8hEydPbgbZsjCm1s_4JmIl3gWHU_3JeySLOvWg8)",,NaN,R0.00,CN Issued ,,NaN,NaN,NaN,,0,NaN,NaN,,,NaN,0,NaN,,,"Unissued on full invoice because of incorrect number. New invoice IN069817 issued 
"
Batch 903 - SVC Cows,69817,"January 17, 2025",,#ERROR,,,NaN,SVC Cows,109,0,109,SKM_28725012209180.pdf (https://v5.airtableusercontent.com/v3/u/53/53/1779120000000/UN6BaAZkWLbZzFx7w00_Cg/Bkv4KAac6mw64CVsJiOZc2lcDhlmT1WrDbFhYf-JFzaw2vh-kuMwibWCEvhNm1HhL0XUtcn3PpyxSeI7xK_vnR14NXdlOoVUUimtWSQhIaI4ghSRaAaYx9wn7df9FUO0HmFJ_jKIvB_g4svDnOMZ0p6yV7arwwVt1hGpo1pGwW4/AeE7DFl-j8YNDTSk4xZOADEBl8_pVbMxs6F95_Oc3Xw),,R7862.6124,R857024.75,Processed & Paid,"52574,52574,52574,52574,52574,52574,52574,52574,52574,52574,52574,52574,52574,52574,52574,52574,52574,52574,52574,52574,52574,52574,52574,52574,52574,52574,52574,52574,52574,52574,52574,52574,52574,52574,52574,52574,52574,52574,52574,52574,52574,52574,52574,52574,52574,52574,52574,52574,52574,52574,52574,52574,52574,52574,52574,52574,52574,52574,52574,52574,52574,52574,52574,52574,52574,52574,52574,52574,52574,52574,52574,52574,52574,52574,52574,52574,52574,52574,52574,52574,52574,52574,52574,52574,52574,52574,52574,52574,52574,52574,52574,52574,52574,52574,52574,52574,52574,52574,52574,52574,52574,52574,52574,52574,52574,52574,52574,52574,52574",NaN,NaN,NaN,,0,R0.00,NaN,,,-100.00%,109,R884274.75,,,New invoice linked to INV69798. Payment was release 22 Jan under reference INV69798
Batch 907 - SVC Cows,69840,"January 20, 2025",,#ERROR,,,NaN,SVC Cows,133,0,133,IN069840 - BATCH 52301.pdf (https://v5.airtableusercontent.com/v3/u/53/53/1779120000000/b43uSfPtSoiv9v_FrfjXkg/wZNZJqUX3rGXxX2TilGYtLcz4an4WjG1iJsTltcVFFJiLUbGeEa8Iq4pu4Oihp8yl_QaJH-xlIela4GpG5gk07czEUZOmlwn8B4YBZOI4OBzXyzZLdxLE4g3MQ056lzuEufc68J5z3cvcUY_HUytXG2iA6_vM6rtoJKNv-5z-Ys/XknRKtOLOxcl0y2W1r2emBdnaHaFBAHhJB85ZYBk0c8),,R7442.1574,R989806.94,Processed & Paid,"52301,52301,52301,52301,52301,52301,52301,52301,52301,52301,52301,52301,52301,52301,52301,52301,52301,52301,52301,52301,52301,52301,52301,52301,52301,52301,52301,52301,52301,52301,52301,52301,52301,52301,52301,52301,52301,52301,52301,52301,52301,52301,52301,52301,52301,52301,52301,52301,52301,52301,52301,52301,52301,52301,52301,52301,52301,52301,52301,52301,52301,52301,52301,52301,52301,52301,52301,52301,52301,52301,52301,52301,52301,52301,52301,52301,52301,52301,52301,52301,52301,52301,52301,52301,52301,52301,52301,52301,52301,52301,52301,52301,52301,52301,52301,52301,52301,52301,52301,52301,52301,52301,52301,52301,52301,52301,52301,52301,52301,52301,52301,52301,52301,52301,52301,52301,52301,52301,52301,52301,52301,52301,52301,52301,52301,52301,52301,52301,52301,52301,52301,52301,52301",NaN,NaN,NaN,,0,R0.00,NaN,,,-100.00%,133,R1023056.94,,,
Batch 909 - SVC Cows,69864,"January 20, 2025",,#ERROR,,,NaN,SVC Cows,69,0,69,IN069864 - BATCH 52575.pdf (https://v5.airtableusercontent.com/v3/u/53/53/1779120000000/zUHP8uj6QI4sJ3zxeSg_Kg/1vi_Htmg14j04WDLLOPbotOkjQi_6UfgwORK_jpykhHI54TVrqXdJVAXcJgJPB3VZnJjEPvh_hGzCvW3gtxxda0pLPrcPl_nWn1KQDpzonwlUNI8aWXqHa-8A5a7C68WExwczUIaxO4nanT7j4jELqjPvUx0dnBqC4MH5zV92vo/qerHe75WBPiTBYdg0SMmZ7AcYfK69bQ0GeHg5TuZIXQ),,R8104.8328,R559233.46,Processed & Paid,"52575,52575,52575,52575,52575,52575,52575,52575,52575,52575,52575,52575,52575,52575,52575,52575,52575,52575,52575,52575,52575,52575,52575,52575,52575,52575,52575,52575,52575,52575,52575,52575,52575,52575,52575,52575,52575,52575,52575,52575,52575,52575,52575,52575,52575,52575,52575,52575,52575,52575,52575,52575,52575,52575,52575,52575,52575,52575,52575,52575,52575,52575,52575,52575,52575,52575,52575,52575,52575",NaN,NaN,NaN,,0,R0.00,NaN,,,-100.00%,69,R576483.46,,,
Batch 906 - SVC Cows,69839,"January 21, 2025",,#ERROR,,,NaN,SVC Cows,121,0,121,IN069839 - BATCH 52576.pdf (https://v5.airtableusercontent.com/v3/u/53/53/1779120000000/POEU21V0W8viQgI5-hwjww/rA4QnWlRLFVr_aXcQzMGDadYQCi8p8MiGyD0rLrs6lPnKe6Wpo2qyRkkAB-6UGrYntOy2EZh7KumXmbbcUu-d1QD557CPMkYKhi0SAHnm-u6jpchNx-vzmWW3c4SKNImpmSixw93s1kHKFhWc_yDBAEAdBBFQq9MnNc4_rTGmA8/ytSBofqNsyjPRKsRUczDbSg-kRlrUPrXBEkjNetEkl0),,R8345.6629,R1009825.21,Processed & Paid,"52576,52576,52576,52576,52576,52576,52576,52576,52576,52576,52576,52576,52576,52576,52576,52576,52576,52576,52576,52576,52576,52576,52576,52576,52576,52576,52576,52576,52576,52576,52576,52576,52576,52576,52576,52576,52576,52576,52576,52576,52576,52576,52576,52576,52576,52576,52576,52576,52576,52576,52576,52576,52576,52576,52576,52576,52576,52576,52576,52576,52576,52576,52576,52576,52576,52576,52576,52576,52576,52576,52576,52576,52576,52576,52576,52576,52576,52576,52576,52576,52576,52576,52576,52576,52576,52576,52576,52576,52576,52576,52576,52576,52576,52576,52576,52576,52576,52576,52576,52576,52576,52576,52576,52576,52576,52576,52576,52576,52576,52576,52576,52576,52576,52576,52576,52576,52576,52576,52576,52576,52576",NaN,NaN,NaN,,0,R0.00,NaN,,,-100.00%,121,R1040075.21,,,
Batch 910 - SVC Cows,69866,"January 22, 2025",,#ERROR,,,NaN,SVC Cows,72,0,72,IN069866 - BATCH 52577.pdf (https://v5.airtableusercontent.com/v3/u/53/53/1779120000000/kRyS-fGnV1j9n4SxG2jOZw/Uxk6QrvVyvp0oUROrFygF0jBtmdvfxgc4rUcuXpExwn_P628us5gqSJJxZ4LPCLG9idzJQqhmNN78m_YDZLVmOX0jVs-P-XXDkRThVXoc_3hTEkFKwPbFNkhuDq8BVaZnZJ57ejb-J0d9XHLVPN1JKSj6sz3cgPCSt3c5ewEdcA/_e_VCwEW-ag46Tsuz4SrVevTx3aQlqoZKVS4C7KnJq8),,R8916.5336,R641990.42,Processed & Paid,"52577,52577,52577,52577,52577,52577,52577,52577,52577,52577,52577,52577,52577,52577,52577,52577,52577,52577,52577,52577,52577,52577,52577,52577,52577,52577,52577,52577,52577,52577,52577,52577,52577,52577,52577,52577,52577,52577,52577,52577,52577,52577,52577,52577,52577,52577,52577,52577,52577,52577,52577,52577,52577,52577,52577,52577,52577,52577,52577,52577,52577,52577,52577,52577,52577,52577,52577,52577,52577,52577,52577,52577",NaN,NaN,NaN,,0,R0.00,NaN,,,-100.00%,72,R659990.42,,,
Batch 911 - SVC Cows,69868,"January 23, 2025",,#ERROR,,,NaN,SVC Cows,81,0,81,IN069868 - BATCH 52578.pdf (https://v5.airtableusercontent.com/v3/u/53/53/1779120000000/Va1ioLMV4LhrhZIN6RCeMw/kIXxl0cpgal1zC7XRjMEQ_qGKjsZH4zGfhRgtJWpW-BWL3lZATPWXnH5r85ozKHJKyOt3CPamQ2cJwqtMDcDsZIZoojRiSX-_9NXAqmPmGuSlH4PteNu9M0ODjF01geMmpfzyCHzXwbzyw4MqS5xZEWVybQCHXTu8Fd8Ywp5VWc/m1ha5pOHQS8yMinnc6X4L2h9c1h1Lp6U8MsdYKjMrMo),,R9331.5402,R755854.76,Processed & Paid,"52578,52578,52578,52578,52578,52578,52578,52578,52578,52578,52578,52578,52578,52578,52578,52578,52578,52578,52578,52578,52578,52578,52578,52578,52578,52578,52578,52578,52578,52578,52578,52578,52578,52578,52578,52578,52578,52578,52578,52578,52578,52578,52578,52578,52578,52578,52578,52578,52578,52578,52578,52578,52578,52578,52578,52578,52578,52578,52578,52578,52578,52578,52578,52578,52578,52578,52578,52578,52578,52578,52578,52578,52578,52578,52578,52578,52578,52578,52578,52578,52578",NaN,NaN,NaN,,0,R0.00,NaN,,,-100.00%,81,R776104.76,,,
Batch 919 - SVC Cows,69964,"January 23, 2025",,#ERROR,,,NaN,SVC Cows,129,0,129,IN069964 - BATCH 52579 & 52585 & 52586 & 52587.pdf (https://v5.airtableusercontent.com/v3/u/53/53/1779120000000/Syf-v3ZbOylrq4QAD_zjJA/77ZRItWd9g8iftc-RN9PPdZmaD3IK8YzAFHH193WoXM-j4G9PzSTxHpJ5sVPe78PZ3Qx0xVsYWyWNGVTOaQs3sHcRf6kVNJtWyIZe6f_ZaG4fYF7-Dy_o83_81OKavmJiDOfehiPiIM50fk9EWDoVWEifo2qH-vjru302YtEeV4YxSghtjQqW-JYoqVw-gzT/KS4gxfVCGUs_CZXLDGyZLSzlNYoXwo0NcMMS3y4Dxpo),,R8735.8439,R1126923.86,Processed & Paid,"52587,52587,52587,52587,52587,52587,52587,52587,52587,52587,52587,52587,52587,52587,52587,52587,52587,52587,52587,52587,52587,52587,52587,52587,52587,52587,52587,52587,52587,52587,52587,52587,52587,52587,52587,52587,52587,52587,52587,52587,52587,52587,52587,52587,52587,52587,52586,52586,52586,52586,52586,52586,52586,52586,52586,52586,52586,52586,52586,52586,52586,52586,52586,52586,52586,52586,52586,52586,52586,52586,52586,52586,52586,52586,52586,52586,52579,52579,52579,52579,52579,52579,52579,52579,52579,52579,52579,52579,52579,52579,52579,52579,52579,52579,52579,52579,52579,52579,52579,52579,52579,52579,52579,52579,52579,52579,52579,52579,52579,52579,52579,52585,52585,52585,52585,52585,52585,52585,52585,52585,52585,52585,52585,52585,52585,52585,52585,52585,52585",NaN,NaN,NaN,,0,R0.00,NaN,,,-100.00%,129,R1159173.86,,,
Batch 913 - SVC Cows,69908,"January 24, 2025",,#ERROR,,,NaN,SVC Cows,88,1,87,IN069908 - BATCH 52582.pdf (https://v5.airtableusercontent.com/v3/u/53/53/1779120000000/KYp0zTdt3-WBQMKBShvc3w/uv2eHI1Rs6MoTi7ud8o8gCaVbnDDXQ2ymGzemPOKM2YrbWvj95cnr6Vsd76DakDjM6DTWQ7QLjBwikwJJFQdmdyje1H_cn51EykYiouO5f78JHWgg7BFytDKG8yV6uZYRFBCLlVilT-GJoe3RVs4ayhhpyB0BPGJvUHZX0Ci3Yw/yYZShvuFUOOVzGK8WkpvgNM-i-ZJ-iJ9BQlsrrxpVeg),,R8294.3182,R729900.00,Processed & Paid,"52582,52582,52582,52582,52582,52582,52582,52582,52582,52582,52582,52582,52582,52582,52582,52582,52582,52582,52582,52582,52582,52582,52582,52582,52582,52582,52582,52582,52582,52582,52582,52582,52582,52582,52582,52582,52582,52582,52582,52582,52582,52582,52582,52582,52582,52582,52582,52582,52582,52582,52582,52582,52582,52582,52582,52582,52582,52582,52582,52582,52582,52582,52582,52582,52582,52582,52582,52582,52582,52582,52582,52582,52582,52582,52582,52582,52582,52582,52582,52582,52582,52582,52582,52582,52582,52582,52582,52582",NaN,NaN,NaN,,0,R0.00,NaN,,,-100.00%,88,R751900.00,,,
Batch 908 - SVC Cows,69857,"January 25, 2025",,#ERROR,,,NaN,SVC Cows,104,2,102,IN069857 - BATCH 52583.pdf (https://v5.airtableusercontent.com/v3/u/53/53/1779120000000/zj9ReT4spnWc3dtoqOPdCA/-2wwVjZPhRRIP2B1iDLT0qGFr1ZLCrylpLoppycjIOscvDy3zXOoa4jh1tduZLgzjXbdRTGbYhZ0GUXkgeOQMqfa2ePjwbvQiEGpv6_ZKZJFWMt99_tO2q5_KV7IpTahMXY6wPUZpyMz8BaFGtujWyiN3cpFpOBWboYwPRa_OrA/pow6palrrKvkhdfotaPSxSaDx1MknYHEKOwdbKa7c4g),,R8865.0834,R921968.67,Processed & Paid,"52583,52583,52583,52583,52583,52583,52583,52583,52583,52583,52583,52583,52583,52583,52583,52583,52583,52583,52583,52583,52583,52583,52583,52583,52583,52583,52583,52583,52583,52583,52583,52583,52583,52583,52583,52583,52583,52583,52583,52583,52583,52583,52583,52583,52583,52583,52583,52583,52583,52583,52583,52583,52583,52583,52583,52583,52583,52583,52583,52583,52583,52583,52583,52583,52583,52583,52583,52583,52583,52583,52583,52583,52583,52583,52583,52583,52583,52583,52583,52583,52583,52583,52583,52583,52583,52583,52583,52583,52583,52583,52583,52583,52583,52583,52583,52583,52583,52583,52583,52583,52583,52583,52583,52583",NaN,NaN,NaN,,0,R0.00,NaN,,,-100.00%,104,R947968.67,,,
Batch 914 - SVC Cows,69916,"January 25, 2025",,#ERROR,,,NaN,SVC Cows,45,0,45,IN069916 - BATCH 52581.pdf (https://v5.airtableusercontent.com/v3/u/53/53/1779120000000/9nV7K3CTqcte_E-2gNzp2A/ERqGCMfsZkXRq5R7XSzAB3uDjI5fJs_jT9umKjTFo4p_dBu0gTHOjKeepiG1zuZnM3-F5ZAmT86gfHQ-QfzrDUDkl8wqX2FXCZW66_etFie-8IocQ3X_SFpN1ssy2B8UZBSbV_Kf8LB9S5JzJRL5OsIbIV_BRUKNtn5_HDKcjwo/oGAcjBGOusB3Jm1IY0POnqysUiS-OWV2x8jLyksVi9A),,R9248.2411,R416170.85,Processed & Paid,"52581,52581,52581,52581,52581,52581,52581,52581,52581,52581,52581,52581,52581,52581,52581,52581,52581,52581,52581,52581,52581,52581,52581,52581,52581,52581,52581,52581,52581,52581,52581,52581,52581,52581,52581,52581,52581,52581,52581,52581,52581,52581,52581,52581,52581",NaN,NaN,NaN,,0,R0.00,NaN,,,-100.00%,45,R427420.85,,,
Batch 912 - SVC Cows,69870,"January 26, 2025",,#ERROR,,,NaN,SVC Cows,50,0,50,IN069870 - BATCH 52580.pdf (https://v5.airtableusercontent.com/v3/u/53/53/1779120000000/sK7q6grNWHRusY3TSneA3w/dmfO3UoeFvxeyxty2LiCWTu9U39fFtX4q942OMa_QO0-hvHxd1FfVlENhdezttFksl08ApHkVJE34e4G-sLQT6k8OQH7ofdI8x1Kk3yAHYnVTVr8Ok1e4GS8JsnCQdYFjwXcBokjRiZkspd24DNkF6tfXK0ABT-r34Ec58wqk_0/6wAaMk7aRWfrj3XvGBQ-5gs8jTbvYZEnuOP7cIMz5Jo),,R8470.8946,R423544.73,Processed & Paid,"52580,52580,52580,52580,52580,52580,52580,52580,52580,52580,52580,52580,52580,52580,52580,52580,52580,52580,52580,52580,52580,52580,52580,52580,52580,52580,52580,52580,52580,52580,52580,52580,52580,52580,52580,52580,52580,52580,52580,52580,52580,52580,52580,52580,52580,52580,52580,52580,52580,52580",NaN,NaN,NaN,,0,R0.00,NaN,,,-100.00%,50,R436044.73,,,
Batch 915 - SVC Cows,69871,"January 28, 2025",,#ERROR,,,NaN,SVC Cows,104,1,103,IN069871 - BATCH 52584.pdf (https://v5.airtableusercontent.com/v3/u/53/53/1779120000000/xpsJg3XhIITgFUAVfPEDxQ/XMbqfAzl4l9CQXbtTWOxOX010CMbM6L0MJ4rz5bqfrzdHSUDugN4kwR81H3zWXU7HgkJ74I_RfOkZBSbQrl-8nrCu4zdJPwtrmWzQsKau4cu6y2MK4XgmlBh2yFIJEw8ZjPsIsGegzoU0c_hfBSU3lDnFQzmuGSQVnjFrwpfY3o/JkvVzt49d08wMDpsahXXO767t7kmvWPM7X5rS-4K-w4),,R8551.4294,R889348.66,Processed & Paid,"52584,52584,52584,52584,52584,52584,52584,52584,52584,52584,52584,52584,52584,52584,52584,52584,52584,52584,52584,52584,52584,52584,52584,52584,52584,52584,52584,52584,52584,52584,52584,52584,52584,52584,52584,52584,52584,52584,52584,52584,52584,52584,52584,52584,52584,52584,52584,52584,52584,52584,52584,52584,52584,52584,52584,52584,52584,52584,52584,52584,52584,52584,52584,52584,52584,52584,52584,52584,52584,52584,52584,52584,52584,52584,52584,52584,52584,52584,52584,52584,52584,52584,52584,52584,52584,52584,52584,52584,52584,52584,52584,52584,52584,52584,52584,52584,52584,52584,52584,52584,52584,52584,52584,52584",NaN,NaN,NaN,,0,R0.00,NaN,,,-100.00%,104,R915348.66,,,
Batch 916 - SVC Cows,69942 ,"January 29, 2025",,#ERROR,,,NaN,SVC Cows,97,0,97,IN069942 - BATCH 52588.pdf (https://v5.airtableusercontent.com/v3/u/53/53/1779120000000/BVFkZLC4Hjz1XV3iEf1Jyg/r_EtQZ_tV-Mi3j1OhHlhDWVg_Vmo42OHZmUIWh_LQDbpsDKdSfby_96DsreYIulUMOHt7cxnIc4AGmhicthg-f4m21ezfXxu-yM58bBImsb_lppGq4GqCdRctnxRpMQV5r54QjjcoHQ2I1usMFNmyzFhpT-peLIkaFQkJc-gKZc/l_v5iLRft-H76CyouugWcEz6me7YVvVUToYMVSA9jb8),,R7775.0289,R754177.80,Processed & Paid,"52588,52588,52588,52588,52588,52588,52588,52588,52588,52588,52588,52588,52588,52588,52588,52588,52588,52588,52588,52588,52588,52588,52588,52588,52588,52588,52588,52588,52588,52588,52588,52588,52588,52588,52588,52588,52588,52588,52588,52588,52588,52588,52588,52588,52588,52588,52588,52588,52588,52588,52588,52588,52588,52588,52588,52588,52588,52588,52588,52588,52588,52588,52588,52588,52588,52588,52588,52588,52588,52588,52588,52588,52588,52588,52588,52588,52588,52588,52588,52588,52588,52588,52588,52588,52588,52588,52588,52588,52588,52588,52588,52588,52588,52588,52588,52588,52588",NaN,NaN,NaN,,0,R0.00,NaN,,,-100.00%,97,R778427.80,,,
Batch 917 - SVC Cows,69943,"January 29, 2025",,#ERROR,,,NaN,SVC Cows,61,0,61,IN069943 - BATCH 52589.pdf (https://v5.airtableusercontent.com/v3/u/53/53/1779120000000/f1ZslvTAYdCWzXRo51faXw/rkj8VF_o7kbasvUkepnCj-OKcYrfEoyIrTQ9vggKZFv7V4aksJ3IHVCQxJJxzHvLNHXHWIQOuvYe-lGHo0LEYNwmdoaZy7YAIijs_fBCzbnR9FMO62LhJSrfKamAp2IF4ex5cGW-sXQft4QrB3TFBjm7dYoHc8Dh41JuqYSPp9Y/TokHiMxo1uR5Fm8fLZv2cJBRnhU9MBhjn8xezBaGw6E),,R6969.4361,R425135.60,Processed & Paid,"52589,52589,52589,52589,52589,52589,52589,52589,52589,52589,52589,52589,52589,52589,52589,52589,52589,52589,52589,52589,52589,52589,52589,52589,52589,52589,52589,52589,52589,52589,52589,52589,52589,52589,52589,52589,52589,52589,52589,52589,52589,52589,52589,52589,52589,52589,52589,52589,52589,52589,52589,52589,52589,52589,52589,52589,52589,52589,52589,52589,52589",NaN,NaN,NaN,,0,R0.00,NaN,,,-100.00%,61,R440385.60,,,
Batch 918 - SVC Cows,69960,"January 29, 2025",,#ERROR,,,NaN,SVC Cows,78,0,78,IN069960.pdf (https://v5.airtableusercontent.com/v3/u/53/53/1779120000000/aOgSLZOOHjSWnzarY98Ksw/cVHgLOI29ghRWNjpRlTOjR0h0CoPflLpnm8v7B2gxxYYkDsS7BiS-dw2BNPQ22Wo6phFs93KT1DbpYFmh-OA0l_8O9QOyNhjJ0zRAh0Sh0MBfYfQJY7OYIS3UNo89HWLKjq6GNehmSjKgHYRNb_t1qlfcMspyqjoTzVxa8Alr1c/GXBLDTDQuuek52Oza1R8L8JwPJbxlrtcGkMP4UbFFyE),,R8104.6654,R632163.90,Processed & Paid,"52590,52590,52590,52590,52590,52590,52590,52590,52590,52590,52590,52590,52590,52590,52590,52590,52590,52590,52590,52590,52590,52590,52590,52590,52590,52590,52590,52590,52590,52590,52590,52590,52590,52590,52590,52590,52590,52590,52590,52590,52590,52590,52590,52590,52590,52590,52590,52590,52590,52590,52590,52590,52590,52590,52590,52590,52590,52590,52590,52590,52590,52590,52590,52590,52590,52590,52590,52590,52590,52590,52590,52590,52590,52590,52590,52590,52590,52590",NaN,NaN,NaN,,0,R0.00,NaN,,,-100.00%,78,R651663.90,,,
Batch 920 - SVC Cows,69978,"January 30, 2025",,#ERROR,,,NaN,SVC Cows,87,0,87,IN069978 - BATCH 52591.pdf (https://v5.airtableusercontent.com/v3/u/53/53/1779120000000/-6dPt19CBBPtpPXW16mgLQ/3w4FEo7jXut31gbKPpqssKeR_JRyhD2NIREbqWT5xLuGGsB1Owcgz1fXlFl4NFlB8EiXgU3Id_0Kgc92QlrdvUFUIKZJtaPjVu--D3v3uAicsGkpvNeZAfNQxXL1rWmmKbnNjdID_99r_ElvlUVEgOkcVnJaS7V9P3icXjxrcc4/zqaFtzyziR_yB9kOqGzkWrEwv-u8uLekO41iT4fNXgk),,R9341.3092,R812693.90,Processed & Paid,"52591,52591,52591,52591,52591,52591,52591,52591,52591,52591,52591,52591,52591,52591,52591,52591,52591,52591,52591,52591,52591,52591,52591,52591,52591,52591,52591,52591,52591,52591,52591,52591,52591,52591,52591,52591,52591,52591,52591,52591,52591,52591,52591,52591,52591,52591,52591,52591,52591,52591,52591,52591,52591,52591,52591,52591,52591,52591,52591,52591,52591,52591,52591,52591,52591,52591,52591,52591,52591,52591,52591,52591,52591,52591,52591,52591,52591,52591,52591,52591,52591,52591,52591,52591,52591,52591,52591",NaN,NaN,NaN,,0,R0.00,NaN,,,-100.00%,87,R834443.90,,,
Batch 921 - SVC Cows,69979,"January 30, 2025",,#ERROR,,,NaN,SVC Cows,117,0,117,IN069979 - BATCH 52592.pdf (https://v5.airtableusercontent.com/v3/u/53/53/1779120000000/p6mqTx7T1L5jAwWE85_z0Q/4Dqi9pbmgUs2jgxmmAXhhr_ZLZmwbUwBWdd0DJY81hNDtaUXWyQvj2AMbGKaZDcFkpY60sYzfKNzSGzqYgRMEW3dG01rZdIxXXiN_kcPghv2fcdNr9H4C4FsQZ2Q1SsvQc4mNS1ZWFseyTfPRgW60ToOA9tJun6EgjLrMmBlMLo/EXJSQWTVf0C9Q1SUTHSDQZMorLgm7HzQmnE_uUeVIq0),,R8275.3322,R968213.87,Processed & Paid,"52592,52592,52592,52592,52592,52592,52592,52592,52592,52592,52592,52592,52592,52592,52592,52592,52592,52592,52592,52592,52592,52592,52592,52592,52592,52592,52592,52592,52592,52592,52592,52592,52592,52592,52592,52592,52592,52592,52592,52592,52592,52592,52592,52592,52592,52592,52592,52592,52592,52592,52592,52592,52592,52592,52592,52592,52592,52592,52592,52592,52592,52592,52592,52592,52592,52592,52592,52592,52592,52592,52592,52592,52592,52592,52592,52592,52592,52592,52592,52592,52592,52592,52592,52592,52592,52592,52592,52592,52592,52592,52592,52592,52592,52592,52592,52592,52592,52592,52592,52592,52592,52592,52592,52592,52592,52592,52592,52592,52592,52592,52592,52592,52592,52592,52592,52592,52592",NaN,NaN,NaN,,0,R0.00,NaN,,,-100.00%,117,R997463.87,,,
Batch 922 - SVC Cows,69980,"February 2, 2025",,#ERROR,,,NaN,SVC Cows,256,0,256,IN069980 - BATCHES 52593 & 52594 & 52595.pdf (https://v5.airtableusercontent.com/v3/u/53/53/1779120000000/mm8JuuVDU76EiysTX5SEIA/CzwZ2wCgCiRJpCEkxLavtk1EayQkaoEepOWZ-6_tKMJJyZaPqeTPz8Tnub1XQkpM8hBN8ASOHCFLfHG3cu2mLoMUleFPjQzmD8jTMJ493hxwiIrUEqkJladseR9W-BBODOfthWZrKdL9e8qypSA5XpcTw7XbVeMVf-aS8MbbQ-lbWHPfTmdlCC0kW3fpZ0cT/SWLNVykpzrVAOzvGNExJbMOUd9kBehrmIed3Q-NLVq0),,R9214.3750,R2358880.00,Processed & Paid,"52593,52593,52593,52593,52593,52593,52593,52593,52593,52593,52593,52593,52593,52593,52593,52593,52593,52593,52593,52593,52593,52593,52593,52593,52593,52593,52593,52593,52593,52593,52593,52593,52593,52593,52593,52593,52593,52593,52593,52593,52593,52593,52593,52593,52593,52593,52593,52593,52593,52593,52593,52593,52593,52593,52593,52593,52593,52593,52593,52593,52593,52593,52593,52593,52593,52593,52593,52593,52593,52593,52593,52593,52593,52593,52593,52593,52593,52593,52593,52593,52595,52595,52595,52595,52595,52595,52595,52595,52595,52595,52595,52595,52595,52595,52595,52595,52595,52595,52595,52595,52595,52595,52595,52595,52595,52595,52595,52595,52595,52595,52595,52595,52595,52595,52595,52595,52595,52595,52595,52595,52595,52595,52595,52595,52595,52595,52595,52595,52595,52595,52595,52595,52595,52595,52595,52595,52595,52595,52595,52595,52595,52595,52595,52595,52595,52595,52595,52595,52595,52595,52595,52595,52595,52595,52595,52595,52595,52595,52595,52595,52595,52595,52595,52595,52595,52595,52595,52595,52595,52595,52595,52595,52595,52595,52595,52595,52594,52594,52594,52594,52594,52594,52594,52594,52594,52594,52594,52594,52594,52594,52594,52594,52594,52594,52594,52594,52594,52594,52594,52594,52594,52594,52594,52594,52594,52594,52594,52594,52594,52594,52594,52594,52594,52594,52594,52594,52594,52594,52594,52594,52594,52594,52594,52594,52594,52594,52594,52594,52594,52594,52594,52594,52594,52594,52594,52594,52594,52594,52594,52594,52594,52594,52594,52594,52594,52594,52594,52594,52594,52594,52594,52594,52594,52594,52594,52594",NaN,NaN,NaN,,0,R0.00,NaN,,,-100.00%,256,R2422880.00,,,
Batch 923 - SVC Cows,70021,"February 4, 2025",,#ERROR,,,NaN,SVC Cows,135,1,134,IN070021 - BATCH 52302.pdf (https://v5.airtableusercontent.com/v3/u/53/53/1779120000000/0aWONKlTBjvCO6iBaR1ctQ/LgbnnMSNCTL0R_nDhH0ABu0OE7rX97VClJGX9xVCgBzzSn8vOQcUrfMMqVJFRrHYO6kF_zeWVjQ7kpAANa0Ktq940KlErwZPbMZqa_6PJ4n2xgZw1xg2cpAlYWdnMZ5P4Zn9zZLsc_lKX9INzcIdJMyo-M6rGuU8tsNbFr3IDPQ/nJpLhLRszkfKJHRdd3zwOWhF9kj_lOgViEAGNZQS3e8),,R7878.9690,R1063660.81,Processed & Paid,"52302,52302,52302,52302,52302,52302,52302,52302,52302,52302,52302,52302,52302,52302,52302,52302,52302,52302,52302,52302,52302,52302,52302,52302,52302,52302,52302,52302,52302,52302,52302,52302,52302,52302,52302,52302,52302,52302,52302,52302,52302,52302,52302,52302,52302,52302,52302,52302,52302,52302,52302,52302,52302,52302,52302,52302,52302,52302,52302,52302,52302,52302,52302,52302,52302,52302,52302,52302,52302,52302,52302,52302,52302,52302,52302,52302,52302,52302,52302,52302,52302,52302,52302,52302,52302,52302,52302,52302,52302,52302,52302,52302,52302,52302,52302,52302,52302,52302,52302,52302,52302,52302,52302,52302,52302,52302,52302,52302,52302,52302,52302,52302,52302,52302,52302,52302,52302,52302,52302,52302,52302,52302,52302,52302,52302,52302,52302,52302,52302,52302,52302,52302,52302,52302,52302",NaN,NaN,NaN,,0,R0.00,NaN,,,-100.00%,135,R1097410.81,,,
Batch 926 - AgriFund Dios,70025 ,"February 4, 2025",,#ERROR,,,NaN,AgriFund Dios,125,0,125,IN070025 -BATCH 52421.pdf (https://v5.airtableusercontent.com/v3/u/53/53/1779120000000/cT_uoE5h2PKDlRyxKTUZqA/c6AnBSLF90E-WBnhBiEKimEDRhFmUmFFG6bD-m62PWhkfn_YtO53LPzi1W7qG9jc4f1g4W6tuJIEfZ5xQdJ1H2IPqlGZj7An9drjnCTJw21W145ieh5JNwsG6C4HGh2KIWmDNaPSng_7DWLVw-8LrqnJfH85K6-urHyoeE1MeBA/KGPl8SYh4c8GCwsbYEL6auGGd9n-KsWZDCim48WsjoI),"Payment Confirmation-2.pdf (https://v5.airtableusercontent.com/v3/u/53/53/1779120000000/-9jDC-Q3zY9GBRQIHc2VVQ/uF8WMbvfudeAnq7_WVagdcIAgvfQHy6Etqn6eMJYMbGpaholQ9frFBThYjM7S84Mf8vNbqzOI9_JhT1DM1HLkPSgCG2dld1bLiknzLpNe8OgeC3DxvbtYg-75nCh_6pI_tBIbxkKgvU6slbu7kFC-fyeMo4P7UmrErHf4MzlCZ4/K5ZWqub0pYzNmrhOu0b5S9HwwcOlzFvKKfD3hshOMLs),Payment Confirmation-4.pdf (https://v5.airtableusercontent.com/v3/u/53/53/1779120000000/GaJTCN4kRQV_fxQOvpuJSg/Pdv77Vxe4TCiXBQ58rF8vlmL_4HLyhVj3dlUgefzrZSzDrJOi_sLyxHVvkyFNWMeIRk1fWzlzVSRb7lq_QBfNnz82aARDPeLX2iDiiuNKS23hJpI6of3UIUcK0GKvLWLGcvMfObPGHnr-3oo4NODY8uvIePNr0Eubij6G6LleRU/5wbBuAWoJ8WlGaQZWzfJ_mp13HG_tqLF9WRB6izhvPc)",R8678.8969,R1084862.11,Processed & Paid,"52421,52421,52421,52421,52421,52421,52421,52421,52421,52421,52421,52421,52421,52421,52421,52421,52421,52421,52421,52421,52421,52421,52421,52421,52421,52421,52421,52421,52421,52421,52421,52421,52421,52421,52421,52421,52421,52421,52421,52421,52421,52421,52421,52421,52421,52421,52421,52421,52421,52421,52421,52421,52421,52421,52421,52421,52421,52421,52421,52421,52421,52421,52421,52421,52421,52421,52421,52421,52421,52421,52421,52421,52421,52421,52421,52421,52421,52421,52421,52421,52421,52421,52421,52421,52421,52421,52421,52421,52421,52421,52421,52421,52421,52421,52421,52421,52421,52421,52421,52421,52421,52421,52421,52421,52421,52421,52421,52421,52421,52421,52421,52421,52421,52421,52421,52421,52421,52421,52421,52421,52421,52421,52421,52421,52421",NaN,R0.00,NaN,7/22/2025,125,R1116112.11,R8928.8969,Sold,"Invoice INV-0056.pdf (https://v5.airtableusercontent.com/v3/u/53/53/1779120000000/A6nwrpaF49d2hWzO6SE9iA/urK9oAaUi2owyTrCFtdCaX9Gsg7gGj4bgdwmLjwz19W41e_uP4WpL-tR2leaAVcah3AcErTFT8B75ej8Ld4Fnx1iFnx364T235S2kRqLpjuXWBzPBrUFnclJn4AWkYSGz4EIW9Fo8Um-V0C4v9rTEcebwN2kTVzCaYOomY10xH8/yaHsM7_okcMHVRrHlHp3YeFusawQmYGXWBRtSfY6vj8),Invoice INV-0057.pdf (https://v5.airtableusercontent.com/v3/u/53/53/1779120000000/AUW0aGgdiLtA7v3B343MCA/gjxcYLaJZe0NGzCPHKZD4w2j6jOdzhqjYHnu_Xg5gK2aeySDtwa-MOuCI3Gxy2wAYSIrptZ6wt8SZqsq5hoZPhzm-mf2lHN3fo624ZTjhxaWSCMXPbCMwuxzWxbxSww082mf3lABQ23oP_dkQpZ86hRyCDp3f1Ov0_gURjWgsuU/ur7aNtgi06l5WZBHjig_-at9T2MDuLsVd6dQwXxiL_c),Invoice INV-0058.pdf (https://v5.airtableusercontent.com/v3/u/53/53/1779120000000/4rf4oSuAvMdIvThJ7sBCig/vADXldHHSHAsoVnGpSqVwIOj7OD7YtrmbcPPPjWEr2OJmErCyUFB2Hhjf3DNKjozXOBtY-4w_1QZF4jSMD-UUE5qs4FngU2qP8wwPMrlh8fgYsrXPWU4puZwAwpDzw0tVZrtpT_Bupe8Y7-t3uRH2tvBEdyQUeiTzM2Cc1KPNNU/LSjhfjWhZxjPK0Fe9a1JXOQj_3wcXyQGVbSE247Mae8)",2.88%,0,R0.00,"AGRIFUND DOS-2.pdf (https://v5.airtableusercontent.com/v3/u/53/53/1779120000000/jQXuS720WlzvCHibWQg3gA/_zC4AuaSX7p1t9vkIMHarSBuO5F3ZiO6LhaxWAWViQqjn7vHk8tUpH1c0FelKgPu0t1IFwoXmFJTnuRi_Vq8biL0VC9JgKydWHAh2FeTTAcwyEg-8XGzYWD6sRUYmcGU49QCbWN1FGeIw7IwvFRUn-ahgaIXDMiKm7nI9jOfOkg/cOgd4LT_i4GKDtrzKfVx2Y_d6uDnqxqeGlALUpraWUQ),AGRIFUND DOS-3.pdf (https://v5.airtableusercontent.com/v3/u/53/53/1779120000000/KLjlzv1fsPq6IC91Zd6Q_A/9kMnWqRYCUsE-ys0SPrGsnUgw-XWdKp42-1RQYDC8oHa-CrY__rKTAJqSPfnGO7_KvtBnw7gGC8w0oDh8bc6Y4SMjFkKJUYbDmt8qXoyWedJOFuqR82rpSmVVVKcF8xsp0RN8VLgg1tmRgG199MNSMVUJHLX_uthfinUcEtR5mg/i3EMjLJJYSdWKImxMvbl0_l-Zi3J6EmEKw2kpr_ZXXc),AGRIFUND DOS-4.pdf (https://v5.airtableusercontent.com/v3/u/53/53/1779120000000/crcNg_45sDn4TeGGZEFo5A/0VK3kZE5aHrnRCtZa7cMhTQ4C9vAMTka2G3F7GC9AD6vvXluycomgL_ZJtEW6iadWVWsPePFO3z2Fbj6sRHpF8qmyXkBxiCK0RRRt_AHd3r-3Jg9rdRObsWGvKfeq9h0oKsRIj-xQCmPZIKWFuXIL7ReIZNelIbw29T7wKBZLp0/by1WbRioN7gDZpyrQ33nbVs6m6i7NUUj2wJlPMCr_Pg)",,
Batch 927 - SVC Farming,70026,"February 4, 2025",,#ERROR,,,NaN,SVC Farming,97,0,97,IN070026 - BATCH 52422.pdf (https://v5.airtableusercontent.com/v3/u/53/53/1779120000000/_EfgRESetxOl6-DanXKEDg/F16bEqBDtYquGyDZwUZHDptwKykVpDRqGf1seWA-NFMVENd3K2PRUfHxgkEs2XODnjG703-pCyVJLD0yFZ7_xDzudDgvXeMF0u58aEULIKwvGyvHz-UDhBcdsZIOAwbbpkACTAeAlnx6Q4TxgBKhqGq0I4eb8i0qUzIu4IDZnW0/uWHWCekN-nc_EqR1rkuAfEde1HTydXgrVtW4KleT8Ws),,R7951.8688,R771331.27,Processed & Paid,"52422,52422,52422,52422,52422,52422,52422,52422,52422,52422,52422,52422,52422,52422,52422,52422,52422,52422,52422,52422,52422,52422,52422,52422,52422,52422,52422,52422,52422,52422,52422,52422,52422,52422,52422,52422,52422,52422,52422,52422,52422,52422,52422,52422,52422,52422,52422,52422,52422,52422,52422,52422,52422,52422,52422,52422,52422,52422,52422,52422,52422,52422,52422,52422,52422,52422,52422,52422,52422,52422,52422,52422,52422,52422,52422,52422,52422,52422,52422,52422,52422,52422,52422,52422,52422,52422,52422,52422,52422,52422,52422,52422,52422,52422,52422,52422,52422",NaN,NaN,NaN,7/7/2025,97,R795581.27,R8201.8688,Sold,Invoice INV-0067.pdf (https://v5.airtableusercontent.com/v3/u/53/53/1779120000000/Tz19H8hd3NFS_RhEV8rBOw/ZmsGApUNmSLS15E83Ycnk-HDy6aVmCD1FnkEsoMk9SYzoIDbf1RLwOnJpx69Q6vGb-mofsIQFjo8kWxlzoDoCxPlwRIkJuZtBdQOc0K1Bb8Jt9VxnDJvCOon-CGj6Ct5EFbKtkHNaSM5JGKhJeTF3aeUeUdVcT5Prx_ZW_JbH64/1cNqUgrXEPOcAOyUUX8Z4HbKEw1urQU6wxKeny8vRMQ),3.14%,0,R0.00,SVC FARMING CALCULATION-2.pdf (https://v5.airtableusercontent.com/v3/u/53/53/1779120000000/TndWZQrzi11wHN0nCc0ZHg/776NVKUKFhXIdBZaY875yb4PUhDHWgXh9RzzBedxx1bYHiICLxPJolFTUaPKaKN7EM7R64D2FFj4788vAVMlyXf2AuHuP5Dk9wT02MlHP8cZVkc3mGPEZpDUhh4EA70dZRLVr4Tydm3xpTCWwVGA1_xMq4v6BVj02GNo6L72Yb-Bgzwigo0v6YERzQhhLKlY/RcaT-PE9eoYabaBzzEeD4DMKmB3i0T0emT22JexrwbE),,
Batch 924 - AgriFund Dios,70022,"February 5, 2025",,#ERROR,,,NaN,AgriFund Dios,116,1,115,IN070022 - BATCH 52424.pdf (https://v5.airtableusercontent.com/v3/u/53/53/1779120000000/hEaf6UG3fEsvJdY08r7nPg/LEQcMiNbrAGCH4AqK6V5ay16D3lnxUD_XPxmWaLp4wGCnsKM8MXdG2cysWtuLBlJp0mJs7ThBk7vr1vDbeG9KY7hOS97mg79UYAk3SSFEYC5IUUu4_hTLaEnebEnKhbybCMeTnGJCVbuZRfvevYRO5NNsHHWFKrAMtnb18QaqsA/s0PCWZzoc1nWYCz9GqbOC2AHHXgoM6nqiut5Lfy86wU),"Payment Confirmation.pdf (https://v5.airtableusercontent.com/v3/u/53/53/1779120000000/WzQHjP-w84o-SrOa4iDXYw/bjss2XgGeK3Dk7YOZeC2_lExwXYI6u6IGhI_0cv7VZR38oKmIf61atM6ADTmoB-hOJXQlDU5kfw2uyRb5EG5XOEG1aAGbS7iMCS5RDKSU2gQeHxr-eVHNzlyFRbQPKcmOS9wJKOesA3ov6PrGRYUFUzAjfZ_38gQGWiiwT4DkDQ/8Iu5_Y6siJXGgBzsCaON16rPjI2NC32IZOa5ylEc834),Payment Confirmation-10.pdf (https://v5.airtableusercontent.com/v3/u/53/53/1779120000000/gI3E3B_G-QhMhdNaCeUy-A/STyST32uPgJxdNRjEb3fI2-_WicKVgeUHfLkdipMU0jRYiOqz2b3PC5_9tdQnjPNHGEZ7GLakUYnIKHarqFoMr6lIxyg8Gi8hqlmIcVCBY0UygKSCV0RXcoIwL-RKKCukxyTiNGTW6elY1wp69cuHMQxEtaWU0WsnIcLG6atKh77DrMuyFGvPytM0_2QZ4HK/RDZLIyLN3cLHD-T5rCY5x6sMTBCJ-7i3DOWwSkrZcmI)",R7852.5184,R910892.14,Processed & Paid,"52424,52424,52424,52424,52424,52424,52424,52424,52424,52424,52424,52424,52424,52424,52424,52424,52424,52424,52424,52424,52424,52424,52424,52424,52424,52424,52424,52424,52424,52424,52424,52424,52424,52424,52424,52424,52424,52424,52424,52424,52424,52424,52424,52424,52424,52424,52424,52424,52424,52424,52424,52424,52424,52424,52424,52424,52424,52424,52424,52424,52424,52424,52424,52424,52424,52424,52424,52424,52424,52424,52424,52424,52424,52424,52424,52424,52424,52424,52424,52424,52424,52424,52424,52424,52424,52424,52424,52424,52424,52424,52424,52424,52424,52424,52424,52424,52424,52424,52424,52424,52424,52424,52424,52424,52424,52424,52424,52424,52424,52424,52424,52424,52424,52424,52424,52424",NaN,R0.00,NaN,7/22/2025,116,R939892.14,R8102.5184,Sold,Invoice INV-0058.pdf (https://v5.airtableusercontent.com/v3/u/53/53/1779120000000/3mnHUzyDQVwgYEBRD3IvyQ/JE7iGs5Tl0IBrpHTMSJ6jBw4atFyOt1pNa14EQgL-ymGyEMILWEeNb6wDhJKblAmB8MXmEgh2uaO7yuXPNdy-AnvA6rUATZpnwcFHd_EphMNKdwIs60H_ZnYbL36irLH7hXvahuUwrpdjt_ErRQQv1wg1fvohZUkmO8xr8Atdnw/LUxm7H6SrIQMCvCabTCqsGejfUzsnZU9p6N2CPfr2aY),3.18%,0,R0.00,AGRIFUND DOS-4.pdf (https://v5.airtableusercontent.com/v3/u/53/53/1779120000000/p9NX-XosxEU7MFzyykS-nQ/3azUhrb3WxAScDVN8k4QvXtFxmbWtksQG2cmvCf2h3SKFQUgJoxaEWY5HYqMR0VDpFsauB7jNsFFN6agx7AZKK3a8vf9H0u_ZcAMJYQ6FU3GFsOQ_dZ8D1HEkt4AOODb9Yijt-8vGhKwCca26HDbuxGUxeGo1xX43bf2_bhki7M/umlvAiB311fw5444sPzFWMdz5nTdELfgT0AgYSIPW8Y),,
Batch 929 - SVC Farming,70028,"February 5, 2025",,#ERROR,,,NaN,SVC Farming,97,0,97,IN070028 - BATCH 52425.pdf (https://v5.airtableusercontent.com/v3/u/53/53/1779120000000/PBg7OJ-t717YpJniEPxTIw/J3bo__jLhlne0ji2ZMp7RUK7MPOVB2nUpSDvDhpCnz-QC_kc5fM98842-xY0xXzoKG1n4IHtI8oMCfB-uE6CUk2FCLBOPaLsIDiIl9cG_GlXoV4aZA0Vl765MXiRvcKwGV5sX7fdeZiA7YUutcILHuXHAaj8---MQWEZ5XTgPk8/pvDPsz4TN999V4-xWWXdTXfwFXzQygS_qGBr1M3iN3g),,R7415.8763,R719340.00,Processed & Paid,"52425,52425,52425,52425,52425,52425,52425,52425,52425,52425,52425,52425,52425,52425,52425,52425,52425,52425,52425,52425,52425,52425,52425,52425,52425,52425,52425,52425,52425,52425,52425,52425,52425,52425,52425,52425,52425,52425,52425,52425,52425,52425,52425,52425,52425,52425,52425,52425,52425,52425,52425,52425,52425,52425,52425,52425,52425,52425,52425,52425,52425,52425,52425,52425,52425,52425,52425,52425,52425,52425,52425,52425,52425,52425,52425,52425,52425,52425,52425,52425,52425,52425,52425,52425,52425,52425,52425,52425,52425,52425,52425,52425,52425,52425,52425,52425,52425",NaN,NaN,NaN,7/14/2025,97,R743590.00,R7665.8763,Sold,"Invoice INV-0067.pdf (https://v5.airtableusercontent.com/v3/u/53/53/1779120000000/InNLGiaqfLz277nESVZJKA/xDQTeyQXfTPXcxwwMN04tlzesBjwmvlvuQ8XEh5hFxhqu5oPBxlztWsewpN16YPUX0_im37qQ2CFKkVeOgxIxz-BKP78PejqSlFfXUkrAEOERryI7iWQWz-JIQH9RAeN5tKShbOjI3WZT3MdHvwrIgwUjfFjs5odDik9tO9w1jU/tZnknwNOqRDbPi06m2sf-oPlq-yELCuMzSWLaRIQz7A),Invoice INV-0068.pdf (https://v5.airtableusercontent.com/v3/u/53/53/1779120000000/T2jGkRGvzHPJjoCqyo49Lw/KLnBwr06HbMm8FY6m5hKogUBc9Asv1lquXIJX8Wc-CpfCJwXHzxkPNVV8any9hvLm2DHkfiLoQYoadTyzPkvRKZn4UQp7p6nu9S-eQOeYdgoXAW3cuMx-b3XAGj5k-TjJgtwlAY30i-O_5YFudmQo1aNq5g1b8c-aak4Vze8Ag8/AahR1qe7JhGudB1RqVAluPymdCOkqC3VAom4xzmYRa4)",3.37%,0,R0.00,"SVC FARMING CALCULATION-2.pdf (https://v5.airtableusercontent.com/v3/u/53/53/1779120000000/QRfjFsQpXqdliUqbVY7HGA/3Ni1fvmFQUtZNtTp9BaPQPT_eei81iW0PZjEIcaYEWfzFhaVjxS6I0JulM2zibMBVpPbtjvjNqa-p83-_zfqoBC11GmsMJ8JIyzhNMYc12_l_TYyh2ZCCzswmNt1MxrqpK4J2uFPVuGjQz_i3_MjNuOkf0BbYF1-PacwB_mJ9QkmPJeTRV6uUo6qXOzu96lv/uX-m6RlZzf00yiOXky76hGrpSiReo2UB8JcmtMGMTVg),SVC FARMING-2.pdf (https://v5.airtableusercontent.com/v3/u/53/53/1779120000000/3eKktbxMWurRZTgXgdK9lg/jZm6duP5DYh3kKMgpj8mtXZA1O9mbxLtS0Ql1bAFBMNIxjPgyl6sl0roQntxfNu1yPbQ9bAxziQ9FCcqUkvxlayC2YtXHJ6hMyGjiQG6aVOhrXuPQpC1xtGne9Gop4OYJhiaUfkOdwDr_2hJmCnlC-m3IcUpnCRyqi3t6MjvL_Y/OaWcX-42nKZaCQ0-70nZRb3E-tXhtfapKIjMeNf1gwE)",,
Batch 925 - AgriFund Dios,70023,"February 6, 2025",,#ERROR,,,NaN,AgriFund Dios,107,0,107,IN070023 - BATCH 52426.pdf (https://v5.airtableusercontent.com/v3/u/53/53/1779120000000/WMDJM_pJuc8HOGsBEbnUWw/Kkx2XTAJ7fFc_zVR_fQ4wOe-zsfvBQjoHR7-Cn_BbIFJoookZN9DAQcH2fy3vaN9sJZbiSj-tgwpBAAoCs50bc2nAqv-bsegrDw_Z6TWuxHH4kFQ7UVvOCcob2agr_Ujf9lRyjWJXWPrFZKPDCTrbTAXh0QM709TumxnnhMhM4k/jvuDyT-mRtHzde9_fA2P3OS0hhRXACPtoaZS-AuQxjA),"Payment Confirmation-3.pdf (https://v5.airtableusercontent.com/v3/u/53/53/1779120000000/va68m2cyYU3bhxZ6FrnTBw/p05HaK6kT4Eh8eQ_Pc-xe_vwPHJ8ooadDEwK_CTTBrKQEvLgZFwrtRiOrq2emqo_g97Vo4-rktldFEiXMeOPI-b4il2IkbvgsDEHfsEr02uyKgxRmz1tNbcZPXeI6nYvFolBqtY1BBD6PPEaY1aXSdlUEw75mhvhO46nUZ0yScg/XdJs53gAPlgyzRUcMTtkJ14fZ7kXD4aDBbghHxSzWfI),Payment Confirmation-5.pdf (https://v5.airtableusercontent.com/v3/u/53/53/1779120000000/FCby0nfp_9pA1QywwCw00A/bogThehWuulrKVrGwLPT7v1HS2O7j6EHehZMfVnKLKAycQ6-_pTHmDZIKw82DOSPNgAiBzex1kuI7sX1ohJ8UN8dnkO71LpuA9nEqmjpIajvvFGfKy-mgClJbC7RT7OP4oTtdfV57y6P6k6EgBcG_RVamthrMwFBnv_n747xOg8/Q_bpwW3xoyDuaLardXPnUNZqXEoAOubolunqzNqlx5U)",R8591.3286,R919272.16,Processed & Paid,"52426,52426,52426,52426,52426,52426,52426,52426,52426,52426,52426,52426,52426,52426,52426,52426,52426,52426,52426,52426,52426,52426,52426,52426,52426,52426,52426,52426,52426,52426,52426,52426,52426,52426,52426,52426,52426,52426,52426,52426,52426,52426,52426,52426,52426,52426,52426,52426,52426,52426,52426,52426,52426,52426,52426,52426,52426,52426,52426,52426,52426,52426,52426,52426,52426,52426,52426,52426,52426,52426,52426,52426,52426,52426,52426,52426,52426,52426,52426,52426,52426,52426,52426,52426,52426,52426,52426,52426,52426,52426,52426,52426,52426,52426,52426,52426,52426,52426,52426,52426,52426,52426,52426,52426,52426,52426,52426",NaN,R0.00,NaN,7/29/2025,107,R946022.16,R8841.3286,Sold,"Invoice INV-0058.pdf (https://v5.airtableusercontent.com/v3/u/53/53/1779120000000/x4_Fb79u5aLx83ZQQIpE2A/NGiGgP6RbPADUrOsKoYzwCmL9mP-B747aa2trmxnQ7MNYKJNKMxUpJQ_AhL28nMOSNEO-zeHQYGmk6EKth_N-chslcD4ifSbHMZLDxsJA0tL4I5vf64BgrtwRzhetEn2GZHYvHNUse60ctCiYLYNeUK3IZJkoD0ljTkRfB2qiuA/xMVHFY1Gr55xRoG5gLRYEZ-B0Kc7dsipUPCQKdBv-4k),Invoice INV-0061.pdf (https://v5.airtableusercontent.com/v3/u/53/53/1779120000000/RM9awDh0N45ybc-_Vkk0pw/Wf8eWlYnmY3w9TTifpyEH8GG7jDHyt4BfXZ3ZJ9smWp510v9Aafnrp0NAieZkSx57yHIGHLoPxCQ7ea1b0FM_koOcSfeCqajHsX4lK5DIFGF1ZBCN4JKYe6pqMAF5lR-2J0wi2NLHYvODPGFtIji_w_Ll3dwpZV3tTmshxINCEc/o7W3fWktXwuZNPvKsMJfMyXVwFESrVSmwH1nb3pv4JA)",2.91%,0,R0.00,"AGRIFUND DOS-4.pdf (https://v5.airtableusercontent.com/v3/u/53/53/1779120000000/mT-5hPGGzTQt1gIG1sxJwg/HcVIbbIrnA1SbXcbb-I9iQ0jC4iXdsEflCvOZgwiz2rjRtEn_Saa_GTWtPW6cqxkOwzJMQevAWfMaI1-gnWIc5jwIJCAr_tLh-rxzA3UwIAa3I5_kXwhUmfz2U4EoL3s_4kALomBO1xr98fgYmt0kViqhwxxcavkPGoz4RUFaKs/ZZLXZX_d7kjR_vS0Rc7Ufr7CDL25quRcD-0TRwlwPHw),AGRIFUND DOS-5.pdf (https://v5.airtableusercontent.com/v3/u/53/53/1779120000000/-9BdepYCD6p-HyDRgyzgWw/zfKWm2IEGVHrB_5PgjZyTeuFyk4jH8xZzeq6xJTuMuKmLyYQ3XalDmCdhSn6eHMzvOfalBAoemEABGcVWAIZBhlge5KM6PNaZR4vAzqB6-dA8kL4E2BTl8lI8k3S5cTLyEbrmGs5YsaNnAA5Mfi3xErhT2XK38W7LRBSLUhI1jE/SjOQLQoBQno8agky9vuPyFUTdru4ZMYI26jToyFabIM)",,
Batch 928 - SVC Farming,70027,"February 6, 2025",,#ERROR,,,NaN,SVC Farming,89,0,89,IN070027 - BATCH 52427.pdf (https://v5.airtableusercontent.com/v3/u/53/53/1779120000000/Dq9O9dyPNw6NfXMglHjgFg/IF5idVoBPWmc857PMripkRrzb6SNBaHrwNUYDRXfMrw_KC0I90y3WwkaUTiOhYNOLrG0oyEYFqJFD1kERfQtjcGo4aRQQDAVCknw_pvepu45FLJfuGkMFbzHW_E8qhBbPESgvG_jY5IpOXyQxt3lKuAXsTokx7OxJfXpkS21jxk/CLTvIKpbZw6ssMr_158lFVqpm2ypBTMFsiMA92jpCM4),,R9693.3998,R862712.58,Processed & Paid,"52427,52427,52427,52427,52427,52427,52427,52427,52427,52427,52427,52427,52427,52427,52427,52427,52427,52427,52427,52427,52427,52427,52427,52427,52427,52427,52427,52427,52427,52427,52427,52427,52427,52427,52427,52427,52427,52427,52427,52427,52427,52427,52427,52427,52427,52427,52427,52427,52427,52427,52427,52427,52427,52427,52427,52427,52427,52427,52427,52427,52427,52427,52427,52427,52427,52427,52427,52427,52427,52427,52427,52427,52427,52427,52427,52427,52427,52427,52427,52427,52427,52427,52427,52427,52427,52427,52427,52427,52427",NaN,NaN,NaN,7/14/2025,89,R884962.58,R9943.3998,Sold,Invoice INV-0068.pdf (https://v5.airtableusercontent.com/v3/u/53/53/1779120000000/osPPlpPv-ZUMOHeXpb9xow/s-IkBkXhnZjAgxWKbpce8oD5OmRrU1kCiSm96PyK3dQsAuJYiNkeHqwo_FhfE2Y8VXSh4IU7efHvO0u7ULpjohS2wj1Qd-FQDJadIv9TYDmOpFOhLQOh96QBhK43Ez7RDKrwSuC4uoPqDv-a6QPXKEsN2WBzEYgMY-pLt4eRpus/YWWYe5EjJXXS4sNNRSu0ReKGZH6-xs0rRaJLuLUEQVk),2.58%,0,R0.00,SVC FARMING-2.pdf (https://v5.airtableusercontent.com/v3/u/53/53/1779120000000/VSENguwQKUBXN2O-Y3AIMg/aIHx1tellpwTIjC4jTKgudk6PyKEx1ofj5BMNWpvoc6bpDyAG45zSKRiM59MAtJcbF9rwsRKnMG2PlNFhn59Aqe84AKsauoye0X9sMZkI2GgBXV9EVtRyjkAHMvcccEUVQMbhIJie8XW6B8ewJmvugX0N3EGelei-8dEf-iOgCM/u5P4Sug2va2dZk3HBY65n6V0_jhLLj_BIMK_zaI1B7k),,
Batch 930 - SVC Farming,70030,"February 7, 2025",,#ERROR,,,NaN,SVC Farming,96,0,96,IN070030 - BATCH 52431.pdf (https://v5.airtableusercontent.com/v3/u/53/53/1779120000000/RDFxuuu7qqQ8rncBlN7spw/S3hCTkgWoi-lYiRTvXgdQKQec_fh2-RakwyEVPoaWT1hY6nfrfWGzy_tyIfWrSZPIW_B1u7hgYzMAFBymZTEs2iAxC87htFvQd5zYwNIWh5phOE5VP9QDj_fhpRzjkr9aOPKiI75ba-uKpyjj7-mI-dczslXaAF6F-CrsSP9HUs/ZigZGfhXxYeXsCHb2tJN3VRZu-Do46y9FFN04KuBAZ8),,R7455.4167,R715720.00,Processed & Paid,"52431,52431,52431,52431,52431,52431,52431,52431,52431,52431,52431,52431,52431,52431,52431,52431,52431,52431,52431,52431,52431,52431,52431,52431,52431,52431,52431,52431,52431,52431,52431,52431,52431,52431,52431,52431,52431,52431,52431,52431,52431,52431,52431,52431,52431,52431,52431,52431,52431,52431,52431,52431,52431,52431,52431,52431,52431,52431,52431,52431,52431,52431,52431,52431,52431,52431,52431,52431,52431,52431,52431,52431,52431,52431,52431,52431,52431,52431,52431,52431,52431,52431,52431,52431,52431,52431,52431,52431,52431,52431,52431,52431,52431,52431,52431,52431",NaN,NaN,NaN,8/5/2025,96,R739720.00,R7705.4167,Sold,"Invoice INV-0068.pdf (https://v5.airtableusercontent.com/v3/u/53/53/1779120000000/Fl1x2YByKVLSdI8u1_8-Ew/3IE9ElcbHY6RNxIlNAfV57xjd5adYhWzJwb8ulDCUKb1Vajbr9DEkZDKHKhYqbPAo0ZoVlZWW3hw8Q56Y4zjvGLoWpApqEKMKaP4V858HvfTwcE_G1lZH8lPrnaSUNJcdmWtvG76HI5L1g17VNi7n5CAqJZwJlwciz5WgxnrKuI/23ZuEGHe6BsOvXTvn6qzghCRPcOUDSjlTUKi0Dw6l-k),Invoice INV-0069.pdf (https://v5.airtableusercontent.com/v3/u/53/53/1779120000000/nhyifK9kjCCuCs3QlyY1vg/TRX2CG8J2VxjHVVE9WKBmvt2UuVrTqx2Cb4e0m10MuBLdT0YPrNWxhCxXkR-Dc_eV9aVuylvgS9ToXtqQlpESuFRKdfrY0uqLDjrfCDHdiqEE2UH4UH2CELYFDUtdyBSgJN5xc8bzldonIwJyxO73D4Rx9723PzY-hGqXhJV0E8/-1A-PsrMeg1anWtE4f8Rv5EpH_Z29-7i9FmuQcq7usg),Invoice INV-0070.pdf (https://v5.airtableusercontent.com/v3/u/53/53/1779120000000/q24bHjt3YxMhECsM6NA8KA/_Faw8KgWq225VeZW4Ok1bPP4WN70VWldvSgb1GwddlkR-r4wO_3TOA_Af-5kCFMxLDuGnnjCAy2N2kYAkGOQ4ybrlP-caZZQYYhrlhzCB_r1DfIjVC4QzYhLW7tN4It1e5Nywc_Hidj9YyOozdAVw4PxNBBiXK54xG0unv7R1P4/s5kO8nJbZXiyW8ZqWB2P5eHJR4p0xS1hbY5J37CLcx4)",3.35%,0,R0.00,"SVC FARMING-2.pdf (https://v5.airtableusercontent.com/v3/u/53/53/1779120000000/wI37T6wVqU0I4NHBtEt4sQ/zIXX6IKqt3skCqmO3u5l8NEi00tjN35O18CZJUEjiTr_ScLycJBkmpvlBOaBVeZVBSC14SvugycECzMapyq8s7cX2x38BS3tc_O7JKrVJqxU5vX_o9lPNTeC5pyiVfQLui0pxnleNLdkp-efjgFX14dw7ytjg4rNf_Lexn73Uwk/qMl1ulVY9_csnF9-wc2CQvC2ImknlFm1375eqKU-v_0),SVC FARMING-3.pdf (https://v5.airtableusercontent.com/v3/u/53/53/1779120000000/3AkfSy9WWBKeAqclkUwXkQ/tsMi0u58Fm7dXCEerq0G2tHBb68G_znD62MJBXQ4s7JjXx_AZUti0fLXGO9o2R-xvlp3qSVPSDT6v4lOsh38BWWLwDkkAkbvDh3s9FgKEKWBjfAn1GYBcQsuI6kG8mDaps8z0e_5O-UxAGftEn2Ip86fhgk5nQhPHIhGpa6Y7ts/WftjynVwukh_Z7S8RviIbv9oCeY5vofHHlFnIXdAx30),SVC FARMING-4.pdf (https://v5.airtableusercontent.com/v3/u/53/53/1779120000000/a4QaJ9P4Q2J5UXbTHkyy0g/AQSAwKByB3G24w-swZPqcM7uVgzO_orrEskOu6O0cvM-RT4RO00sn7uREgIRMJ80h3dQOw-achaPNe8llyri0XC9isEPZlWllKue4hJPlUm2i_ahTuoF3LRqbZKXoqV8r9OtDV0IJwmbUb2s4kYOf-3JzFIgxe6H6UcKmfyljjs/y8PlOay9JOJD3CNj7KgipX33C5rFxTyBL4uAyw4EEU4)",,
Batch 933 - SVC Cows,70033,"February 7, 2025",,#ERROR,,,NaN,SVC Cows,51,0,51,IN070033 - BATCH 52433.pdf (https://v5.airtableusercontent.com/v3/u/53/53/1779120000000/RPB7wwQrqFeA3kPNiOOqWw/7EkslpteAhQhl0i7bKruXsDosdMqzM4azgYR6gHy_Z60QtHc-3yWHXt22V_qN-WX6jId_QU8JNplKx8bqhu2WTFfiZvOzLCZ7aYqt5oR8soz3jzQr-9dD1Xr_f59Q5_dRlecrvStZDoii2W7b00gK7Y6KUguQDVIRrZZKJwvGsM/jYFMAO2INgc5fBqmvV-dpEc7sNA6SDyHnsJU9we4f1c),,R7831.0735,R399384.75,Processed & Paid,"52433,52433,52433,52433,52433,52433,52433,52433,52433,52433,52433,52433,52433,52433,52433,52433,52433,52433,52433,52433,52433,52433,52433,52433,52433,52433,52433,52433,52433,52433,52433,52433,52433,52433,52433,52433,52433,52433,52433,52433,52433,52433,52433,52433,52433,52433,52433,52433,52433,52433,52433",NaN,NaN,NaN,,0,R0.00,NaN,,,-100.00%,51,R412134.75,,,
Batch 935 - AgriFund Dios,70078,"February 7, 2025",,#ERROR,,,NaN,AgriFund Dios,95,0,95,IN070078 - BATCHES 52429 & 52430.pdf (https://v5.airtableusercontent.com/v3/u/53/53/1779120000000/9RG8PvD6SyU0TC7JB6ljLA/-M9zIUWgWTFVbYsqkaLlD_c8LhERJGMgF4SVL9tL-dotxlsbMn6d-12U1Jd70MfKNkMal40sVtAFto6wbPOL8OUGI_3MRrWKM6LrsQ1da3RA9JCsbwY3wfDAJPdmJWkJ421Ueogg8RWS6Syrzl9qM6xd1F5T01haqQIoTk9IVah89W0wcyLlLeEaVkOQ7kUh/abgGCNS_UWGipSBtUS1AUsc4lTuSFtbCQXTeEBwRDuM),Payment Confirmation-11.pdf (https://v5.airtableusercontent.com/v3/u/53/53/1779120000000/WevDar_dqJCHkcRk2s7irg/lSZBBPvs8GzQyAA-r91XBclNQflJabiyRb53YSNeNnB7PgXuqRdq1dPV43xwJa-_xXZW_12_83Df5aIXk7wCIjb8IaqchA2CyvKjAQ1EXUM125uIeTvbaY2L1-QiMf7s80JKRmZJFJBS5vpgUnfenQ8xBSnwZc7rSGJD79itqvMypnXXtgtC_64mJP_OGDNl/T61dBf30UMJzSc1iXUkkKrXc1LepmFJ-BzRvVdfjXRY),R7869.0109,R747556.04,Processed & Paid,"52429,52429,52429,52429,52429,52429,52429,52429,52429,52429,52429,52429,52429,52429,52429,52429,52429,52429,52429,52429,52429,52429,52429,52429,52429,52429,52429,52429,52429,52429,52429,52429,52429,52429,52429,52429,52429,52429,52429,52429,52429,52429,52429,52429,52429,52430,52430,52430,52430,52430,52430,52430,52430,52430,52430,52430,52430,52430,52430,52430,52430,52430,52430,52430,52430,52430,52430,52430,52430,52430,52430,52430,52430,52430,52430,52430,52430,52430,52430,52430,52430,52430,52430,52430,52430,52430,52430,52430,52430,52430,52430,52430,52430,52430,52431",NaN,R0.00,NaN,7/29/2025,95,R771306.04,R8119.0109,Sold,Invoice INV-0061.pdf (https://v5.airtableusercontent.com/v3/u/53/53/1779120000000/1iFbumjXB41JthRv3xYwDQ/yar6WgSaUzaB3KNjOWBzOMVln5mABit7FGmErCtrfdzvJdflOJXkKzZIkuBnPUCLMKqC-a-6P9_qP7QKnXfy3kFXip2Mzp8hUYN4iK7UMczurqHZdUNQuxZV4BmfUM4HvHFzCifZgXynfUH-jwkbp3bQCocZYFs33jEOROhPRk8/EvZBzTOq1njt7BWtGnAZMnhKTVDNc5Z7-mphbMXRnoY),3.18%,0,R0.00,AGRIFUND DOS-5.pdf (https://v5.airtableusercontent.com/v3/u/53/53/1779120000000/wCIDwrEA66pNuNXDnhxshA/95mEGGpk-kzV-R2dp4zGvNCIb7Q6i9DayUMzMZP53E-ZX81vewlNYpNDBxiIY1IxyrWln7Mk4hHsgeR3dfmI8lwf3t1KvdpMZk1lMGaKmzdtPot2wrm7_Py9rt5z-1IGJKzZQehHM_WeR2acoi5TXF2KIurBrp3gJETVB5lNBcg/Zedo3x2KTfKlZokGlYKO_FvV1UUSrMrTJ1GDQvKlXIU),,
Batch 931 - AgriFund Dios,70024,"February 8, 2025",,#ERROR,,,NaN,AgriFund Dios,116,0,116,IN070024 - BATCH 52434.pdf (https://v5.airtableusercontent.com/v3/u/53/53/1779120000000/MZpqOzT9DhSGxk0MQpDHkw/bbCKK9uAh-tttpk0f_C-6TwXSeBXh9yQmMgD8olISkLP29bJkMvhUbSxsbGZU1qY9QNzPHBLWKcTk13Exzwpe2fMZL7ZlLJf67STbNl_TjVRE2ZlaGPCtno5JUPDWn6eZxnloegPNS0ceZaTkhG837OiNK-2_1Ptm0F8D9lRCIo/IQyx5MHefshFbxgxYLaF1n8PBXJvg3tqH7FM6uyFgSY),"Payment Confirmation-8.pdf (https://v5.airtableusercontent.com/v3/u/53/53/1779120000000/a5yBFqSq-wtt2xx1KbVejQ/muZ_f4ge-Jwko413TyoL7B9N7qmT4Pq5C5-xPJpS3JpztpirF5ALCQliV6B27Gsfmt006x7V2tcRJfzqc__uqIH7ZpFWL5vyPSzy7DXf43YJQfc-Y37Gjnv8z_FNZF94G_RYy81Iep20mYN8vBdPzufGjosmE5jW2bwiUKtmCa0/xb7vLAt2abQKpXc9pbbB_BkXuSF937OGxvApwu_6a-E),Payment Confirmation-9.pdf (https://v5.airtableusercontent.com/v3/u/53/53/1779120000000/xCB2_5YBjHx5TXW1oEkeuw/6pW1o15hlg0z1wfSwblPbfOoy_BlipQKb_njZLnBt9gH_peZ2tq6cClUIUJnXWYHTVpV7B54g-yfux1tYPWSesy1IaAdIKA8vEGl0L1BCPMGaCy_crHuAFyqFw4WEs0DCF9PKODNCS1xtSoYciEaqziRXuhfLrygiUpLvWS1mek/vs4-O1_d1B-khduGliv0bF9sfKYrPGEWFxw43ddjCd4)",R8591.5362,R996618.20,Processed & Paid,"52434,52434,52434,52434,52434,52434,52434,52434,52434,52434,52434,52434,52434,52434,52434,52434,52434,52434,52434,52434,52434,52434,52434,52434,52434,52434,52434,52434,52434,52434,52434,52434,52434,52434,52434,52434,52434,52434,52434,52434,52434,52434,52434,52434,52434,52434,52434,52434,52434,52434,52434,52434,52434,52434,52434,52434,52434,52434,52434,52434,52434,52434,52434,52434,52434,52434,52434,52434,52434,52434,52434,52434,52434,52434,52434,52434,52434,52434,52434,52434,52434,52434,52434,52434,52434,52434,52434,52434,52434,52434,52434,52434,52434,52434,52434,52434,52434,52434,52434,52434,52434,52434,52434,52434,52434,52434,52434,52434,52434,52434,52434,52434,52434,52434,52434,52434",NaN,R0.00,NaN,8/5/2025,116,R1025618.20,R8841.5362,Sold,"Invoice INV-0061.pdf (https://v5.airtableusercontent.com/v3/u/53/53/1779120000000/m9VMw7GGjbFi1ma-iM2GbQ/A1M92i0zOsjW90e3r9wWc-Ag4l-q2Y8LAzYOttjmRj2_OPRKxDHfIpdIO8fHNSjyH57uWava95Nw45Q_xdc2qr3Gb0IcEdY7Pk-zwA6-0uXT4dLpjltMFiVzqvPMiN2YUYI5gGH6E5jtDGG-MFQh1dMKtLeP2bFeQf573ESd5pA/Zd11ZUqiLWe78vrmNsPIxl3y7h-_9f_5OVqMiNj0fpw),Invoice INV-0062.pdf (https://v5.airtableusercontent.com/v3/u/53/53/1779120000000/7c17png3MjHJHgTzzhDD0A/dhAyF2_un12Kr7H8sR_9w1-tKpxe92UxSPbIXetETtfGr1BOkdKamAfJBXrq2e3N6l1IUPE3GA9lh9rvo2bBSJbUXEHzUj-t8LAZSydiAVT4_NrlAwwTcxWqDamIIWbRz7BIQo6sL4sGVqnQF-9XtwBHuKVKPAwrhcH1HqBtlAc/qzHar7mYyRpoMPlqV9HSwmr0kPucZURMIlZ6_mRrTNs)",2.91%,0,R0.00,"AGRIFUND DOS-5.pdf (https://v5.airtableusercontent.com/v3/u/53/53/1779120000000/eb0-zRclS6S9C3nO8BWR7w/R99vLYqP8Y09gu0o7jWV6Q-tbsPmycR_5lQRN5lHxE-cqDtUALLt3dvdfi4-EZNygvmQi01-vjeLOczsDdhlsRIpNOw7rNN1r0qZx_UZi4rqfN-0UGlb52xCLAditLosfX4Ylp3HJH2NPCh1SlMEw79w-J3Y5NtQQaaoU07eOdc/Xo-iTvIZqU-1h1du1rmGYT4jui78OLCD7KOh0kAaSbM),AGRIFUND DOS-6.pdf (https://v5.airtableusercontent.com/v3/u/53/53/1779120000000/4LCi_kmza0iZ5BxOLvJKUQ/MNkQSREvXrVnU2Tmz-qlQk2i0w9lIlmAcLegfZ3yLWhLQAYo1XS_UYK5lp40RYA09l5PFNTs8a6_LRben-8tzEWy6xqybmVK7JUfyvNfpOc7p23uZYz1imEqO0uS0JCkNul4RbKI5pBTXwuO9l_QLUxjWM5i5a2tpPSklp9T_VE/8b0OoULwdcZ83yeJhgQ9OUcK2xqE940lhCfpMOAQWtk)",,
Batch 932 - AgriFund Dios,70063,"February 8, 2025",,#ERROR,,,NaN,AgriFund Dios,140,0,140,IN070063 - BATCH 52303.pdf (https://v5.airtableusercontent.com/v3/u/53/53/1779120000000/8FegmblijNbc4dUYM7-BbA/6mCvNp9a_ihwISkSbojTc-zhje2daANzLK9e-I0LftYYb4DpIAmKEd06iEAiooWpUt5uz-PXrrlbRc_Hy-edSs-qkYqQ2Ul7Cv8HpNAqodTq-sH5reRzuIF7ki-WWhvdfuftzhwq_keiFvGHVB8NThiuNjg2EutU2w--cJPkQFo/VFeEhsXyZCLHT7LfnH9QFrbqCaLfw8Q6DMFraWLEETM),"Payment Confirmation-6.pdf (https://v5.airtableusercontent.com/v3/u/53/53/1779120000000/c3xtQk9tVVVl-Xl-_qzSww/rvdiJjlVhIOMjcrl2uGrvDLpEt9hbaJPPbW5YjPE7LeQii6Bay-_d1O5Dh4K64zWoEMzpOlZoJT1J-Nv3fXMJlQNrPtwPnRYHu4ei0kicXqRr92UiraJ_q0OKz_gMuvNL4MfoUE_Z4iNiaRxC1S49zW4JEeoUcix2NuyAiQMegQ/_N5Aqf1wdQgYEtcfMPdOW5DpHj_vynSyEQicS2_Ztbk),Payment Confirmation-7.pdf (https://v5.airtableusercontent.com/v3/u/53/53/1779120000000/n7O0qh6h0VTHN3YqLpjLQQ/qdR-HP2EwUagHjmmtk5AAkxQraXRrTXoc99TCQMC8aMhpTXcIGUIICG9e4Z1lTUOxAvnhuOhEm415oFXT_obmvzs-R9mTJuNnufn1oCwxES0rWl6FbxOTOQC9a6unobK82jaQQZ06DEE_FmwxUmxyx7LaAC--GcfuTCWDcybZT0/MpJ_fOGv2w5vsW4Y69MO2h4uB_XbYT93_1Hle_cKbp4)",R7426.0000,R1039640.00,Processed & Paid,"52303,52303,52303,52303,52303,52303,52303,52303,52303,52303,52303,52303,52303,52303,52303,52303,52303,52303,52303,52303,52303,52303,52303,52303,52303,52303,52303,52303,52303,52303,52303,52303,52303,52303,52303,52303,52303,52303,52303,52303,52303,52303,52303,52303,52303,52303,52303,52303,52303,52303,52303,52303,52303,52303,52303,52303,52303,52303,52303,52303,52303,52303,52303,52303,52303,52303,52303,52303,52303,52303,52303,52303,52303,52303,52303,52303,52303,52303,52303,52303,52303,52303,52303,52303,52303,52303,52303,52303,52303,52303,52303,52303,52303,52303,52303,52303,52303,52303,52303,52303,52303,52303,52303,52303,52303,52303,52303,52303,52303,52303,52303,52303,52303,52303,52303,52303,52303,52303,52303,52303,52303,52303,52303,52303,52303,52303,52303,52303,52303,52303,52303,52303,52303,52303,52303,52303,52303,52303,52303,52303",NaN,R0.00,NaN,9/19/2025,140,R1074640.00,R7676.0000,Sold,"Invoice INV-0062.pdf (https://v5.airtableusercontent.com/v3/u/53/53/1779120000000/4XH1GLseeUYbZ0IrikqcdQ/uwcIb_vNM8C1n6Vims8zoOuiv15kk4n3RQ5rU1rxAxqCgT9MaFsf8Corm-e1Ieuc1glcuUZZ40GFoTPpplwDn5dm29aaC3v3ILZhcPnrFveispJlIxkK298XDlDKEJPhUS1ubI1PZ7-K04eNjj9DpH2DItmel2r-UFYmhnseUpg/ERHE6VdB8A-95Nt0tkcz05fiCj2xvtPPDpVE4fcpyLc),Invoice INV-0064.pdf (https://v5.airtableusercontent.com/v3/u/53/53/1779120000000/FyPcP-YIMxwf3huv1gUU9Q/9GIwgZsahQYtI2FCvE9pJv6IGHm5XVozGdk7iP-L1S-EPi2H7gcFRkS4N-OwEK7wUPMkb4_szGfqevOdAmkWXuiNAJwBheI12ZJsOmd_rpdCsukwJo6dUk2PrqapVNZQZd-WQhu1s_5tZuDQJlInk6dICiA4ILNnfOcFC3jFSaE/bDNEjexoq9jPrR4rYPx7NCm6SlgHnD5B6q6qrHFfvrg),Invoice INV-0065.pdf (https://v5.airtableusercontent.com/v3/u/53/53/1779120000000/m2sIsOA5hsFP2cqyFpnQ3Q/YLNagWNGopKdaDI5aBRn5X6Iv5bc_U_2QVd0ImYFX0atxZdTfyEYXh1k3FDYmv89scRfGHO8fBaeG9QaFUZgIfWuD_SO4EKullR80Im_uUB_0GAqEZTLZOPpnejDcFwphL8vQAsZBgdSFFsIO2vllxdHIf5uQH5rP98hxTXJm4w/OcD_BHe6LTA9pz4wqmR9YiOs0CxCZh5105DGtnVG3FI)",3.37%,0,R0.00,"AGRIFUND DOS-6.pdf (https://v5.airtableusercontent.com/v3/u/53/53/1779120000000/-is5MjGD6H8QbCMcR5K-Zg/tEaqBtrbTgj3zZVJ5ZTAu_CbYe6siv5XBYYyZKekEFHZAZzoEMMLTLT4qnt39CLrLFpRSLiGVTcjQfFs1S3PGQuUTbgi2sTUCje8jR0TMAr-_oQcJez4u9tUjzwOVJYrJH5OonSby-F05tx9Q6ZJpDoCTgfL-jvJawaW2UR3mHo/aw6axOST5BdYWM9BkGXpCXY77zm8I1G-oBAmz9ZobXY),AGRIFUND DOS-7.pdf (https://v5.airtableusercontent.com/v3/u/53/53/1779120000000/pEKIShmENqz-7qY5InQWkA/uWzGOhWdrbMiwMGRrx26dVDGNXqUDLMw9xnfmmaLQNqSUVyOIob6ALdcGTpQZvR4vxbIKPH65XxOTn1YBvnYrAVor9X4Jw6QwRNUv8UFSPwmQvpuuf_coA4JhOxC_qy1-aUV3zmdz90AqaZVgufn0S3kJpwcJ0ysw976MDDwt54/QFxFFl9y00WNaTvFob-cT9jqsZW2X9hadVjtgHPJbQA),AGRIFUND DOS 19-09.pdf (https://v5.airtableusercontent.com/v3/u/53/53/1779120000000/-0LN47MeWhvBQqbUIr5-Fg/5fOriyGzBVYq6G7jjxtVDGigHrqli_3-pDQGutBCSw-3_amAqbDmzj1c_fa-dDfkvSg16Af2-M_NlwKAfBkxHX2_1MhSXviIj2ysspc3WDRHcFteMVkUoieCdme56MfkCK8yhoZ7mUlA6Dbu2s8tuX5SqthWP7zYMVFWVHAaIzA/qt42nZZvLWqvlLBO-faSAhm5-sY64i8SW6CWurKi8_U)",,
Batch 934 - SVC Cows,70055,"February 8, 2025",,#ERROR,,,NaN,SVC Cows,58,0,58,IN070055 - BATCH 52432.pdf (https://v5.airtableusercontent.com/v3/u/53/53/1779120000000/uzmND-qdIsmYZdYY0jCzOQ/HNR9LwAYzZt2V-AgEg-w8xA8r-EPoGe-fsrp6UEsdO8RYId1yqwf6L0s5lILLEdJz_1MR1tF97Hj38QZdfgjj42bKst8kPEmrzsSXt4IyR8veWNRMPR5lC5XONfIkjnPgTVnUE3nbuLshRFoa0Q2_Z8gON7xeZhgg3zwZBASIsU/a2cI8kBLpTCBenJ68_LUQ42Hq0Wphaovz6-xpoWcZK8),,R8718.8522,R505693.43,Processed & Paid,"52432,52432,52432,52432,52432,52432,52432,52432,52432,52432,52432,52432,52432,52432,52432,52432,52432,52432,52432,52432,52432,52432,52432,52432,52432,52432,52432,52432,52432,52432,52432,52432,52432,52432,52432,52432,52432,52432,52432,52432,52432,52432,52432,52432,52432,52432,52432,52432,52432,52432,52432,52432,52432,52432,52432,52432,52432,52432",NaN,NaN,NaN,,0,R0.00,NaN,,,-100.00%,58,R520193.43,,,"Part payment of R474,494,00 made on 13/02/25
"
Batch 936 - SVC Cows,70062,"February 10, 2025",,#ERROR,,,NaN,SVC Cows,99,0,99,IN070062 - BATCH 52435.pdf (https://v5.airtableusercontent.com/v3/u/53/53/1779120000000/EFXsGFdUoDwFAPrS4LsxjA/tyAmUFMXGF8LTz06nuSDTFaEyK-g5qkUYbZd4Qz_4tU8iQZrbCMbhrplz-KtBxdJL5TOYN_KtRBiBFTxG_1OrCfl4cGG6ZEX0lTaBIKrf3hUeVC99VRH9WZN4CsGUVuqMtvfH2oqHICQEd4QPfo0ncitOGznGAX9U3N87To2EXY/C3zC3vhcL7hDrdTcAajQeur9Ep4PaN3X_GokrcfiNPg),,R8678.2339,R859145.16,Processed & Paid,"52435,52435,52435,52435,52435,52435,52435,52435,52435,52435,52435,52435,52435,52435,52435,52435,52435,52435,52435,52435,52435,52435,52435,52435,52435,52435,52435,52435,52435,52435,52435,52435,52435,52435,52435,52435,52435,52435,52435,52435,52435,52435,52435,52435,52435,52435,52435,52435,52435,52435,52435,52435,52435,52435,52435,52435,52435,52435,52435,52435,52435,52435,52435,52435,52435,52435,52435,52435,52435,52435,52435,52435,52435,52435,52435,52435,52435,52435,52435,52435,52435,52435,52435,52435,52435,52435,52435,52435,52435,52435,52435,52435,52435,52435,52435,52435,52435,52435,52435",NaN,NaN,NaN,,0,R0.00,NaN,,,-100.00%,99,R883895.16,,,
Batch 937 - SVC Cows,70064,"February 11, 2025",,#ERROR,,,NaN,SVC Cows,101,2,99,IN070064 - BATCH 52437.pdf (https://v5.airtableusercontent.com/v3/u/53/53/1779120000000/dNQa0L2YFZZPfAef8xm4sQ/kBH9VdY6p3ehEcFZXLHo36AxrWJnm4HN2d9ZsHDmqiwUCs-EUYBjPxjMYFQ88vuymFml5CMtUm8jKo4B9iZTUAE10BnAVVHOIbbWKuZJpmzLxffiPaXP1z3sHfdJca289oFiy5a0xFSWbf5U-zZ0lCsb8AXRo7GcDKBEQ3RfGDc/OPCHeg-JBW7xpG7lP8C16oXGYWRE2d_NWLB7IX2a6-U),,R8491.0459,R857595.64,Processed & Paid,"52437,52437,52437,52437,52437,52437,52437,52437,52437,52437,52437,52437,52437,52437,52437,52437,52437,52437,52437,52437,52437,52437,52437,52437,52437,52437,52437,52437,52437,52437,52437,52437,52437,52437,52437,52437,52437,52437,52437,52437,52437,52437,52437,52437,52437,52437,52437,52437,52437,52437,52437,52437,52437,52437,52437,52437,52437,52437,52437,52437,52437,52437,52437,52437,52437,52437,52437,52437,52437,52437,52437,52437,52437,52437,52437,52437,52437,52437,52437,52437,52437,52437,52437,52437,52437,52437,52437,52437,52437,52437,52437,52437,52437,52437,52437,52437,52437,52437,52437,52437,52437",NaN,NaN,NaN,,0,R0.00,NaN,,,-100.00%,101,R882845.64,,,
Batch 939 - SVC Cows,70079,"February 11, 2025",,#ERROR,,,NaN,SVC Cows,102,0,102,IN070079 - BATCH 52436.pdf (https://v5.airtableusercontent.com/v3/u/53/53/1779120000000/-pZfxslNIhWFkffW9Pv3cQ/8zxSY3yuTv469-OnRsHAx0EJDpwQvZAGYYX0ZDRfhm0TM4ThVAnA7Zb8DPg9YO9QAZBaJpoLCCHRWUzHV1S7DfivIxttT5I0I-7HeUcDyzbRbmzbLF8A_5vkSlWAGb63NuOjtIBGcr22sYTYb0AoyxvGzEg0vOu_vyA7mBidKko/s2eqZaPU4aFzbdYBDVrUaGidmmBKmyh9wXUTVgW97Gk),,R8097.6125,R825956.48,Processed & Paid,"52436,52436,52436,52436,52436,52436,52436,52436,52436,52436,52436,52436,52436,52436,52436,52436,52436,52436,52436,52436,52436,52436,52436,52436,52436,52436,52436,52436,52436,52436,52436,52436,52436,52436,52436,52436,52436,52436,52436,52436,52436,52436,52436,52436,52436,52436,52436,52436,52436,52436,52436,52436,52436,52436,52436,52436,52436,52436,52436,52436,52436,52436,52436,52436,52436,52436,52436,52436,52436,52436,52436,52436,52436,52436,52436,52436,52436,52436,52436,52436,52436,52436,52436,52436,52436,52436,52436,52436,52436,52436,52436,52436,52436,52436,52436,52436,52436,52436,52436,52436,52436,52436",NaN,NaN,NaN,,0,R0.00,NaN,,,-100.00%,102,R851456.48,,,
Batch 940 - SVC Cows,70080,"February 12, 2025",,#ERROR,,,NaN,SVC Cows,112,0,112,IN070080 - BATCH 52441.pdf (https://v5.airtableusercontent.com/v3/u/53/53/1779120000000/qxlcRmS-UTiHNuVxpkqovA/mXZC_VK3YM31NdXbIfIFKh3lSpFBx0J_IIDS87HAwpPjTBQez9iDCqksQO-HwLO2oOM1MEexB-KY7MWvQJX4J45U_7d3GrrxMM2qVyJ00t3VZJdZkLjbzokF5jLrn1U5De7yj12A8gE1qwfUyHHQ2R4qTWLQy2ONoDX0cdyj_lc/aKloh7jtk8_Fk3Y3XNA9aLQ2deNvcFzNZNyAmONWcAc),,R8099.7395,R907170.82,Processed & Paid,"52441,52441,52441,52441,52441,52441,52441,52441,52441,52441,52441,52441,52441,52441,52441,52441,52441,52441,52441,52441,52441,52441,52441,52441,52441,52441,52441,52441,52441,52441,52441,52441,52441,52441,52441,52441,52441,52441,52441,52441,52441,52441,52441,52441,52441,52441,52441,52441,52441,52441,52441,52441,52441,52441,52441,52441,52441,52441,52441,52441,52441,52441,52441,52441,52441,52441,52441,52441,52441,52441,52441,52441,52441,52441,52441,52441,52441,52441,52441,52441,52441,52441,52441,52441,52441,52441,52441,52441,52441,52441,52441,52441,52441,52441,52441,52441,52441,52441,52441,52441,52441,52441,52441,52441,52441,52441,52441,52441,52441,52441,52441,52441",NaN,NaN,NaN,,0,R0.00,NaN,,,-100.00%,112,R935170.82,,,
Batch 941 - SVC Farming,70102,"February 12, 2025",,#ERROR,,,NaN,SVC Farming,102,0,102,IN070102 - BATCH 52442.pdf (https://v5.airtableusercontent.com/v3/u/53/53/1779120000000/s3dGA2ZpBwp-JrvAAPVREA/hrp0jGYiFGd_z1_QeS8WWYfykFVNcwS0eOW3E6YHmCGluh1zKF79-qtWWeof8W6YxgY5tMHFgRyU9-B60ZjnOwq6Fd3a3EDwQpBBxasdbI_xNSsqYryMflZBRVtaXbnNJD-s7J4l_HgImpS9t8nPKORDuEARBmJiJuVMBbwt9cs/yxnPZop3DvZs_jkIkxl6q-K6ghuvYcPy9ii0PnncYis),,R8439.2323,R860801.69,Processed & Paid,"52442,52442,52442,52442,52442,52442,52442,52442,52442,52442,52442,52442,52442,52442,52442,52442,52442,52442,52442,52442,52442,52442,52442,52442,52442,52442,52442,52442,52442,52442,52442,52442,52442,52442,52442,52442,52442,52442,52442,52442,52442,52442,52442,52442,52442,52442,52442,52442,52442,52442,52442,52442,52442,52442,52442,52442,52442,52442,52442,52442,52442,52442,52442,52442,52442,52442,52442,52442,52442,52442,52442,52442,52442,52442,52442,52442,52442,52442,52442,52442,52442,52442,52442,52442,52442,52442,52442,52442,52442,52442,52442,52442,52442,52442,52442,52442,52442,52442,52442,52442,52442,52442",NaN,NaN,NaN,8/19/2025,102,R886301.69,R8689.2323,Sold,"Invoice INV-0070.pdf (https://v5.airtableusercontent.com/v3/u/53/53/1779120000000/UiLfjdJvZcpOxKM_AcAxwg/_9VmhnYmewLUxpNDe8YQrv8owWQSf269a6tm8ULhfmWXUoSxgjbev_uEyH64g-jrjVbCCo_XAtlE2iLhEiCgt6l6VF1_Z0N0Xi2AAr6oHVNfBfsuTHgkwLlXvzZ_VMVfr3GV1SEIZttwxt7EkfwrftbkpKz5K2H4YKwkuxIdUyc/01wII8aEahHlU17jegkWXZNXkgNWgwrBKl7e-mrSQWc),Invoice INV-0071.pdf (https://v5.airtableusercontent.com/v3/u/53/53/1779120000000/5ppurQw9ZWHbphES6jHoIw/85EBV1c0Ahmn7EXuhEBes_xmdyjfGzTjuVhR_6d-zev50Xw2Yxcph0aR959vhG2waJc3Php_JTHWtRarnGbEEAD7GFTQZsG3Os8FdG2UtktlSj7zOqRZhCJVITmUUqTJLo5Gn3vhrqGQ7MXry6_jBkM14uuOY9WAiUa1RE0XcEs/ceCf5OlrE3PEHI56Jpl0LLgsSmTiMhhaynlT2Skxg_w)",2.96%,0,R0.00,"SVC FARMING-4.pdf (https://v5.airtableusercontent.com/v3/u/53/53/1779120000000/aSM167ZTO3BxyUkAaTyCNw/lWgZibvYSmZgVYQLVVc-Qo9e9AA34oU0n6ECb-zmezBn2sUqqYB_R_0aZidDvM-SSu6vSLMsvShaUdn3UOFiRcPw2NgTFuDERdsfDyliSkm_J8RS2iKWK1BP9KX6MDVGInRVezV8DgvhKMTz-m0KjwgGmB2-4dZhCg1Vh0NVcj0/Won02E9dc5OUyn8QMJ1S5h0kpWXoKhht8qHIgQcdhRI),SVC FARMING-5.pdf (https://v5.airtableusercontent.com/v3/u/53/53/1779120000000/h8x_G6agaXfX5mqylMl8zw/xS39jth99nh3inBMBL8LCzHtvEdwjgwxqzaMbyxFSV1p6cMyPHoM9NewXNdeOH3ypw9qE_DTBCGHP80d2TAdTppkVUqHQ26veJ-dCotoKnuNz8EPyWJ330uxcxkgpoxCnExbuMdbnKziq8aoPgMWij99wG6ddWmQmAFQJluHW38/Y8HKJNNaSos5saLk-220mWqhUnP_YNogXrRNqE102ls)",,
Batch 942 - SVC Cows,70103,"February 13, 2025",,#ERROR,,,NaN,SVC Cows,103,0,103,IN070103 - BATCH 52443.pdf (https://v5.airtableusercontent.com/v3/u/53/53/1779120000000/kukdAdw7S2NbIcS7cFvaaA/fVby_d5h4Xw8uf7wf7zn3ZK-sOeTr4vJvHMSNvuQVuiAI0xkTMxUlwl1-0nglpMs7aKycpQThweTDB_BO1EsY0duqveTHYrhYMB6lmJz19_9Ke2Aq35-m6NbJOSN74pYXltFqa_uk4g_nKq9tidRhIJYJLJ0w6RhTFa_m0wTo0Q/mVCGXUDkROELJHlPhBFn_RnRcI0v7qqiX1QmS_H3hRU),,R8415.0016,R866745.16,Processed & Paid,"52443,52443,52443,52443,52443,52443,52443,52443,52443,52443,52443,52443,52443,52443,52443,52443,52443,52443,52443,52443,52443,52443,52443,52443,52443,52443,52443,52443,52443,52443,52443,52443,52443,52443,52443,52443,52443,52443,52443,52443,52443,52443,52443,52443,52443,52443,52443,52443,52443,52443,52443,52443,52443,52443,52443,52443,52443,52443,52443,52443,52443,52443,52443,52443,52443,52443,52443,52443,52443,52443,52443,52443,52443,52443,52443,52443,52443,52443,52443,52443,52443,52443,52443,52443,52443,52443,52443,52443,52443,52443,52443,52443,52443,52443,52443,52443,52443,52443,52443,52443,52443,52443,52443",NaN,NaN,NaN,,0,R0.00,NaN,,,-100.00%,103,R892495.16,,,
Batch 943 - SVC Cows,70104,"February 13, 2025",,#ERROR,,,NaN,SVC Cows,110,0,110,IN070104 - BATCH 52444.pdf (https://v5.airtableusercontent.com/v3/u/53/53/1779120000000/u9mgvypyr-v92MWKEugE_Q/0YgH8imKfRHZ_Id4l1NenTT-WdQSV3_2eTbXs5SpfZEIVuYrYdVZzkg0Lzo3RNq-sSWr4QaQDy_ZVcJDbsS9390mAOcnNTqjHa5e_0ECLj0tv3eU7VwMbf7jViRrckGNDfLjNU-xJWHnutjXDxtXyv9qYXInzpjrP-LsVHmnfmA/isYu2Q4M1CJm8JbIRtReB7UdIbYANYMGo40oMWsfCsQ),,R8203.3751,R902371.26,Processed & Paid,"52444,52444,52444,52444,52444,52444,52444,52444,52444,52444,52444,52444,52444,52444,52444,52444,52444,52444,52444,52444,52444,52444,52444,52444,52444,52444,52444,52444,52444,52444,52444,52444,52444,52444,52444,52444,52444,52444,52444,52444,52444,52444,52444,52444,52444,52444,52444,52444,52444,52444,52444,52444,52444,52444,52444,52444,52444,52444,52444,52444,52444,52444,52444,52444,52444,52444,52444,52444,52444,52444,52444,52444,52444,52444,52444,52444,52444,52444,52444,52444,52444,52444,52444,52444,52444,52444,52444,52444,52444,52444,52444,52444,52444,52444,52444,52444,52444,52444,52444,52444,52444,52444,52444,52444,52444,52444,52444,52444,52444,52444",NaN,NaN,NaN,,0,R0.00,NaN,,,-100.00%,110,R929871.26,,,
Batch 944 - SVC Cows,70150 ,"February 15, 2025",,#ERROR,,,NaN,SVC Cows,84,0,84,IN070150 - BATCH 52451.pdf (https://v5.airtableusercontent.com/v3/u/53/53/1779120000000/139QeoiWHq0gBXRa6x7VOw/gBGwyTGL0u6my9A47IpplsImdvgB61ehEutSQf31M8SpQHTHOH6p7vSKN7DGn1c1faVRJqkQ0eZ9eEieGR0hEA6c-CrdH_glUSinuedca2xvJoH-4RJSsPjN3XdNGqkp_HCjlo8c5Tn_7njU8TItd8KfBOa8q-qycDgWaK873Pg/AN3nxJwhhphPsGdqbBSfMKKZi_dsWFPkYDMw1W-73-s),,R10102.8571,R848640.00,Processed & Paid,"52451,52451,52451,52451,52451,52451,52451,52451,52451,52451,52451,52451,52451,52451,52451,52451,52451,52451,52451,52451,52451,52451,52451,52451,52451,52451,52451,52451,52451,52451,52451,52451,52451,52451,52451,52451,52451,52451,52451,52451,52451,52451,52451,52451,52451,52451,52451,52451,52451,52451,52451,52451,52451,52451,52451,52451,52451,52451,52451,52451,52451,52451,52451,52451,52451,52451,52451,52451,52451,52451,52451,52451,52451,52451,52451,52451,52451,52451,52451,52451,52451,52451,52451,52452",NaN,NaN,NaN,,0,R0.00,NaN,,,-100.00%,84,R869640.00,,,
Batch 946 - SVC Cows,70154,"February 15, 2025",,#ERROR,,,NaN,SVC Cows,97,0,97,IN070154 - BATCH 52452.pdf (https://v5.airtableusercontent.com/v3/u/53/53/1779120000000/4oH5nlefawUdu3nA-bIU9Q/ur-rDWc5ik-KQ-IsnuXaOMsoXo2FN_Y_decYHZtaebKWYcdo-8x8o7NpcygzHWKy88883YEXGLCsxUb3rrj5J6uKNXhoPOttxGRmtuPnj0V40UlsTdH5RvV0Llxg0eLpg0AADVfF4vzzSqrFiAChawNjMeyeB2C6ALmsLD4_g0M/U5ptFDxs3m8XrEab0BLTsUMj5St4n6o98eKyBj51cIY),,R9040.0263,R876882.55,Processed & Paid,"52452,52452,52452,52452,52452,52452,52452,52452,52452,52452,52452,52452,52452,52452,52452,52452,52452,52452,52452,52452,52452,52452,52452,52452,52452,52452,52452,52452,52452,52452,52452,52452,52452,52452,52452,52452,52452,52452,52452,52452,52452,52452,52452,52452,52452,52452,52452,52452,52452,52452,52452,52452,52452,52452,52452,52452,52452,52452,52452,52452,52452,52452,52452,52452,52452,52452,52452,52452,52452,52452,52452,52452,52452,52452,52452,52452,52452,52452,52452,52452,52452,52452,52452,52452,52452,52452,52452,52452,52452,52452,52452,52452,52452,52452,52452,52452,52452",NaN,NaN,NaN,,0,R0.00,NaN,,,-100.00%,97,R901132.55,,,
Batch 947 - SVC Cows,70187,"February 15, 2025",,#ERROR,,,NaN,SVC Cows,188,1,187,IN070187 - BATCH 52449 & 52450.pdf (https://v5.airtableusercontent.com/v3/u/53/53/1779120000000/Eqyquv4XDnSledzbMXhMaw/sIkdb3fRlnMTqYSB1cf_37cku3CMqbDmnqB2o5iAfMKdUGCI9SlOgZpFxupAi8ar26PRxv0PSK7Jp3dc57YHHYZzLOf3NEkUi0pJ2FUKiC-E7W5plJ9BbWUXn4TwTiHdJgNj0_h_hKTP-iotxgY5wowk1IXB_0N7SgAmvzCUO9adlSzFkrd8pLUGwAl12v1K/qJXqwstpX-61UkgycVj5eQzWWixRyKnq7cafLU4821U),,R8311.2766,R1562520.00,Processed & Paid,"52450,52450,52450,52450,52450,52450,52450,52450,52450,52450,52450,52450,52450,52450,52450,52450,52450,52450,52450,52450,52450,52450,52450,52450,52450,52450,52450,52450,52450,52450,52450,52450,52450,52450,52450,52450,52450,52450,52450,52450,52450,52450,52450,52450,52450,52450,52450,52450,52450,52450,52450,52450,52450,52450,52450,52450,52450,52450,52450,52450,52450,52450,52450,52450,52450,52450,52450,52450,52450,52450,52450,52450,52450,52450,52450,52450,52450,52450,52450,52450,52450,52450,52450,52450,52450,52450,52450,52450,52450,52450,52450,52450,52450,52450,52449,52449,52449,52449,52449,52449,52449,52449,52449,52449,52449,52449,52449,52449,52449,52449,52449,52449,52449,52449,52449,52449,52449,52449,52449,52449,52449,52449,52449,52449,52449,52449,52449,52449,52449,52449,52449,52449,52449,52449,52449,52449,52449,52449,52449,52449,52449,52449,52449,52449,52449,52449,52449,52449,52449,52449,52449,52449,52449,52449,52449,52449,52449,52449,52449,52449,52449,52449,52449,52449,52449,52449,52449,52449,52449,52449,52449,52449,52449,52449,52449,52449,52449,52449,52449,52449,52449,52449,52449,52449,52449,52449,52449,52450",NaN,NaN,NaN,,0,R0.00,NaN,,,-100.00%,188,R1609520.00,,,
Batch 945 - SVC Cows,70153,"February 17, 2025",,#ERROR,,,NaN,SVC Cows,9,0,9,IN070153 - BATCH 52453.pdf (https://v5.airtableusercontent.com/v3/u/53/53/1779120000000/5tmk9EqlsKwQLlxDVmpFKg/BIG7o_3XrhvJzfGFmbzZR2I9jg8XHa5AE7FjaTQQfYBDCdr6VHl_glbfFbIh1iPZd6Ym6slOBcLgYYC5c19BwcCpzUfj093OPT-DQRzzmdeiJgXQPQv335LD6U9C9z0vRBroYKGls2j7nBLNpAFyrsY_eEDG_38ZeV4sLelTNYE/TRd0GL3_pRf26ei-e-duPnO1MWPThTxtT2qd_RT-hEc),,R6880.0000,R61920.00,Processed & Paid,"52453,52453,52453,52453,52453,52453,52453,52453,52453",NaN,NaN,NaN,,0,R0.00,NaN,,,-100.00%,9,R64170.00,,,
Batch 948 - SVC Cows,70215 ,"February 21, 2025",,#ERROR,,,NaN,SVC Cows,51,0,51,IN070215 - BATCH 52458.pdf (https://v5.airtableusercontent.com/v3/u/53/53/1779120000000/IWxmlfh-cGgbG2upyBDQOw/v28thuFXBKSElumfV6Z2uQI8c9vZXf1d80xq2t5_CqkoCYorWqlS-0A0xHEtKZPbVwpRc-vloWauIahYKmzQdS6nt1ZZ2aR2kVWGL5HT5QpunTvn1HtmnPKhOKRItICeTwTqlxEE2Jhz8D9l_aQtluAuq1R7z9UQixTXYnkeb20/YElfGmQCdYAEbCbz89B2guBvdfWv3IHyqkx1j_fc_y8),,R8182.0965,R417286.92,Processed & Paid,"52458,52458,52458,52458,52458,52458,52458,52458,52458,52458,52458,52458,52458,52458,52458,52458,52458,52458,52458,52458,52458,52458,52458,52458,52458,52458,52458,52458,52458,52458,52458,52458,52458,52458,52458,52458,52458,52458,52458,52458,52458,52458,52458,52458,52458,52458,52458,52458,52458,52458,52458",NaN,NaN,NaN,,0,R0.00,NaN,,,-100.00%,51,R430036.92,,,
Batch 949 - SVC Cows,70191,"February 24, 2025",,#ERROR,,,NaN,SVC Cows,115,0,115,IN070191 - BATCH 52217.pdf (https://v5.airtableusercontent.com/v3/u/53/53/1779120000000/a2p987hCOpyiBWNPNB2TOw/BpxZd8xMRBns79H7n7hgNtWENP6DTTYlRri8aUNxFuBezQVpcZVA9nOv1dHAGUi6GEQEZYz3hefgl3u0fjuvFzEfsDMeI55HzKaL45ZfUFbSKV697bayxZUNywgE_Yd9Rfq_xvJ_83SMRvMmMdMtoahhImcjFN2grS2DwWl0h6g/elKNvqdaDo4HZEsVV_WRn4qLzEa0dxiS9_PIsbV3sxA),,R7760.8010,R892492.12,Processed & Paid,"52217,52217,52217,52217,52217,52217,52217,52217,52217,52217,52217,52217,52217,52217,52217,52217,52217,52217,52217,52217,52217,52217,52217,52217,52217,52217,52217,52217,52217,52217,52217,52217,52217,52217,52217,52217,52217,52217,52217,52217,52217,52217,52217,52217,52217,52217,52217,52217,52217,52217,52217,52217,52217,52217,52217,52217,52217,52217,52217,52217,52217,52217,52217,52217,52217,52217,52217,52217,52217,52217,52217,52217,52217,52217,52217,52217,52217,52217,52217,52217,52217,52217,52217,52217,52217,52217,52217,52217,52217,52217,52217,52217,52217,52217,52217,52217,52217,52217,52217,52217,52217,52217,52217,52217,52217,52217,52217,52217,52217,52217,52217,52217,52217,52217,52217",NaN,NaN,NaN,,0,R0.00,NaN,,,-100.00%,115,R921242.12,,,
Batch 950 - SVC Cows,70239,"February 25, 2025",,#ERROR,,,NaN,SVC Cows,74,0,74,IN070239 - BATCH 52460.pdf (https://v5.airtableusercontent.com/v3/u/53/53/1779120000000/UhtwCf5dN9zAVHaXuQz-8Q/RmrwhsH9JDZWEeKbOw64mzxmIAfAcJX_HAUeWPTI3euaEs9mHBOatl7jjh1PsMJfxh-F8qzBfiX0au_ZX0gbGs8150GI-6N3XawrHBxFnODVnc8nnFfMcvPUksydfKxnazMu8_UYW01dJVx67BfWFz52O1eq12VMUoyQMB8La9s/J7YPzo9RmDtoWcE9q2RcVvRdB9Ry8B6Oa7ALSvvyK60),,R10735.4054,R794420.00,Processed & Paid,"52460,52460,52460,52460,52460,52460,52460,52460,52460,52460,52460,52460,52460,52460,52460,52460,52460,52460,52460,52460,52460,52460,52460,52460,52460,52460,52460,52460,52460,52460,52460,52460,52460,52460,52460,52460,52460,52460,52460,52460,52460,52460,52460,52460,52460,52460,52460,52460,52460,52460,52460,52460,52460,52460,52460,52460,52460,52460,52460,52460,52460,52460,52460,52460,52460,52460,52460,52460,52460,52460,52460,52460,52460,52460",NaN,NaN,NaN,,0,R0.00,NaN,,,-100.00%,74,R812920.00,,,
Batch 951 - SVC Cows,70262,"February 27, 2025",,#ERROR,,,NaN,SVC Cows,115,1,114,IN070262 - BATCH 52218.pdf (https://v5.airtableusercontent.com/v3/u/53/53/1779120000000/6vbBB-SLghnbg1A9q_C3mA/L2rBfqhe9AKxZFEnyUAjNi0DqKhmzUo0ZUTHOQFwTIWrlPYX2yR1i0BixdhTqNvxjxl3ZhQD5xjOPO6lgHT_rrwRma3i-P9hKjMZI5lr9YYWDVVLMa6gEJoAck0tyZ42xRCQ1-w3w0uRUBk9d_APgpjIO8SvF-chclErAZQ3iMY/LBCL_9McU3_bOVpAV25xp0BAc3YR7Zql5RCOZptkjbk),,R8526.9523,R980599.51,Processed & Paid,"52218,52218,52218,52218,52218,52218,52218,52218,52218,52218,52218,52218,52218,52218,52218,52218,52218,52218,52218,52218,52218,52218,52218,52218,52218,52218,52218,52218,52218,52218,52218,52218,52218,52218,52218,52218,52218,52218,52218,52218,52218,52218,52218,52218,52218,52218,52218,52218,52218,52218,52218,52218,52218,52218,52218,52218,52218,52218,52218,52218,52218,52218,52218,52218,52218,52218,52218,52218,52218,52218,52218,52218,52218,52218,52218,52218,52218,52218,52218,52218,52218,52218,52218,52218,52218,52218,52218,52218,52218,52218,52218,52218,52218,52218,52218,52218,52218,52218,52218,52218,52218,52218,52218,52218,52218,52218,52218,52218,52218,52218,52218,52218,52218,52218,52218",NaN,NaN,NaN,,0,R0.00,NaN,,,-100.00%,115,R1009349.51,,,
Batch 952 - SVC Cows,70329,"March 6, 2025",,#ERROR,,,NaN,SVC Cows,100,0,100,IN070329 - BATCH 52219.pdf (https://v5.airtableusercontent.com/v3/u/53/53/1779120000000/BuMYTiHN8_-2R7xnCy2nMw/VAkZHdQI8d_-d9uEdo4155GFXxd_O0Ga7j31UsHf12KJmiswmhujUCa7hqJxUdQkcNqv1aKf5-PCl4k6tTy8NFseRgZEJfE-oKNc3gqF-Ntsbfbb1o6bM68u4vEaEnVp_lfS3jyLADvMm8LOIP-Kjqmu1S2EmnwPH0Jf1T-C2sM/veYlor65V9sCuL91jQ_Q29RGmEnWAUj_OwWul9V0A-g),,R8789.8343,R878983.43,Processed & Paid,"52219,52219,52219,52219,52219,52219,52219,52219,52219,52219,52219,52219,52219,52219,52219,52219,52219,52219,52219,52219,52219,52219,52219,52219,52219,52219,52219,52219,52219,52219,52219,52219,52219,52219,52219,52219,52219,52219,52219,52219,52219,52219,52219,52219,52219,52219,52219,52219,52219,52219,52219,52219,52219,52219,52219,52219,52219,52219,52219,52219,52219,52219,52219,52219,52219,52219,52219,52219,52219,52219,52219,52219,52219,52219,52219,52219,52219,52219,52219,52219,52219,52219,52219,52219,52219,52219,52219,52219,52219,52219,52219,52219,52219,52219,52219,52219,52219,52219,52219,52219",NaN,NaN,NaN,,0,R0.00,NaN,,,-100.00%,100,R903983.43,,,
Batch 953 - SVC Cows,70368,"March 11, 2025",,#ERROR,,,NaN,SVC Cows,112,0,112,IN070368 - BATCH 52220.pdf (https://v5.airtableusercontent.com/v3/u/53/53/1779120000000/U6YiCw_IdaioSgx7DSfK1g/5ukM6rv4Zejx4P_luoz5xsqhK80YKbkeu9m2Z3GUgg9t5TZAdgaFojT1qGbmV7haBq7oh2q6IGzZLpAhcpBBl-LrpL7CLdowfELBoG_JGebDgdQLuOXz1gU3CC9NLsCQLxakufr_qGD0LQA6q5o9RmXAYt6PvjKG7yq97dsvfYQ/KxpixISo5lIUscPZifW_vpfmIg8WiNhfhuVehPUDWik),,R8514.1105,R953580.38,Processed & Paid,"52220,52220,52220,52220,52220,52220,52220,52220,52220,52220,52220,52220,52220,52220,52220,52220,52220,52220,52220,52220,52220,52220,52220,52220,52220,52220,52220,52220,52220,52220,52220,52220,52220,52220,52220,52220,52220,52220,52220,52220,52220,52220,52220,52220,52220,52220,52220,52220,52220,52220,52220,52220,52220,52220,52220,52220,52220,52220,52220,52220,52220,52220,52220,52220,52220,52220,52220,52220,52220,52220,52220,52220,52220,52220,52220,52220,52220,52220,52220,52220,52220,52220,52220,52220,52220,52220,52220,52220,52220,52220,52220,52220,52220,52220,52220,52220,52220,52220,52220,52220,52220,52220,52220,52220,52220,52220,52220,52220,52220,52220,52220,52220",NaN,NaN,NaN,,0,R0.00,NaN,,,-100.00%,112,R981580.38,,,
Batch 954 - SVC Cows,70369,"March 11, 2025",,#ERROR,,,NaN,SVC Cows,120,0,120,IN070369 - BATCH 52221.pdf (https://v5.airtableusercontent.com/v3/u/53/53/1779120000000/N6CgtTCPymHKgQatypVXmA/kcNwCPMwkFun39_MJfgWHVNOAWunkVA0ltY8n0YLIey6AL1RfUj6dTKh3OQVrDACC4_Nh7SKZwxRXTegGXmLBhlOFD3t8CIOR2EOinMB4J_japbXy9hcUuD9cBD0l5rnWzYo9H4iv9FFa4zWDKpxWREXCQwflwFovLKILxLQe-E/F2Kx3b66fQ7-BSOmLlmzR4w5R8qdexZ4oRpDr8IxKqY),,R8448.3042,R1013796.50,Processed & Paid,"52221,52221,52221,52221,52221,52221,52221,52221,52221,52221,52221,52221,52221,52221,52221,52221,52221,52221,52221,52221,52221,52221,52221,52221,52221,52221,52221,52221,52221,52221,52221,52221,52221,52221,52221,52221,52221,52221,52221,52221,52221,52221,52221,52221,52221,52221,52221,52221,52221,52221,52221,52221,52221,52221,52221,52221,52221,52221,52221,52221,52221,52221,52221,52221,52221,52221,52221,52221,52221,52221,52221,52221,52221,52221,52221,52221,52221,52221,52221,52221,52221,52221,52221,52221,52221,52221,52221,52221,52221,52221,52221,52221,52221,52221,52221,52221,52221,52221,52221,52221,52221,52221,52221,52221,52221,52221,52221,52221,52221,52221,52221,52221,52221,52221,52221,52221,52221,52221,52221,52221",NaN,NaN,NaN,,0,R0.00,NaN,,,-100.00%,120,R1043796.50,,,
Batch 955 - SVC Cows,70433,"March 12, 2025",,#ERROR,,,NaN,SVC Cows,105,0,105,IN070433 - BATCH 52222.pdf (https://v5.airtableusercontent.com/v3/u/53/53/1779120000000/jl-UEf4yfqWMwRL2xo62tQ/4gFGucLqBCWRCRdzrwP7CJ-wQQJB-vXuvEifJjg5E907gyt-mmgCzZiAKjGeqI6ACREGPzRdyWw--mnlAf4eAx9BTCiwrNtFvHmOcL9YZjHoVqdx5rNDP6ucxzgfcTFyO0KVH7Fcm8uNGgwPORxK1Wa5eb-YvYBqsM2eTYLSa8k/kZqCvJL-W54EzHmTnIQO4DPs42oJxUtEccKY2SSdmh8),,R8436.3146,R885813.03,Processed & Paid,"52222,52222,52222,52222,52222,52222,52222,52222,52222,52222,52222,52222,52222,52222,52222,52222,52222,52222,52222,52222,52222,52222,52222,52222,52222,52222,52222,52222,52222,52222,52222,52222,52222,52222,52222,52222,52222,52222,52222,52222,52222,52222,52222,52222,52222,52222,52222,52222,52222,52222,52222,52222,52222,52222,52222,52222,52222,52222,52222,52222,52222,52222,52222,52222,52222,52222,52222,52222,52222,52222,52222,52222,52222,52222,52222,52222,52222,52222,52222,52222,52222,52222,52222,52222,52222,52222,52222,52222,52222,52222,52222,52222,52222,52222,52222,52222,52222,52222,52222,52222,52222,52222,52222,52222,52222",NaN,NaN,NaN,,0,R0.00,NaN,,,-100.00%,105,R912063.03,,,
Batch 956 - SVC Cows,70445,"March 12, 2025",,#ERROR,,,NaN,SVC Cows,110,0,110,IN070445 - BATCH 52312.pdf (https://v5.airtableusercontent.com/v3/u/53/53/1779120000000/6GNpo7rFkYQ9n4VMjizE9A/_nmLKA8HYscYLIbmRwBxnWMIetrQsDTahg0WAVmYLzBB8_adWR7y35DUKQgJO8gl2CLtJ-Pl6TD--sEdUXPgtv8A1SzuZDDueMWwhSUguWe9qJzpgkGqgn-QizRjeX8C_leDdAvAOWWgZDO-McxHTR0pnLH_cS5xyf1rL7MlAxg/7H1nunMJjunem4lJ96F_RnPekMT6H_AfqRIcVjJqEz0),,R9029.4068,R993234.75,Processed & Paid,"52312,52312,52312,52312,52312,52312,52312,52312,52312,52312,52312,52312,52312,52312,52312,52312,52312,52312,52312,52312,52312,52312,52312,52312,52312,52312,52312,52312,52312,52312,52312,52312,52312,52312,52312,52312,52312,52312,52312,52312,52312,52312,52312,52312,52312,52312,52312,52312,52312,52312,52312,52312,52312,52312,52312,52312,52312,52312,52312,52312,52312,52312,52312,52312,52312,52312,52312,52312,52312,52312,52312,52312,52312,52312,52312,52312,52312,52312,52312,52312,52312,52312,52312,52312,52312,52312,52312,52312,52312,52312,52312,52312,52312,52312,52312,52312,52312,52312,52312,52312,52312,52312,52312,52312,52312,52312,52312,52312,52312,52312",NaN,NaN,NaN,,0,R0.00,NaN,,,-100.00%,110,R1020734.75,,,
Batch 960 - SVC Cows,70446,"March 12, 2025",,#ERROR,,,NaN,SVC Cows,113,0,113,IN070446 - BATCH 52313.pdf (https://v5.airtableusercontent.com/v3/u/53/53/1779120000000/FbvXtgvGbrrjitlnjvTuDw/ZOJ3h6DZgwLS2NGWc5nVE6yRYs8lRXxETgyejaYNZZ3nx_WV8ekOOZoOojJVSquEdfCi9vUX0vfnSd4CrYEpRMVfqc5Xsv4CDXhDdCRDJHigz4xMrkqdOi78v-tyJz5sjiAbnnZDAsmVNGA3p85ucvs8Pd95LDyRaAbZv-vROhM/YZahgEkPmhXp6FMO9LX2qNEG7nPkUeLrJ9tBTZwdrVA),,R9248.7186,R1045105.20,Processed & Paid,"52313,52313,52313,52313,52313,52313,52313,52313,52313,52313,52313,52313,52313,52313,52313,52313,52313,52313,52313,52313,52313,52313,52313,52313,52313,52313,52313,52313,52313,52313,52313,52313,52313,52313,52313,52313,52313,52313,52313,52313,52313,52313,52313,52313,52313,52313,52313,52313,52313,52313,52313,52313,52313,52313,52313,52313,52313,52313,52313,52313,52313,52313,52313,52313,52313,52313,52313,52313,52313,52313,52313,52313,52313,52313,52313,52313,52313,52313,52313,52313,52313,52313,52313,52313,52313,52313,52313,52313,52313,52313,52313,52313,52313,52313,52313,52313,52313,52313,52313,52313,52313,52313,52313,52313,52313,52313,52313,52313,52313,52313,52313,52313,52313",NaN,NaN,NaN,,0,R0.00,NaN,,,-100.00%,113,R1073355.20,,,
Batch 957 - SVC Cows,70444,"March 13, 2025",,#ERROR,,,NaN,SVC Cows,123,0,123,IN070444 - BATCH 52224.pdf (https://v5.airtableusercontent.com/v3/u/53/53/1779120000000/sWPr9suDy3zX6yv9B6_fZw/DSblHH0c4FQwAemZ3Cmx4XrNdJFYG3bVR1ZiN4o80T_CTDSsioNK3HVjCf8SKkAnltoV01D5bx6R8p5B7Qof0iy6imCNUJHUOti0xc4pSc7JLugDsE-CQlVA7tTzsljuUKzTNOMI9SmAYs091deVBnmyTwS9XNnJDbg2fS-kA-U/zALLdqLIbCD2NCh6cXRqJVgrUK0JE98wsf-YHg8qJ1U),,R8399.9678,R1033196.04,Processed & Paid,"52224,52224,52224,52224,52224,52224,52224,52224,52224,52224,52224,52224,52224,52224,52224,52224,52224,52224,52224,52224,52224,52224,52224,52224,52224,52224,52224,52224,52224,52224,52224,52224,52224,52224,52224,52224,52224,52224,52224,52224,52224,52224,52224,52224,52224,52224,52224,52224,52224,52224,52224,52224,52224,52224,52224,52224,52224,52224,52224,52224,52224,52224,52224,52224,52224,52224,52224,52224,52224,52224,52224,52224,52224,52224,52224,52224,52224,52224,52224,52224,52224,52224,52224,52224,52224,52224,52224,52224,52224,52224,52224,52224,52224,52224,52224,52224,52224,52224,52224,52224,52224,52224,52224,52224,52224,52224,52224,52224,52224,52224,52224,52224,52224,52224,52224,52224,52224,52224,52224,52224,52224,52224,52224",NaN,NaN,NaN,,0,R0.00,NaN,,,-100.00%,123,R1063946.04,,,
Batch 958 - SVC Cows,70443,"March 13, 2025",,#ERROR,,,NaN,SVC Cows,106,0,106,IN070443 - BATCH 52223.pdf (https://v5.airtableusercontent.com/v3/u/53/53/1779120000000/-iRnUYFWA7Xo6IZ2VmazxQ/YMWZdqM9OWC4RH5YLSdEIbmyzI7YAz9-Lwf1_Ob1oCdvp8E55GyQ6zBi7Em0r-rdiUZQXLJRfRW85Mh5WW0jpeTpW0qKDZl_gdinhzWxh-QZXS3-9YZlqWVk6pi3ZiXwUPIq6dGUgspvv1Oq1E8SD0eMIilB5UMB_3m7xRdbB-c/SpiofqYj1RjkmsEQ5_vKl8DzMXbrZAqj_tz4fJ0sYIs),,R8340.4221,R884084.74,Processed & Paid,"52223,52223,52223,52223,52223,52223,52223,52223,52223,52223,52223,52223,52223,52223,52223,52223,52223,52223,52223,52223,52223,52223,52223,52223,52223,52223,52223,52223,52223,52223,52223,52223,52223,52223,52223,52223,52223,52223,52223,52223,52223,52223,52223,52223,52223,52223,52223,52223,52223,52223,52223,52223,52223,52223,52223,52223,52223,52223,52223,52223,52223,52223,52223,52223,52223,52223,52223,52223,52223,52223,52223,52223,52223,52223,52223,52223,52223,52223,52223,52223,52223,52223,52223,52223,52223,52223,52223,52223,52223,52223,52223,52223,52223,52223,52223,52223,52223,52223,52223,52223,52223,52223,52223,52223,52223,52223",NaN,NaN,NaN,,0,R0.00,NaN,,,-100.00%,106,R910584.74,,,
Batch 961 - SVC Cows,70473,"March 15, 2025",,#ERROR,,,NaN,SVC Cows,52,0,52,IN070473 - BATCH 52225.pdf (https://v5.airtableusercontent.com/v3/u/53/53/1779120000000/LIE6ZvhROZu0nq6IulFaiQ/-7duDiMwGpcuxIxBWYOTSqBEeOfW-BuneyJcie8Mm5z5xwFXnJxIfbz-XVIOMTgD8Xla8G5waS6JN6kOxKclaPePTqn1BGLWkkjW31WWwCy4W6OUmlhJoSYPN5ttJGpMKN505LnF4lNX3aVH7QjTVnRAuihmBz5rINL13W0cmtk/dTKez_41OUiVWCV-js16roNrL-GZhMmI_EqICy1-Igk),,R8856.1279,R460518.65,Processed & Paid,"52225,52225,52225,52225,52225,52225,52225,52225,52225,52225,52225,52225,52225,52225,52225,52225,52225,52225,52225,52225,52225,52225,52225,52225,52225,52225,52225,52225,52225,52225,52225,52225,52225,52225,52225,52225,52225,52225,52225,52225,52225,52225,52225,52225,52225,52225,52225,52225,52225,52225,52225,52225",NaN,NaN,NaN,,0,R0.00,NaN,,,-100.00%,52,R473518.65,,,
Batch 962 - SVC Cows,70474,"March 15, 2025",,#ERROR,,,NaN,SVC Cows,26,0,26,IN070474 - BATCH 52226.pdf (https://v5.airtableusercontent.com/v3/u/53/53/1779120000000/XGLNAXTFR_rdBcN5Sm8lVQ/SSfEQFLinHPDw45_4d3MqFubW3swVZiVATmTIsiFa7GKJXJZIGx2CrQEopIR79pY-T9Fw70uecF7396lRt_bkM0bu7yAAvBuj2gGJWoREzzDKmUTgG8wt36LY9tTsxrh9ZRHdXrx0DLf1BAPMckJ8QhPMlak9DfTGoP99XipoMQ/hc536mVE8oTtSjS18oU78QChWFF-J_drJxq1HflE4-8),,R8244.9154,R214367.80,Processed & Paid,"52226,52226,52226,52226,52226,52226,52226,52226,52226,52226,52226,52226,52226,52226,52226,52226,52226,52226,52226,52226,52226,52226,52226,52226,52226,52226",NaN,NaN,NaN,,0,R0.00,NaN,,,-100.00%,26,R220867.80,,,
Batch 964 - SVC Cows,70490,"March 19, 2025",,#ERROR,,,NaN,SVC Cows,111,0,111,IN070490 - BATCH 52227.pdf (https://v5.airtableusercontent.com/v3/u/53/53/1779120000000/8Z3N75ZnVf8rzJsbPJaw6A/0iPR9f5asbVyBZXm7f_4Q5nxZtF2lmZOU7HOkqRgLnDwnYszMX6jFFPqwtCET1DnfmukfKguQx3DbZOap-7Bof_OnD3NloYcprlQyapbzuaufWemUmi7qjT8rzUJSqSvHdNqYeHZIfA1XzgrXAOZghusmTFWmSL7WzI0KqoxZok/mC09RFdrQW47buvqBuKXp65RFdcJVjVBAynjWHfecck),,R7930.8186,R880320.86,Processed & Paid,"52227,52227,52227,52227,52227,52227,52227,52227,52227,52227,52227,52227,52227,52227,52227,52227,52227,52227,52227,52227,52227,52227,52227,52227,52227,52227,52227,52227,52227,52227,52227,52227,52227,52227,52227,52227,52227,52227,52227,52227,52227,52227,52227,52227,52227,52227,52227,52227,52227,52227,52227,52227,52227,52227,52227,52227,52227,52227,52227,52227,52227,52227,52227,52227,52227,52227,52227,52227,52227,52227,52227,52227,52227,52227,52227,52227,52227,52227,52227,52227,52227,52227,52227,52227,52227,52227,52227,52227,52227,52227,52227,52227,52227,52227,52227,52227,52227,52227,52227,52227,52227,52227,52227,52227,52227,52227,52227,52227,52227,52227,52227",NaN,NaN,NaN,,0,R0.00,NaN,,,-100.00%,111,R908070.86,,,
Batch 966 - SVC Farming,70583,"March 26, 2025",,#ERROR,,,NaN,SVC Farming,111,0,111,IN070583 - BATCH 52314.pdf (https://v5.airtableusercontent.com/v3/u/53/53/1779120000000/YEQcOBPXsvg5K0SEGSRvdw/ksfkq7jQcxXTFt8Ij_a6CF9Rm_fPrGav5jFePx8s0PJVLxBst8krNh7SfVOPCfoZSnRKJjKSUTcj99Q7KiC_FhVLdSc7UlobCYWM3qZSuEoLK5AQrJ52ltw9pdu21sukNVq8ZzK2D7LXUgXwSlPSXKOEIv3pjVJJ6yURI1VlkmE/AKe5bw1mQPQs0DUcODBp1xv31EvBckWzX5PGG7k8vkQ),,R9171.3903,R1018024.32,Processed & Paid,"52314,52314,52314,52314,52314,52314,52314,52314,52314,52314,52314,52314,52314,52314,52314,52314,52314,52314,52314,52314,52314,52314,52314,52314,52314,52314,52314,52314,52314,52314,52314,52314,52314,52314,52314,52314,52314,52314,52314,52314,52314,52314,52314,52314,52314,52314,52314,52314,52314,52314,52314,52314,52314,52314,52314,52314,52314,52314,52314,52314,52314,52314,52314,52314,52314,52314,52314,52314,52314,52314,52314,52314,52314,52314,52314,52314,52314,52314,52314,52314,52314,52314,52314,52314,52314,52314,52314,52314,52314,52314,52314,52314,52314,52314,52314,52314,52314,52314,52314,52314,52314,52314,52314,52314,52314,52314,52314,52314,52314,52314,52314",NaN,NaN,NaN,9/2/2025,111,R1045774.32,R9421.3903,Sold,"Invoice INV-0071.pdf (https://v5.airtableusercontent.com/v3/u/53/53/1779120000000/x3_qt6I4milKh841W121sA/MA3C81naRHKuN8bqiOIUx1KGZQQlwZdavCG9eIqgyvJrdYE2hK7_jPRRu8WSo3bVv-ZOjZ-_ZU_oQbrpofFXBU6I6yRP2se-kuPKWsjeKE4W3k9yG7giuiEwoqFeeVbkzrO21Wt-iSwvNyqSkTRM5kK-aiRtKSML6GXnGjCsgA8/caq1k_Ss489ODjtEOdreerXox4AfP2LRpfp-jadoOXY),Invoice INV-0072.pdf (https://v5.airtableusercontent.com/v3/u/53/53/1779120000000/1Kvu_ApJGhDGLCUqIK06rQ/FkeAhW-nfcM1QHint_D7MdBLSMc8V64EKjsF-3YPYcLBpyY-WQkEDTCuWnWZzAXSbXi7S07fhtLZiIVKgnJTzbNXZaWTkXK9GFonzKPZgKLYmu7NoLXViW6T3Fmz2SOXjKDN75qIkYsIGfSmvYUqk2gSJl0eHWBaKz7CLYAt1Rw/KUAnXY0IFtv-ltZ1_6TPlMPxxrOl0yFowv1RymHWbTI)",2.73%,0,R0.00,SVC FARMING-5.pdf (https://v5.airtableusercontent.com/v3/u/53/53/1779120000000/o6IyER-zG407UyviQfRK4w/0OHzaYt6HZ_sOAOsoLkURoSnZ-FD48JP9RYsBSIqnWjDf5_yxNQKwDq2f6YbiXuxcgQEyOtTz6BKlDvRmlLhT1w6QkbYKVxY2Ta9BdvivP4AYDjZEQl73WD4HYwC-4Bq45un3pYgThGCzIBX8Fdi0l_vPBzHeRqIPbfKRE9L9Dc/7fbw3GTGqQUZjYogTWp3-QaeaIe-3PKbk2wz9SQ7R3Y),,
Batch 965 - SVC Cows,70582,"March 27, 2025",,#ERROR,,,NaN,SVC Cows,106,0,106,IN070582 - BATCH 52228.pdf (https://v5.airtableusercontent.com/v3/u/53/53/1779120000000/Y9uPxRre21wSQBFIb5X3aA/WjkPXwGLDX5TDlLNUTNtX8aPFCSUPPnBTZpp21oxsBjJ3X7gstbgElzLzUNzipqoglcxYEnHjYc6CGlptR7cnhPk4iDLIRydwyE4aeY5ii9tf_2vyvAH4Id1N9mQbqdCZD9A-cfrcw1ppEzcTJ2xHmS3LrQc88mzwXRT9nPyRu4/5nk0id1vpQcCnmdaSXBcyi3Vf4iFJlDPUQXvfgzzd8s),,R7389.2449,R783259.96,Processed & Paid,"52228,52228,52228,52228,52228,52228,52228,52228,52228,52228,52228,52228,52228,52228,52228,52228,52228,52228,52228,52228,52228,52228,52228,52228,52228,52228,52228,52228,52228,52228,52228,52228,52228,52228,52228,52228,52228,52228,52228,52228,52228,52228,52228,52228,52228,52228,52228,52228,52228,52228,52228,52228,52228,52228,52228,52228,52228,52228,52228,52228,52228,52228,52228,52228,52228,52228,52228,52228,52228,52228,52228,52228,52228,52228,52228,52228,52228,52228,52228,52228,52228,52228,52228,52228,52228,52228,52228,52228,52228,52228,52228,52228,52228,52228,52228,52228,52228,52228,52228,52228,52228,52228,52228,52228,52228,52228",NaN,NaN,NaN,,0,R0.00,NaN,,,-100.00%,106,R809759.96,,,
Batch 967 - SVC Cows,70623,"March 28, 2025",,#ERROR,,,NaN,SVC Cows,104,0,104,"IN070623 - BATCH 52229.pdf (https://v5.airtableusercontent.com/v3/u/53/53/1779120000000/NEvhSZjKnxrCW4-C4YdVBg/PJsDApaLmq6TW1xLfhGHm1hiBnbw0k0VOFTFs-Dip-zkisYZ4KzO5b00MlqrkGGcGsyzHmhppURNfKviOy7Qr9FiatUhOGXMThNkPlfQe9W811OnGqFNDu0BFI8bWzg_83-sgDmOLrh9fFf7X1dM0gL9aLSGDoupePKO5vFeDVA/0YheEhCPkWerOFpIxS7r3jed9sZXoyDuVreTMkny9-w),CN001760 - CN001763.pdf (https://v5.airtableusercontent.com/v3/u/53/53/1779120000000/tlW0tKxJPkBdphsO8CL_wg/5RxsD18dsLpgShnHn2wtRoAl_WnHHoT_SHJfZt26JdwAuhBpVUEqFSnERlETLf8PR3D65QUh4KJub9RLh9V3LxRyLLe58ntDbRzKR9yQhAP57Db4E4Fn0Afvsjs4vfvS6uTUhbzKq8kfs5ZJuzmKeEZC-IEWeXGf13BeBRWAIkc/03VWDFp45fLnoJ91PvzXKxA8YgkUMoNmp5OU9dHPHAU)",,R8426.1494,R876319.54,CN Issued ,"52229,52229,52229,52229,52229,52229,52229,52229,52229,52229,52229,52229,52229,52229,52229,52229,52229,52229,52229,52229,52229,52229,52229,52229,52229,52229,52229,52229,52229,52229,52229,52229,52229,52229,52229,52229,52229,52229,52229,52229,52229,52229,52229,52229,52229,52229,52229,52229,52229,52229,52229,52229,52229,52229,52229,52229,52229,52229,52229,52229,52229,52229,52229,52229,52229,52229,52229,52229,52229,52229,52229,52229,52229,52229,52229,52229,52229,52229,52229,52229,52229,52229,52229,52229,52229,52229,52229,52229,52229,52229,52229,52229,52229,52229,52229,52229,52229,52229,52229,52229,52229,52229,52229,52229",NaN,NaN,NaN,,0,R0.00,NaN,,,-100.00%,104,R902319.54,,,"Credit note issued: CN001760
Reissued to appear on the March 2025 VAT report as the CN was only issued in April 2025"
Batch 968 - SVC Cows,70624,"March 28, 2025",,#ERROR,,,NaN,SVC Cows,15,0,15,IN070624 - BATCH 52231.pdf (https://v5.airtableusercontent.com/v3/u/53/53/1779120000000/YjBtuhGYFLVYnAB-Pd4L6Q/xq6EkA9BQF_VcXyZujAjIRNFo1Q4MxJSqL3e4YzJtGHIZGxwoKie651LAl1VCLP3B95UfYWEAwqFrY-3BsH0J4HlfJ0bbJ6tO4OwxJejfRyJpdUT8_uykdv_vTNRqzIV4W-lYQQzmj5LCGoI1VEEzgY-UftL7bqnfOodoYI41as/TH-PmO1IuJAQti68Y-0aISjg3kc4DCjyFIDrPlsZIss),,R8024.6340,R120369.51,Processed & Paid,"52231,52231,52231,52231,52231,52231,52231,52231,52231,52231,52231,52231,52231,52231,52231",NaN,NaN,NaN,,0,R0.00,NaN,,,-100.00%,15,R124119.51,,,
Batch 969 - SVC Cows,70625,"March 28, 2025",,#ERROR,,,NaN,SVC Cows,73,0,73,IN070625 - BATCH 52232.pdf (https://v5.airtableusercontent.com/v3/u/53/53/1779120000000/Ccnzh9qOHIG1eT4RSM0YwA/wl7EbjkEzv4ygAstL1e-mwlFvB0F3rKGLKsm9I42aw6UlvqGAZBFSWcQoafsayBaEx564ru6fWiEYKM_8EYus0t28QulAj-1WExGZCzfgFje2O-rrnZKqxE15Ocqt2uv6TD-9ZuOJWc8n4TfCF6WrxUCUDdV5WMUHJFltcSyBQs/0hVgkr1oGPTENUUn8iQ6HHV2FiF_9aFflgWkzLBij40),,R7933.4479,R579141.70,Processed & Paid,"52232,52232,52232,52232,52232,52232,52232,52232,52232,52232,52232,52232,52232,52232,52232,52232,52232,52232,52232,52232,52232,52232,52232,52232,52232,52232,52232,52232,52232,52232,52232,52232,52232,52232,52232,52232,52232,52232,52232,52232,52232,52232,52232,52232,52232,52232,52232,52232,52232,52232,52232,52232,52232,52232,52232,52232,52232,52232,52232,52232,52232,52232,52232,52232,52232,52232,52232,52232,52232,52232,52232,52232,52232",NaN,NaN,NaN,,0,R0.00,NaN,,,-100.00%,73,R597391.70,,,
Batch 970 - SVC Cows,70655,"March 28, 2025",,#ERROR,,,NaN,SVC Cows,8,0,8,"IN070655 - BATCH 52230.pdf (https://v5.airtableusercontent.com/v3/u/53/53/1779120000000/Er-AiwOtierjX264gRE7Zw/U9nIqmpRdRmxZDa08pfT_cNQShpuepx25Bn61QFGRt8d7Jt9QxrKRUcl8cAc0dyo2_-u1ca51vd0q8kZxyAvSp8tqqVaUQ9ZnHgglhAOQ3wQ5Su3k50_4U8uOo3IK0GPlWImA31tXXEMmByM4I5XvHwV7bodmM-wvH1AE-axNhI/5wwb_b_hoak3IOaPaCgu3rFFa49cYY5Id97OCbtyTzY),CN001760 - CN001763.pdf (https://v5.airtableusercontent.com/v3/u/53/53/1779120000000/ffNhtos5pGxSJHwftO2hsQ/Nm10JYsFoztVzIzVO6jg6Fgw9lO6-Yf_i_Ro1fCKpMWXqv5yUdGANcLzZe87NlYQ6jVRn0QK306J1_qtWB-l9mbic92ooaJ8Tk2YXo_yx9uxdl_V-15jB_OkLbeQn2Qk_AVwv9ex34PIFw0clS4jYPJEWZ5xkQF-gMrO1aiAIYA/bBTPf0Lw8noJtUJhCeycGz4wYBf1GnmgzdoWEUGZAk4)",,R9391.5138,R75132.11,CN Issued ,"52230,52230,52230,52230,52230,52230,52230,52230",NaN,NaN,NaN,,0,R0.00,NaN,,,-100.00%,8,R77132.11,,,"Credit note issued: CN001761
Reissued to appear on the March 2025 VAT report as the CN was only issued in April 2025"
Batch 974 - SVC Cows,70659 ,"March 31, 2025",,#ERROR,,,NaN,SVC Cows,122,0,122,"IN070659 - BATCH 52233.pdf (https://v5.airtableusercontent.com/v3/u/53/53/1779120000000/TabaIPwS39qRl4yshG1kew/rvdOI26WuHn26tLT-_stqbuVhpjUXdhvuXsGmKhOtDMBrgBRmmMJpEj15JAox1PTnoizYfXLmfUkTjf8_OEGpo1TYC1C8mzeilvkMxiEFP-eUvg55imv5GSACXbj0JfBWbrZFj-28dEbbmkY9IyIpKkErYQL9m64-4nzJQtvr00/97h13aDcCwNLmknXkV8LmxZ5cSrCoe20gE2eTjDFuq0),CN001760 - CN001763.pdf (https://v5.airtableusercontent.com/v3/u/53/53/1779120000000/fufrghKT2cjRHJ5o_7bKsg/vuUXmmczUNz6KWGEabkys0O1y7QiZzSg3OQ0OSY0T3xaYzvpm0ukud8S7Aw15f0NzWZYbHDSyZ1PMStN3Gf_oESt7gg8H8EqhKZ2h0x-_aBjqjp7mgQbee1t_x6E8kvL_UdvZu2x8GkTFrZGEs2IiaccG30H7foCFHRpPg024dI/OmqRRpwvxunknFS-DRbA7C0JwngOOGqqTrtFyFkEEbo)",,R7281.8776,R888389.07,CN Issued ,"52233,52233,52233,52233,52233,52233,52233,52233,52233,52233,52233,52233,52233,52233,52233,52233,52233,52233,52233,52233,52233,52233,52233,52233,52233,52233,52233,52233,52233,52233,52233,52233,52233,52233,52233,52233,52233,52233,52233,52233,52233,52233,52233,52233,52233,52233,52233,52233,52233,52233,52233,52233,52233,52233,52233,52233,52233,52233,52233,52233,52233,52233,52233,52233,52233,52233,52233,52233,52233,52233,52233,52233,52233,52233,52233,52233,52233,52233,52233,52233,52233,52233,52233,52233,52233,52233,52233,52233,52233,52233,52233,52233,52233,52233,52233,52233,52233,52233,52233,52233,52233,52233,52233,52233,52233,52233,52233,52233,52233,52233,52233,52233,52233,52233,52233,52233,52233,52233,52233,52233,52233,52233",NaN,NaN,NaN,,0,R0.00,NaN,,,-100.00%,122,R918889.07,,,"Credit note issued: CN001763
Reissued to appear on the March 2025 VAT report as the CN was only issued in April 2025"
Batch 975 - SVC Cows,70657,"April 1, 2025",,#ERROR,,,NaN,SVC Cows,115,0,115,"IN070657 - BATCH 52234.pdf (https://v5.airtableusercontent.com/v3/u/53/53/1779120000000/zp5z4tIL8uFtkxtvneCSXQ/WKrJgpx_10uciK38VitdWjx5jCtbq_nPaIaPk5KN7C4Z9BYJM1GMOGEbIgE5T2PsnZTBtSlpA2-dX1aDKNTN9hfcHtUwoS-XKSIxfB_XmfB8TKK6f7Z-28jOWh-EsQcPbLCs_iF18vIIGMeUV2kQ4511MFBtT_46jFMhyXargTM/EUWzVLAPXlQJVm6MxDozS_jmWdAxep7-uJ4o8ysEJqM),CN001760 - CN001763.pdf (https://v5.airtableusercontent.com/v3/u/53/53/1779120000000/rEc6hetBdoTgjO-9mTu8Ew/Hxnj1VxaUTAZnXNvjBNcPiFpBemrB4OnozxULWPstgnE3vkQI49p8N4iN5mDM94w_V_uK8dJ-XRlpt06N-BuZApmQv0jpsZ4punMLF7KxCuh1TzOF9S-R4t-aBwTf_0L13E19HqKKu6usqr_xXumGrU3dTopX8l_3lm2Nm9T6hM/uIPequMOuvxUzpjyl-IBRh-E99X4yuvh43N0tZjRxsU)",,R8005.9051,R920679.09,CN Issued ,"52234,52234,52234,52234,52234,52234,52234,52234,52234,52234,52234,52234,52234,52234,52234,52234,52234,52234,52234,52234,52234,52234,52234,52234,52234,52234,52234,52234,52234,52234,52234,52234,52234,52234,52234,52234,52234,52234,52234,52234,52234,52234,52234,52234,52234,52234,52234,52234,52234,52234,52234,52234,52234,52234,52234,52234,52234,52234,52234,52234,52234,52234,52234,52234,52234,52234,52234,52234,52234,52234,52234,52234,52234,52234,52234,52234,52234,52234,52234,52234,52234,52234,52234,52234,52234,52234,52234,52234,52234,52234,52234,52234,52234,52234,52234,52234,52234,52234,52234,52234,52234,52234,52234,52234,52234,52234,52234,52234,52234,52234,52234,52234,52234,52234,52234",NaN,NaN,NaN,,0,R0.00,NaN,,,-100.00%,115,R949429.09,,,"Credit note issued: CN001762
Reissued to appear on the April 2025 VAT report as the CN was only issued in April 2025"
Batch 971 - SVC Cows,70729,"April 4, 2025",,#ERROR,,,NaN,SVC Cows,90,0,90,IN070729.pdf (https://v5.airtableusercontent.com/v3/u/53/53/1779120000000/y9u_13QzKPcWxy4osBnDTA/L1n7J6xGGEW3vZ0jwYj6iMMe-fOyIe1fpALZszNg3I1U98Nb5lqJeHw2e4DTi8woHH4DwuCK6YbfIrwhGFNIgvWPNohJbrex1Se6SeGdJBQF6iWzSlooRcAdSRmVv-DoBmuKLXX4eo-0iEGkD33ZO9bC-5oPM7qNGMdr0pP-LsU/QdJQV2btPppHZ5ujbFjRXUZnb335IKbSh4qQNFlasy4),,R9185.1496,R826663.46,Processed & Paid,"52235,52235,52235,52235,52235,52235,52235,52235,52235,52235,52235,52235,52235,52235,52235,52235,52235,52235,52235,52235,52235,52235,52235,52235,52235,52235,52235,52235,52235,52235,52235,52235,52235,52235,52235,52235,52235,52235,52235,52235,52235,52235,52235,52235,52235,52235,52235,52235,52235,52235,52235,52235,52235,52235,52235,52235,52235,52235,52235,52235,52235,52235,52235,52235,52235,52235,52235,52235,52235,52235,52235,52235,52235,52235,52235,52235,52235,52235,52235,52235,52235,52235,52235,52235,52235,52235,52235,52235,52235,52235",NaN,NaN,NaN,,0,R0.00,NaN,,,-100.00%,90,R849163.46,,,
Batch 972 - SVC Cows,70747,"April 5, 2025",,#ERROR,,,NaN,SVC Cows,115,0,115,IN070747 - BATCH 52236.pdf (https://v5.airtableusercontent.com/v3/u/53/53/1779120000000/sCIBzlC3s6qlN2VrPWGgHA/aVZTxzrSaXjULLtdu33Har8IJyM7TWzbkdL8GAgxqrGXx0kYOKrN-vT7BYwuBHFT7MM6gbTYYtIgm9gi22TdUqzGDsG81RD_M0kg9uvRSPowujFL-uCcHQ_JEnXlFfn-XWfMSBTH32n5GukCNjKuVgBgyhRdIG0p2V4YY2P--Zg/BLCr-qy0FllODwCHLjamkzav9QutGLKXh7Wy0mWRVsg),,R7931.4514,R912116.91,Processed & Paid,"52236,52236,52236,52236,52236,52236,52236,52236,52236,52236,52236,52236,52236,52236,52236,52236,52236,52236,52236,52236,52236,52236,52236,52236,52236,52236,52236,52236,52236,52236,52236,52236,52236,52236,52236,52236,52236,52236,52236,52236,52236,52236,52236,52236,52236,52236,52236,52236,52236,52236,52236,52236,52236,52236,52236,52236,52236,52236,52236,52236,52236,52236,52236,52236,52236,52236,52236,52236,52236,52236,52236,52236,52236,52236,52236,52236,52236,52236,52236,52236,52236,52236,52236,52236,52236,52236,52236,52236,52236,52236,52236,52236,52236,52236,52236,52236,52236,52236,52236,52236,52236,52236,52236,52236,52236,52236,52236,52236,52236,52236,52236,52236,52236,52236,52236",NaN,NaN,NaN,,0,R0.00,NaN,,,-100.00%,115,R940866.91,,,
Batch 973 - SVC Cows,70763 ,"April 9, 2025",,#ERROR,,,NaN,SVC Cows,108,0,108,IN070763 - BATCH 52596.pdf (https://v5.airtableusercontent.com/v3/u/53/53/1779120000000/Y7W88t2E-K4ABRmTqVobkA/VpyekPRUMnZXNWsJhLWO69fyVtAbUR6fbbJq7k-_ArK7uQkN2wbzxCKxklgJg1DH7XfOpdnnkLMLKSMTAMLc3io1DnEaSyBFc5wwXwtzFE1DdzVsUB3bY67fUvXJljsjPcbRAYYHlzRzWnouCxdpBHSGWtnXOJOHJP71Z_pjGIQ/xNXamnbLf1daKZPz_Rrd3rqT7bkLMiQNrBJnRch_QDQ),,R9634.7141,R1040549.12,Processed & Paid,"52596,52596,52596,52596,52596,52596,52596,52596,52596,52596,52596,52596,52596,52596,52596,52596,52596,52596,52596,52596,52596,52596,52596,52596,52596,52596,52596,52596,52596,52596,52596,52596,52596,52596,52596,52596,52596,52596,52596,52596,52596,52596,52596,52596,52596,52596,52596,52596,52596,52596,52596,52596,52596,52596,52596,52596,52596,52596,52596,52596,52596,52596,52596,52596,52596,52596,52596,52596,52596,52596,52596,52596,52596,52596,52596,52596,52596,52596,52596,52596,52596,52596,52596,52596,52596,52596,52596,52596,52596,52596,52596,52596,52596,52596,52596,52596,52596,52596,52596,52596,52596,52596,52596,52596,52596,52596,52596,52596",NaN,NaN,NaN,,0,R0.00,NaN,,,-100.00%,108,R1067549.12,,,
Batch 976 - SVC Cows,70764,"April 10, 2025",,#ERROR,,,NaN,SVC Cows,96,0,96,IN070764 - BATCH 52597.pdf (https://v5.airtableusercontent.com/v3/u/53/53/1779120000000/D2piC4NKPsr6qa0n8XUMFg/YBmWdetFc5DRuy7nPi6lWNOdLoK5hB01qnBcL0KfvMdLzMjDMO0iI0pUhkq2nFD8QtTJAC6d8aukcDg3Xrnu3gEqvdoTNORERkFNHHpvrvgapkCn_mpz3SYYEwbyfJQukiix2HOSOFLc1DB1kYP3ROgsu5WPCsBqX5m1ouigBNQ/xoEVJJKMTrc4Q81s2UAvtrM10sBMgo1ZrE7nWOJ0KKU),,R9773.6547,R938270.85,Processed & Paid,"52597,52597,52597,52597,52597,52597,52597,52597,52597,52597,52597,52597,52597,52597,52597,52597,52597,52597,52597,52597,52597,52597,52597,52597,52597,52597,52597,52597,52597,52597,52597,52597,52597,52597,52597,52597,52597,52597,52597,52597,52597,52597,52597,52597,52597,52597,52597,52597,52597,52597,52597,52597,52597,52597,52597,52597,52597,52597,52597,52597,52597,52597,52597,52597,52597,52597,52597,52597,52597,52597,52597,52597,52597,52597,52597,52597,52597,52597,52597,52597,52597,52597,52597,52597,52597,52597,52597,52597,52597,52597,52597,52597,52597,52597,52597,52597",NaN,NaN,NaN,,0,R0.00,NaN,,,-100.00%,96,R962270.85,,,
Batch 977 - SVC Cows,70789,"April 10, 2025",,#ERROR,,,NaN,SVC Cows,130,0,130,IN070789 - BATCH 52599.pdf (https://v5.airtableusercontent.com/v3/u/53/53/1779120000000/evH0CN60pqa0tbqMj9nDAA/s4vg9fH-343kQXkVF1NBWzvFYWGBbCoe28a8RUkPhHQbcYAsHkgu7mxamOqWFxut-FXzsftA_CK-mHgSDdkxxXQ8EWJwFlUX5MOQKpwXj2xNMqgR5jFv2cZYTSRF8PtF80IbOA9YvJywGfEoDlopGfzYkOBpKqlSoLsDmktH6C0/xVNzepUt_jvWpb7EaKw2Sc3QWCxAh7JtFqCMZGOHN0w),,R8455.5046,R1099215.60,Processed & Paid,"52599,52599,52599,52599,52599,52599,52599,52599,52599,52599,52599,52599,52599,52599,52599,52599,52599,52599,52599,52599,52599,52599,52599,52599,52599,52599,52599,52599,52599,52599,52599,52599,52599,52599,52599,52599,52599,52599,52599,52599,52599,52599,52599,52599,52599,52599,52599,52599,52599,52599,52599,52599,52599,52599,52599,52599,52599,52599,52599,52599,52599,52599,52599,52599,52599,52599,52599,52599,52599,52599,52599,52599,52599,52599,52599,52599,52599,52599,52599,52599,52599,52599,52599,52599,52599,52599,52599,52599,52599,52599,52599,52599,52599,52599,52599,52599,52599,52599,52599,52599,52599,52599,52599,52599,52599,52599,52599,52599,52599,52599,52599,52599,52599,52599,52599,52599,52599,52599,52599,52599,52599,52599,52599,52599,52599,52599,52599,52599,52599,52599",NaN,NaN,NaN,,0,R0.00,NaN,,,-100.00%,130,R1131715.60,,,
Batch 978 - SVC Cows,70765,"April 10, 2025",,#ERROR,,,NaN,SVC Cows,100,0,100,IN070765 - BATCH 52598.pdf (https://v5.airtableusercontent.com/v3/u/53/53/1779120000000/DuAJ9Htq_C5llJWGrsLVug/p9MT_UiYR5Bc7F711jw3qeSc_W997JxvbYz_TehdIg2TbZ0z_RfCBTGsI4kxTYdqcfCuvr3t01di4iiy4NOb5KvuXekvtIbxcLzbszsl3s6oDahHBJWLXvtTU1LXWxcEUzex-7qEcGbSBFJxXAdp_2tYnGzxvEv2j9gE8N5XPnw/-E069BFNQ34z_rWYgc3_fp33ptHpSy-uulkSs0S2jvQ),,R9513.1343,R951313.43,Processed & Paid,"52598,52598,52598,52598,52598,52598,52598,52598,52598,52598,52598,52598,52598,52598,52598,52598,52598,52598,52598,52598,52598,52598,52598,52598,52598,52598,52598,52598,52598,52598,52598,52598,52598,52598,52598,52598,52598,52598,52598,52598,52598,52598,52598,52598,52598,52598,52598,52598,52598,52598,52598,52598,52598,52598,52598,52598,52598,52598,52598,52598,52598,52598,52598,52598,52598,52598,52598,52598,52598,52598,52598,52598,52598,52598,52598,52598,52598,52598,52598,52598,52598,52598,52598,52598,52598,52598,52598,52598,52598,52598,52598,52598,52598,52598,52598,52598,52598,52598,52598,52598",NaN,NaN,NaN,,0,R0.00,NaN,,,-100.00%,100,R976313.43,,,
Batch 981 - SVC Cows,70778,"April 12, 2025",,#ERROR,,,NaN,SVC Cows,0,0,0,"IN070778 - BATCH 52801.pdf (https://v5.airtableusercontent.com/v3/u/53/53/1779120000000/Vna2nbe4w1269KA7Y0NG1g/IPPx--eeBQ4GuzBGYe196USQJH3_xUfdKn_7vQf7RExRl0QwK2wxUM_4AiBXCXorn1My6DcW9NnhDCO-SMGQWXWE5BT4v-WReB2oIhHvIuFfyT3vGe5MfFywRH7C3RyS08JJzfeRskDVR52JfyOZp34htLZ_Exi2zu54Lw1-SKg/SaygBZEPnj9zUBAZeDjK8dbEM09t25es_cHRPhPS8lQ),CN001767  & CN001768 - Invoice IN070834 & 70835.pdf (https://v5.airtableusercontent.com/v3/u/53/53/1779120000000/Zj9-ql8aFs0-JcF5SElV0Q/ahvjRpG8wdX_WLzSVEwqJxYjL4QxHBFAM5Oqr1a7GtzZRuId1AT9LpW9oeefXd2ojTbn9ocJz9-JqgojIWzrSx_Vju31PlFRTiZlD5xv4JlshIub9CwymvuZvnz0XCxf4hUAEr_sFZFkn0-NCsY4mIxcVk6XwP5EPOOVP4iCS2QNOnRBjjw0sDl7Dk3l7P3n/kLUrRV53OkXpHNMhhcqWw0_l0uosrXXnabkXpj-P1bs)",,NaN,,CN Issued ,,NaN,NaN,NaN,,0,NaN,NaN,,,NaN,0,NaN,,,"Credit note CN001768 issued and IN070834 reissued to replace IN070778


"
Batch 982 - SVC Cows,70777,"April 12, 2025",,#ERROR,,,NaN,SVC Cows,0,0,0,"IN070777 - BATCH 52600.pdf (https://v5.airtableusercontent.com/v3/u/53/53/1779120000000/8_nRjzjn2Bt4-xVB3xbwvQ/fsXoeiwvb1JjUMgrk_Eg8PX81TmRvkoDej7ZMqGT4SdayzR5tfEq36lgGR6rea4JG0_wC2sNsmZKb1g2I1dk52Yf7r3JkZrkX1zTTVsfHDWvA4Xe6YlinGsQ25SAjPUnT8Pe7XBN3ScUD6DHpBOZ1qEY80BsdqMy2difI1s6PQE/ok5Td2ub4Jk-2sEsftU9Bh-otT2gUOlAksfn5-v5JGE),CN001767  & CN001768 - Invoice IN070834 & 70835.pdf (https://v5.airtableusercontent.com/v3/u/53/53/1779120000000/XypSZbp9nv5A4hXR-ZSOzg/k1XdF16VVa2mMm5vRVRmNH-sD3o5XOIOGMJ63wBn2ZkBNdjrFsMkU0r9Y2iiCjGovx2tigMckAYJIFMXMhgVvy5EYv7JVGkKCsQr3WoGQsj-FGDAM9ptF0MHyGcHBpThqNv3peWSkwF5EHiksQ9ZkYPqgE2dDg9mridvtWyOFa_-IyuFZM7sbPWds3TGfp5Z/ZO4YEknYsC0CZeLFNwBbRqFXa-5XTH_-qJQkQTOBbrc)",,NaN,,CN Issued ,,NaN,NaN,NaN,,0,NaN,NaN,,,NaN,0,NaN,,,"Credit note CN001767 issued and IN070834 reissued to replace IN070777
"
Batch 985 - SVC Cows,70834,"April 12, 2025",,#ERROR,,,NaN,SVC Cows,105,0,105,CN001767 & Invoice IN070834.pdf (https://v5.airtableusercontent.com/v3/u/53/53/1779120000000/K0THbUtRpP9qeclVB4Om8A/HMHbfKq56lTAQ3lS0oTDjkpeWtMOrAA55alOcc5BAIunydxmKPuvF2V9Uw4c8qB7vixH-Tj3pP9NDLqYojwXvja01e4fWaUHNpKe7En_UHbJAnwxI7PnQjkxIpggBKU9MLnGIZ7dLBuPQBxH9ReGD55vWs17yJ0JFjua-cr9xjb5cd8iepYEXyKrFTOENeHi/IvXAOaiZX6Bwed8MXgiqhb80SugHcYe7kAYFgTnqfFo),,R8794.5379,R923426.48,Processed & Paid,"52600,52600,52600,52600,52600,52600,52600,52600,52600,52600,52600,52600,52600,52600,52600,52600,52600,52600,52600,52600,52600,52600,52600,52600,52600,52600,52600,52600,52600,52600,52600,52600,52600,52600,52600,52600,52600,52600,52600,52600,52600,52600,52600,52600,52600,52600,52600,52600,52600,52600,52600,52600,52600,52600,52600,52600,52600,52600,52600,52600,52600,52600,52600,52600,52600,52600,52600,52600,52600,52600,52600,52600,52600,52600,52600,52600,52600,52600,52600,52600,52600,52600,52600,52600,52600,52600,52600,52600,52600,52600,52600,52600,52600,52600,52600,52600,52600,52600,52600,52600,52600,52600,52600,52600,52600",NaN,NaN,NaN,,0,R0.00,NaN,,,-100.00%,105,R949676.48,,,
Batch 986 - SVC Cows,70835,"April 12, 2025",,#ERROR,,,NaN,SVC Cows,116,0,116,CN001767  & CN001768 - Invoice IN070834 & 70835.pdf (https://v5.airtableusercontent.com/v3/u/53/53/1779120000000/ty5y3lFeVAYXsWF66zvT_w/rnzen4J7luI2vnl2A_gQ56_3qmEehEKe11Ivw_qzSHS1IXTbwNoBmBD3FsJ0II9R5q_G-LJS1b6sr4__f0uFDS1P2r_dw9izejT6xdi0XZVJdonxYYMgFS6dWMVOHkKgvdq7uCPEqMsC0VbJoySkSsBuHEL6IYRAHNERgR_7cMY2T404cXpgZ_1WpocZnq1U/X5eZs5j16DaukvuuZHOXiGkVp7PaebFfevKLnmwPrRw),,R9809.7562,R1137931.72,Processed & Paid,"52801,52801,52801,52801,52801,52801,52801,52801,52801,52801,52801,52801,52801,52801,52801,52801,52801,52801,52801,52801,52801,52801,52801,52801,52801,52801,52801,52801,52801,52801,52801,52801,52801,52801,52801,52801,52801,52801,52801,52801,52801,52801,52801,52801,52801,52801,52801,52801,52801,52801,52801,52801,52801,52801,52801,52801,52801,52801,52801,52801,52801,52801,52801,52801,52801,52801,52801,52801,52801,52801,52801,52801,52801,52801,52801,52801,52801,52801,52801,52801,52801,52801,52801,52801,52801,52801,52801,52801,52801,52801,52801,52801,52801,52801,52801,52801,52801,52801,52801,52801,52801,52801,52801,52801,52801,52801,52801,52801,52801,52801,52801,52801,52801,52801,52801,52801",NaN,NaN,NaN,,0,R0.00,NaN,,,-100.00%,116,R1166931.72,,,
Batch 979 - SVC Cows,70779,"April 13, 2025",,#ERROR,,,NaN,SVC Cows,133,0,133,IN070779 - BATCH 52802.pdf (https://v5.airtableusercontent.com/v3/u/53/53/1779120000000/kOLcPWsUghflri2lnhIwJQ/rcKvVB9GPvKi6emlcKMQUvzmnxt4ytzBHwDeS2_eR5FPf-x7O_DbWU64pGcORwI4QXcyRTfFF_68_ru4v7P0tYvCMYJcKSMaMtJuBY_L0Yk3paxP3sJi_Fy434JtROQpqUplkCRZdZxC91rFxl1rPZom_7YTr1kFV2JHF8AfPaY/hJeiDQi9fJOf7T5_8jvn9s7MDHMbF993dTE7Q0Kv0ec),,R8726.1947,R1160583.89,Processed & Paid,"52802,52802,52802,52802,52802,52802,52802,52802,52802,52802,52802,52802,52802,52802,52802,52802,52802,52802,52802,52802,52802,52802,52802,52802,52802,52802,52802,52802,52802,52802,52802,52802,52802,52802,52802,52802,52802,52802,52802,52802,52802,52802,52802,52802,52802,52802,52802,52802,52802,52802,52802,52802,52802,52802,52802,52802,52802,52802,52802,52802,52802,52802,52802,52802,52802,52802,52802,52802,52802,52802,52802,52802,52802,52802,52802,52802,52802,52802,52802,52802,52802,52802,52802,52802,52802,52802,52802,52802,52802,52802,52802,52802,52802,52802,52802,52802,52802,52802,52802,52802,52802,52802,52802,52802,52802,52802,52802,52802,52802,52802,52802,52802,52802,52802,52802,52802,52802,52802,52802,52802,52802,52802,52802,52802,52802,52802,52802,52802,52802,52802,52802,52802,52802",NaN,NaN,NaN,,0,R0.00,NaN,,,-100.00%,133,R1193833.89,,,
Batch 984 - SVC Cows,70790,"April 13, 2025",,#ERROR,,,NaN,SVC Cows,102,0,102,IN070790 - BATCH 52804.pdf (https://v5.airtableusercontent.com/v3/u/53/53/1779120000000/-eysi-Dg8EB-bpeg0AxxMw/owUdOUeJjhpzucI4FJzBtND7dkAKtz41Zn4CdtbpIrYwdMS4dpkXIw56H5Rf98Wy6ToAheJ5G7Djhj6Qd7pHniDA9NNRoRAOTfAFumnCBvaaWGynsysABeXC2URXG5uoanIscT2nWReeUUvuR2_db1wzMO8Ic8icd9-aAg9iQbw/fWh3FBLLgzzTFB_GzAkv6DSaxWzAdyos9qEKnFbA0XM),,R8721.5725,R889600.40,Processed & Paid,"52804,52804,52804,52804,52804,52804,52804,52804,52804,52804,52804,52804,52804,52804,52804,52804,52804,52804,52804,52804,52804,52804,52804,52804,52804,52804,52804,52804,52804,52804,52804,52804,52804,52804,52804,52804,52804,52804,52804,52804,52804,52804,52804,52804,52804,52804,52804,52804,52804,52804,52804,52804,52804,52804,52804,52804,52804,52804,52804,52804,52804,52804,52804,52804,52804,52804,52804,52804,52804,52804,52804,52804,52804,52804,52804,52804,52804,52804,52804,52804,52804,52804,52804,52804,52804,52804,52804,52804,52804,52804,52804,52804,52804,52804,52804,52804,52804,52804,52804,52804,52804,52804",NaN,NaN,NaN,,0,R0.00,NaN,,,-100.00%,102,R915100.40,,,
Batch 983 - SVC Cows,70819,"April 14, 2025",,#ERROR,,,NaN,SVC Cows,101,0,101,IN070819 - BATCH 52803.pdf (https://v5.airtableusercontent.com/v3/u/53/53/1779120000000/3putVj6zLrFvE-H9v2ymFA/PV7w3iWeYrkcBGZ_0hIwnGtFdDiLLzbZaTMnAlYtm0LHsdlafikz8IAraDj_EpFtzXkgzPg2yPEbsn6oiJGXGXnxppyzV3wNMkNnVo3a_f-bAs4Uk7_AJs7gXLOINWQxz4IYVg-nej1CPfneqH6HlvTA_tqdiEW3GfJpx9PS4WM/yxt97okYZF-1oJWbnwx4sbMRdUTKtb8zTY7CSlSYY2U),,R9302.4704,R939549.51,Processed & Paid,"52803,52803,52803,52803,52803,52803,52803,52803,52803,52803,52803,52803,52803,52803,52803,52803,52803,52803,52803,52803,52803,52803,52803,52803,52803,52803,52803,52803,52803,52803,52803,52803,52803,52803,52803,52803,52803,52803,52803,52803,52803,52803,52803,52803,52803,52803,52803,52803,52803,52803,52803,52803,52803,52803,52803,52803,52803,52803,52803,52803,52803,52803,52803,52803,52803,52803,52803,52803,52803,52803,52803,52803,52803,52803,52803,52803,52803,52803,52803,52803,52803,52803,52803,52803,52803,52803,52803,52803,52803,52803,52803,52803,52803,52803,52803,52803,52803,52803,52803,52803,52803",NaN,NaN,NaN,,0,R0.00,NaN,,,-100.00%,101,R964799.51,,,
Batch 987 - SVC Cows,70836,"April 16, 2025",,#ERROR,,,NaN,SVC Cows,201,0,201,IN070836 - BATCH 52805 & 52807.pdf (https://v5.airtableusercontent.com/v3/u/53/53/1779120000000/qSAKfDk5O7SSJzvV4VkjCw/rbh9y0juyK7PsFZdb9YQlhYhRXP4BOMiIWclEhdMmnlEe-2TZB4TVL6AnF5Usg96hDbLidjJ2pVDFB3-MDmzC5OFzgGFfZ7TtRU53ZjILZNxv9vAf_uhnZInhNFrj-v1zbWqT_KdfP8J8uUb0dts6AHcB0NoPBjCzZNepHRWkn1xeuifXGTOMFw23a9cIhsE/t8EdpnILKWNL8yUupBbn5H3_kmq87WCLhPR7GyaB15A),,R9658.9940,R1941457.80,Processed & Paid,"52805,52805,52805,52805,52805,52805,52805,52805,52805,52805,52805,52805,52805,52805,52805,52805,52805,52805,52805,52805,52805,52805,52805,52805,52805,52805,52805,52805,52805,52805,52805,52805,52805,52805,52805,52805,52805,52805,52805,52805,52805,52805,52805,52805,52805,52805,52805,52805,52805,52805,52805,52805,52805,52805,52805,52805,52805,52805,52805,52805,52805,52805,52805,52805,52805,52805,52805,52805,52805,52805,52805,52805,52805,52805,52805,52805,52805,52805,52805,52805,52805,52805,52805,52805,52805,52805,52805,52805,52805,52805,52805,52805,52805,52805,52805,52805,52805,52805,52805,52805,52805,52805,52805,52807,52807,52807,52807,52807,52807,52807,52807,52807,52807,52807,52807,52807,52807,52807,52807,52807,52807,52807,52807,52807,52807,52807,52807,52807,52807,52807,52807,52807,52807,52807,52807,52807,52807,52807,52807,52807,52807,52807,52807,52807,52807,52807,52807,52807,52807,52807,52807,52807,52807,52807,52807,52807,52807,52807,52807,52807,52807,52807,52807,52807,52807,52807,52807,52807,52807,52807,52807,52807,52807,52807,52807,52807,52807,52807,52807,52807,52807,52807,52807,52807,52807,52807,52807,52807,52807,52807,52807,52807,52807,52807,52807,52807,52807,52807,52807,52807,52807",NaN,NaN,NaN,,0,R0.00,NaN,,,-100.00%,201,R1991707.80,,,"Partial payment R1,113,939.52 on 23 April 2025"
Batch 988 - SVC Cows,70853,"April 16, 2025",,#ERROR,,,NaN,SVC Cows,120,0,120,IN070853 - BATCH 52806.pdf (https://v5.airtableusercontent.com/v3/u/53/53/1779120000000/BqP1nbxxfcMwnq0odlmdpA/l3hrrEfR2nQRIihJBJcKmrTB3BZD5kFvBhh7gHpFywMiHs0W9tglkhyav_1EY8-sZEViXwTh9mTVIxgdyDg3ur1i_0_ie7y4M2hqEpU4syfLY1LV_fX9hZRMabMTLGyzPypnaOk3ockhVi3kdBK_TzPMnO2UKBNHlmLsmrPHwNI/2awUcMas7h7ghhPMOtc-5r1xqxXdFPMl46NCS9MR0TY),,R9211.4598,R1105375.17,Processed & Paid,"52806,52806,52806,52806,52806,52806,52806,52806,52806,52806,52806,52806,52806,52806,52806,52806,52806,52806,52806,52806,52806,52806,52806,52806,52806,52806,52806,52806,52806,52806,52806,52806,52806,52806,52806,52806,52806,52806,52806,52806,52806,52806,52806,52806,52806,52806,52806,52806,52806,52806,52806,52806,52806,52806,52806,52806,52806,52806,52806,52806,52806,52806,52806,52806,52806,52806,52806,52806,52806,52806,52806,52806,52806,52806,52806,52806,52806,52806,52806,52806,52806,52806,52806,52806,52806,52806,52806,52806,52806,52806,52806,52806,52806,52806,52806,52806,52806,52806,52806,52806,52806,52806,52806,52806,52806,52806,52806,52806,52806,52806,52806,52806,52806,52806,52806,52806,52806,52806,52806,52806",NaN,NaN,NaN,,0,R0.00,NaN,,,-100.00%,120,R1135375.17,,,
Batch 989 - SVC Cows,70854,"April 18, 2025",,#ERROR,,,NaN,SVC Cows,90,0,90,IN070854 - BATCH 52808.pdf (https://v5.airtableusercontent.com/v3/u/53/53/1779120000000/p5NwNFwj8g4kIJOrITT7SQ/uPAaCWJgGhN6XGB7uaOZeB5qEXMDMP3myAtbZeNlOWhvcm1SQCaImYlqZZJPMoz-Ja2VrU3TepzIGiFxxI_crUV3Yp129SptNvM3fm96-o2VZ1Wa0VfKOBWmpdbA634t9cujLmMZArVfk7WfKjn2xhsxFvRnXrItMgbjpghO1WU/UXZvj4ELv4MMs0IsO25YOulA7NFzfpWvgUQ74h6pH1g),,R8383.2991,R754496.92,Processed & Paid,"52808,52808,52808,52808,52808,52808,52808,52808,52808,52808,52808,52808,52808,52808,52808,52808,52808,52808,52808,52808,52808,52808,52808,52808,52808,52808,52808,52808,52808,52808,52808,52808,52808,52808,52808,52808,52808,52808,52808,52808,52808,52808,52808,52808,52808,52808,52808,52808,52808,52808,52808,52808,52808,52808,52808,52808,52808,52808,52808,52808,52808,52808,52808,52808,52808,52808,52808,52808,52808,52808,52808,52808,52808,52808,52808,52808,52808,52808,52808,52808,52808,52808,52808,52808,52808,52808,52808,52808,52808,52808",NaN,NaN,NaN,,0,R0.00,NaN,,,-100.00%,90,R776996.92,,,
Batch 990 - SVC Cows,70855,"April 18, 2025",,#ERROR,,,NaN,SVC Cows,135,0,135,IN070855 - BATCH 52809.pdf (https://v5.airtableusercontent.com/v3/u/53/53/1779120000000/xonTM9M21m1GNHCPxZuhZQ/sLMasxGQD336oxMgJPRvNHtjWncoovFEwJZkqCLKSKYaMO1j-KCBeqJWqAoiaCzMKA6KDqBuUgEdhczKNtm-hlg-L8wNpwQP-l17qGGQItmC7qX-9N67JHjzg5iYDeCAl_bu-I-y9fg3oHJdb3V6EEPT9GOu-JDPW2E23HInBZc/KtPAx6t02jT4sjrkTAcr3oT7s2yUYiC6pUNVrTu7DFg),,R9139.1590,R1233786.46,Processed & Paid,"52809,52809,52809,52809,52809,52809,52809,52809,52809,52809,52809,52809,52809,52809,52809,52809,52809,52809,52809,52809,52809,52809,52809,52809,52809,52809,52809,52809,52809,52809,52809,52809,52809,52809,52809,52809,52809,52809,52809,52809,52809,52809,52809,52809,52809,52809,52809,52809,52809,52809,52809,52809,52809,52809,52809,52809,52809,52809,52809,52809,52809,52809,52809,52809,52809,52809,52809,52809,52809,52809,52809,52809,52809,52809,52809,52809,52809,52809,52809,52809,52809,52809,52809,52809,52809,52809,52809,52809,52809,52809,52809,52809,52809,52809,52809,52809,52809,52809,52809,52809,52809,52809,52809,52809,52809,52809,52809,52809,52809,52809,52809,52809,52809,52809,52809,52809,52809,52809,52809,52809,52809,52809,52809,52809,52809,52809,52809,52809,52809,52809,52809,52809,52809,52809,52809",NaN,NaN,NaN,,0,R0.00,NaN,,,-100.00%,135,R1267536.46,,,
Batch 991 - SVC Farming,70875,"April 23, 2025",,#ERROR,,,NaN,SVC Farming,110,0,110,IN070875 - BATCH 52357.pdf (https://v5.airtableusercontent.com/v3/u/53/53/1779120000000/TxKsNgXARZIYYPrTpbm45g/EyKiraOqgsSLYFIz9485xy2VWx8WqGEndGcAMFGYKzpswyAnbJ3yDormQWv7yidAJkAKdf_ospAj8nWDMVpcRZ8LG9omFTyXqL9cJV7edpUxPae5w5CCK8zZZEGAngpsxs1Dutrfo0ZZWjf5hwRzRii7AXnS57WTT53AQdJlfM8/WaUnx2wdbwE0XwtHOv612lRkD9L6oT1YF1TBaSRHJrI),,R8372.7273,R921000.00,Processed & Paid,"52357,52357,52357,52357,52357,52357,52357,52357,52357,52357,52357,52357,52357,52357,52357,52357,52357,52357,52357,52357,52357,52357,52357,52357,52357,52357,52357,52357,52357,52357,52357,52357,52357,52357,52357,52357,52357,52357,52357,52357,52357,52357,52357,52357,52357,52357,52357,52357,52357,52357,52357,52357,52357,52357,52357,52357,52357,52357,52357,52357,52357,52357,52357,52357,52357,52357,52357,52357,52357,52357,52357,52357,52357,52357,52357,52357,52357,52357,52357,52357,52357,52357,52357,52357,52357,52357,52357,52357,52357,52357,52357,52357,52357,52357,52357,52357,52357,52357,52357,52357,52357,52357,52357,52357,52357,52357,52357,52357,52357,52357",NaN,NaN,NaN,9/19/2025,110,R948500.00,R8622.7273,Sold,"Invoice INV-0072.pdf (https://v5.airtableusercontent.com/v3/u/53/53/1779120000000/BrnpTMPbww_07ehDgMDKAg/_TAC91kTaAovCPJ1uCNmnBNLRfB9ACmkWphr4nT4hCmaZBoVZCsGeYk-iGsYrNniwa2oSTOqrypHvXN3KXSBhfr1fNTTvr3d1-la5wMvkXiwMbKcEipsU8GXYq_TfBz7gNyftmF8ktTudhy76S5VtqpP0tmCqNgp71Y3xV-T7Is/Faxj1-WHwrJML4IZJyXWVc9Q0gCgQZQ-L6nQnHGUvZw),Invoice INV-0073.pdf (https://v5.airtableusercontent.com/v3/u/53/53/1779120000000/FODW-TmshobvlG8UGuq7zQ/4G1L4p_ko7XaITnv0kRn72iUmd25EyeeVU9omg7OXfemRNyadn91lc86nsz0iPsi3Y8bNVmM_9ZXnZMmsEMhowwOfR-s62bZQv-8MnLEEaxNeYwOyYsy1y6IufZ1T_EE_Cmc5MIyJumOhRc8hvqCrryaOQx0ZYLoujylktW88P0/NeDL_01qfj7J30KXzMWRdI-TeC2u_zEVCZrGX4YuN4A),Invoice INV-0074.pdf (https://v5.airtableusercontent.com/v3/u/53/53/1779120000000/TB8hxkmjEtgeWZORDRcpMw/htDKstTpDIyNvo4iu7jQcBH1UcA0QR5S9wEzbmlEYKrxjowF85roKT4x-GhsMtEJ--QemT5osG2k_NL46Ptf92fAPNEEM-l9qmi47dk4scHWGBO1Hu3Cnf9rEoq7v8wftzFUWopm4_oWDMnnFSVV429zsUDnZphavAZ21bmcFlU/MQkdf3QdSu9NA20x7yKDTXnje_LhFqo5B3rwJzKIFKw)",2.99%,0,R0.00,"SVC FARMING-6.pdf (https://v5.airtableusercontent.com/v3/u/53/53/1779120000000/78abQP-hNhAfPqtozQUqug/t_WcCXbK0nfLaAfJKDnlXTm7TQ9NEAdPffamfD9_pvzYWfXuRSpMItIYRJ_YgPG0vyFcKr9VvvO2BsJm_kr928NmTdGDTqAB2qGCdggdURkmUTXqpJr3ohsCsJO227d4Su0xxwaESPhzZ_LNfMlvqghKWeQGQEj6TOKGl5FBwtw/h6unB3ebpUDPPBoXqO5rbx5f_vXIbhFayf_u-MHtgtU),SVC FARMING-7.pdf (https://v5.airtableusercontent.com/v3/u/53/53/1779120000000/RR0JH6Pw28KSHy4EIaDkYg/w2lpKiYxlcHY3IKA7qegCKeQbANhl7FYRxxz-ZGitSEE97fkx8eDjiezheGep--jDOMzMby-nxVEUAANULoVew8vWbJEXVs6HADspu2u1vZ5JkVKhb-VIs5QjzdaI94WtYy5IpwMYeS8obJTuczjxE11N98wV2182aBs4tkRYrI/mzScvm8Vui85k-0JfFsEuvqMFQG4475YeEiEnk1OMRU),SVC FARMING 19-09.pdf (https://v5.airtableusercontent.com/v3/u/53/53/1779120000000/z_CYfbz_tfabv_Z3Vi3stg/5yQ7CI-SNpaSH2vEl6kVWju9DmRJtBndNBE9xzX_5_Px0ZWOrezMypOrptgGjz-yW50SDEjtDB4OOFI3DoyVRbb-I7CVmZHyx3hH4-Vie_jcvYsYOMcH2QTdmpkvKhgsw1blYRfaJnScl8s0hlLciNHOtStDNuGD-33fOkPp0jY/XtvZGDVFonHa4Yb7SBQYqRUUinCASyAA401HV43Man8)",,
Batch 992 - SVC Cows,70870,"April 23, 2025",,#ERROR,,,NaN,SVC Cows,100,0,100,IN070870 - BATCH 52810.pdf (https://v5.airtableusercontent.com/v3/u/53/53/1779120000000/gil3LnCdixMETnG_IagKZQ/z67Cbr_ALDEKuwxCbXyYIoWm8BWbtPqIQLtgRP3Si6CL7KNycHx-kYwj9tZbsorgvZtht2WhbM9Y30IPWBmrR1_vPb66l0vJoo_2Hofs5JKE3HKPn9kRSbstzJc7MlgLnsUbnuZe8p0d3DIzMeeJH98sAD5L9qsGCSJx-KLCtI4/NwMQeAogTJ5oUs7Wf60nGDBzT1pFJfd4aHh1ux6GElk),,R9481.8259,R948182.59,Processed & Paid,"52810,52810,52810,52810,52810,52810,52810,52810,52810,52810,52810,52810,52810,52810,52810,52810,52810,52810,52810,52810,52810,52810,52810,52810,52810,52810,52810,52810,52810,52810,52810,52810,52810,52810,52810,52810,52810,52810,52810,52810,52810,52810,52810,52810,52810,52810,52810,52810,52810,52810,52810,52810,52810,52810,52810,52810,52810,52810,52810,52810,52810,52810,52810,52810,52810,52810,52810,52810,52810,52810,52810,52810,52810,52810,52810,52810,52810,52810,52810,52810,52810,52810,52810,52810,52810,52810,52810,52810,52810,52810,52810,52810,52810,52810,52810,52810,52810,52810,52810,52810",NaN,NaN,NaN,,0,R0.00,NaN,,,-100.00%,100,R973182.59,,,
Batch 998 - SVC Cows,70910,"April 23, 2025",,#ERROR,,,NaN,SVC Cows,216,0,216,IN070910 - BATCH 52811 & 52812.pdf (https://v5.airtableusercontent.com/v3/u/53/53/1779120000000/LHDqCkqMrLpKH0rrl8zZ2w/CUPP96XZxxIWJFPTLWgCAu27lMRIOhq0Jx_U-6l36efGpuuWuC0i6RHjw1HJbKcCCYJyyNIywsKH599GV7rea3gzsQ_Wm4wbYGdPRbzXkc-lgOqE5FRbi7LTpqm_g07ue3xBE2g0vhNgY6UaSYKPIA_T2SH10Q575fw3ApRC_FI4P84rWhZzH9O05sOYIPaJ/Fx_EqZwz_E8imBusRoqqDZlcKPqA189L73MEnEwadwY),,R9330.8755,R2015469.11,Processed & not paid,"52812,52812,52812,52812,52812,52812,52812,52812,52812,52812,52812,52812,52812,52812,52812,52812,52812,52812,52812,52812,52812,52812,52812,52812,52812,52812,52812,52812,52812,52812,52812,52812,52812,52812,52812,52812,52812,52812,52812,52812,52812,52812,52812,52812,52812,52812,52812,52812,52812,52812,52812,52812,52812,52812,52812,52812,52812,52812,52812,52812,52812,52812,52812,52812,52812,52812,52812,52812,52812,52812,52812,52812,52812,52812,52812,52812,52812,52812,52812,52812,52812,52812,52812,52812,52812,52812,52812,52812,52812,52812,52812,52812,52812,52812,52812,52812,52812,52812,52812,52812,52812,52812,52812,52812,52812,52812,52812,52812,52812,52812,52812,52812,52812,52812,52812,52812,52811,52811,52811,52811,52811,52811,52811,52811,52811,52811,52811,52811,52811,52811,52811,52811,52811,52811,52811,52811,52811,52811,52811,52811,52811,52811,52811,52811,52811,52811,52811,52811,52811,52811,52811,52811,52811,52811,52811,52811,52811,52811,52811,52811,52811,52811,52811,52811,52811,52811,52811,52811,52811,52811,52811,52811,52811,52811,52811,52811,52811,52811,52811,52811,52811,52811,52811,52811,52811,52811,52811,52811,52811,52811,52811,52811,52811,52811,52811,52811,52811,52811,52811,52811,52811,52811,52811,52811,52811,52811,52811,52811,52811,52811,52811,52811,52811,52811,52811,52811",NaN,NaN,NaN,,0,R0.00,NaN,,,-100.00%,216,R2069469.11,,,
Batch 997 - SVC Cows,70911,"April 25, 2025",,#ERROR,,,NaN,SVC Cows,100,0,100,IN070911 - BATCH 52813.pdf (https://v5.airtableusercontent.com/v3/u/53/53/1779120000000/qw4mIh4ywy6wph6gmmFYFw/BWwyJAmkhaPvJMjAPTBmQujwKkIZWvlD27I1B0Wm6BRvsT39TwY2-QnDx0zzrOaxmVNKApHn_1sQVjzzYwGkzUA9qDA2mrRxWjS-AkA8DRbsboFX6uAfnfSu3eK3of88TB5MzM5Uj6gqTxDvAwITaz1L7uLepHEud-11iboaxeM/GuxZSBjhbPkKJC2Sa7OeQZWPq-KaEAyG_p5ghQ4R0kc),,R9207.6822,R920768.22,Processed & not paid,"52813,52813,52813,52813,52813,52813,52813,52813,52813,52813,52813,52813,52813,52813,52813,52813,52813,52813,52813,52813,52813,52813,52813,52813,52813,52813,52813,52813,52813,52813,52813,52813,52813,52813,52813,52813,52813,52813,52813,52813,52813,52813,52813,52813,52813,52813,52813,52813,52813,52813,52813,52813,52813,52813,52813,52813,52813,52813,52813,52813,52813,52813,52813,52813,52813,52813,52813,52813,52813,52813,52813,52813,52813,52813,52813,52813,52813,52813,52813,52813,52813,52813,52813,52813,52813,52813,52813,52813,52813,52813,52813,52813,52813,52813,52813,52813,52813,52813,52813,52813",NaN,NaN,NaN,,0,R0.00,NaN,,,-100.00%,100,R945768.22,,,
Batch 994 - SVC Cows,70892,"April 26, 2025",,#ERROR,,,NaN,SVC Cows,109,0,109,IN070892 - BATCH 52814.pdf (https://v5.airtableusercontent.com/v3/u/53/53/1779120000000/UbvUc95xcVw3TlGmnoWzHg/EFw3s6iy-SOKlgWDykpntfa7lGew9gM4G_XnB8ukTlr0D09-6zNx8ImHi-x1lv3XH0rJu-3jepCuoPHlEpTJLR1JsCRJjTPJ82rELyX1EkuB0pWukB9okjB_8Gb0pGu9mBR4ePszLrpy8ELy74hielHIrTsV5q3ndjXL7-8LZ74/nTqSiWabyVE1_8Qa_SBZfHEh_J0f6KujVqmqmePBCJY),,R9156.1383,R998019.08,Processed & not paid,"52814,52814,52814,52814,52814,52814,52814,52814,52814,52814,52814,52814,52814,52814,52814,52814,52814,52814,52814,52814,52814,52814,52814,52814,52814,52814,52814,52814,52814,52814,52814,52814,52814,52814,52814,52814,52814,52814,52814,52814,52814,52814,52814,52814,52814,52814,52814,52814,52814,52814,52814,52814,52814,52814,52814,52814,52814,52814,52814,52814,52814,52814,52814,52814,52814,52814,52814,52814,52814,52814,52814,52814,52814,52814,52814,52814,52814,52814,52814,52814,52814,52814,52814,52814,52814,52814,52814,52814,52814,52814,52814,52814,52814,52814,52814,52814,52814,52814,52814,52814,52814,52814,52814,52814,52814,52814,52814,52814,52814",NaN,NaN,NaN,,0,R0.00,NaN,,,-100.00%,109,R1025269.08,,,
Batch 993 - SVC Cows,70889,"April 28, 2025",,#ERROR,,,NaN,SVC Cows,106,0,106,IN070889 - BATCH 52815.pdf (https://v5.airtableusercontent.com/v3/u/53/53/1779120000000/09_R5nhkYc4aQlNDzdbpIQ/mv3j7foKLSaCH0GS9drb_9Y0IrqexBRwkJ1R7fBiZqn3IrUTKNT4tPrgE3h_IExNNrYwaNnBHG-aMAQVQg34PdH86XCO4XgZfLE1Xij8JtioqSXQh0Wy4zjLAYpcNjeEtbKf9bLP8Y-E6ReBI7PjECgVFn71jtq4LOBUD7q05B4/096kW6G5bAYHK-LJerQCL2c9wZfB25XgIp95_S1Bjng),,R9774.8723,R1036136.46,Processed & not paid,"52815,52815,52815,52815,52815,52815,52815,52815,52815,52815,52815,52815,52815,52815,52815,52815,52815,52815,52815,52815,52815,52815,52815,52815,52815,52815,52815,52815,52815,52815,52815,52815,52815,52815,52815,52815,52815,52815,52815,52815,52815,52815,52815,52815,52815,52815,52815,52815,52815,52815,52815,52815,52815,52815,52815,52815,52815,52815,52815,52815,52815,52815,52815,52815,52815,52815,52815,52815,52815,52815,52815,52815,52815,52815,52815,52815,52815,52815,52815,52815,52815,52815,52815,52815,52815,52815,52815,52815,52815,52815,52815,52815,52815,52815,52815,52815,52815,52815,52815,52815,52815,52815,52815,52815,52815,52815",NaN,NaN,NaN,,0,R0.00,NaN,,,-100.00%,106,R1062636.46,,,
Batch 995 - SVC Cows,70890,"April 28, 2025",,#ERROR,,,NaN,SVC Cows,123,0,123,IN070890 - BATCH 52816.pdf (https://v5.airtableusercontent.com/v3/u/53/53/1779120000000/VLLev8Du5h1M6b4IpJsRgg/MBOSqcM4z9nogEPGXBDeoJ7-9F6hr8O4EfVG8eLHiqv5Y5cjeAysSeiX-PVEsgTu7Z8lKjXwEKV6D9TNxCymMe6m6HFDUPx_GEBySPSwR9w7DzOjbuzxdycFi_38I-zHzlSl72io2VKRECQkWDoHo9VpVmlfARZyz9gh7ZDGl1k/zeStu4-67UKulUWy9u5C5b4beSegbhvfYFBIHn3R3DY),,R9544.2167,R1173938.65,Processed & not paid,"52816,52816,52816,52816,52816,52816,52816,52816,52816,52816,52816,52816,52816,52816,52816,52816,52816,52816,52816,52816,52816,52816,52816,52816,52816,52816,52816,52816,52816,52816,52816,52816,52816,52816,52816,52816,52816,52816,52816,52816,52816,52816,52816,52816,52816,52816,52816,52816,52816,52816,52816,52816,52816,52816,52816,52816,52816,52816,52816,52816,52816,52816,52816,52816,52816,52816,52816,52816,52816,52816,52816,52816,52816,52816,52816,52816,52816,52816,52816,52816,52816,52816,52816,52816,52816,52816,52816,52816,52816,52816,52816,52816,52816,52816,52816,52816,52816,52816,52816,52816,52816,52816,52816,52816,52816,52816,52816,52816,52816,52816,52816,52816,52816,52816,52816,52816,52816,52816,52816,52816,52816,52816,52816",NaN,NaN,NaN,,0,R0.00,NaN,,,-100.00%,123,R1204688.65,,,
Batch 996 - SVC Cows,70908,"April 28, 2025",,#ERROR,,,NaN,SVC Cows,25,0,25,IN070908 - BATCH 52817.pdf (https://v5.airtableusercontent.com/v3/u/53/53/1779120000000/fzh5geZyi06TALjNY0gGFQ/MHq0dQqwFEcBcDZ68m36qUHNVNaL4HQP-_ujnQiV4lO-jKKsduFuud_nIvKd09gaRdUB8m5nAV1gjtIQvOTVZJUko8z-xQ-De-JaXHPPouLE6bA_ZSQGaPYq4zdxiF8Adlly1d7TdYj541fTydJOJmnvRYU5bvLmfnkK5HRt5AE/PCsoJnBL4dhugoJDkT63EXNlWCdBvSdxeleXdtprNU8),,R6985.4416,R174636.04,Processed & not paid,"52817,52817,52817,52817,52817,52817,52817,52817,52817,52817,52817,52817,52817,52817,52817,52817,52817,52817,52817,52817,52817,52817,52817,52817,52817",NaN,NaN,NaN,,0,R0.00,NaN,,,-100.00%,25,R180886.04,,,
Batch 999 - SVC Cows,70909,"April 29, 2025",,#ERROR,,,NaN,SVC Cows,18,0,18,IN070909 - BATCH 52818.pdf (https://v5.airtableusercontent.com/v3/u/53/53/1779120000000/ijpezK_fGaJFslBHqDPjKg/Nfvl67BIWyc9FdKSiH126mjBjR-3OV21Ss65WgpYjKaQaJtCmn59IbkCb0UbkUPB3LBEXAQtaMzQ8bFZW-GwsHhQHifKcVxH7XY8OMYg9EeBgdJ3Dyt8inQoLGc9VQV07JNz4LMccBk7g1bVnldIQ1jMvP_bSZ0rczG8fQgtJgA/bYar61QqccWhxrvRlrA0Ejm03777J_7OW5V4oQ6Wz14),,R7213.7667,R129847.80,Processed & not paid,"52818,52818,52818,52818,52818,52818,52818,52818,52818,52818,52818,52818,52818,52818,52818,52818,52818,52818",NaN,NaN,NaN,,0,R0.00,NaN,,,-100.00%,18,R134347.80,,,
Batch 1000 - SVC Cows,70912,"April 29, 2025",,#ERROR,,,NaN,SVC Cows,24,0,24,IN070912 - BATCH 52819.pdf (https://v5.airtableusercontent.com/v3/u/53/53/1779120000000/tCsAofV59-Zvd5R6i5KWGQ/eCMndgtSWHvdn3rPJn_OlW6i8pANe_cjDNo2OYI6MecsIFXRK3jEcO2F62DvpKHyItLSWb03DVxiZ5qvYAlCf_ruj22kKuJc853VJjFb6a5Rq-XLmHdMBQWMg5gSqZ5Sgy1UMxdAhl1vtZN2AxtS7lpcqRGDCpIU4ARBSp6XjBY/lL_OY1ob5wb93HhnpWWt6_KLTVsVnacg-Zi1FJHWRHE),,R5748.3333,R137960.00,Processed & not paid,"52819,52819,52819,52819,52819,52819,52819,52819,52819,52819,52819,52819,52819,52819,52819,52819,52819,52819,52819,52819,52819,52819,52819,52819",NaN,NaN,NaN,,0,R0.00,NaN,,,-100.00%,24,R143960.00,,,
Batch 1001 - AgriFund Dios,70977,"May 6, 2025",,#ERROR,,,NaN,AgriFund Dios,119,0,119,IN070977 - BATCH 52496.pdf (https://v5.airtableusercontent.com/v3/u/53/53/1779120000000/BlmupTGCbXYl76P4Zk4IBQ/w-FYEpKHvL2DerJEgJICRxa-KM3PnQdoOVa_OX_keJslB6K8ugRgEbdV4PzQd-rxopkwr9lGb_LYrR7vT0lVyq_Ec3WrSOtzlomLVrlQ368ob9b18mK1ev5Xpe88z0gkdxcxAC1XiOFlgnlStNySGiBh0HbmiTUtlUUYT-ZcbIA/ZqqRAm6EZCH9Y3GVLBkjb82o6NtFiXrQNAuuT7GH5Yc),,R9141.0338,R1087783.02,Processed & Paid,"52496,52496,52496,52496,52496,52496,52496,52496,52496,52496,52496,52496,52496,52496,52496,52496,52496,52496,52496,52496,52496,52496,52496,52496,52496,52496,52496,52496,52496,52496,52496,52496,52496,52496,52496,52496,52496,52496,52496,52496,52496,52496,52496,52496,52496,52496,52496,52496,52496,52496,52496,52496,52496,52496,52496,52496,52496,52496,52496,52496,52496,52496,52496,52496,52496,52496,52496,52496,52496,52496,52496,52496,52496,52496,52496,52496,52496,52496,52496,52496,52496,52496,52496,52496,52496,52496,52496,52496,52496,52496,52496,52496,52496,52496,52496,52496,52496,52496,52496,52496,52496,52496,52496,52496,52496,52496,52496,52496,52496,52496,52496,52496,52496,52496,52496,52496,52496,52496,52496",NaN,R0.00,NaN,1/6/2026,119,R1117533.02,R9391.0338,Sold,"Invoice INV-0065 (1).pdf (https://v5.airtableusercontent.com/v3/u/53/53/1779120000000/MAh9VEGW85goG_f_vNpY0w/-lWg9LbX7x05RG21cTO89W5l1fc33_wJIx20zrFF6oDwQmaPQvX3LuZAdFBETDjULnebSNHL7Do07jSXX8K7b2HFintNCgXj1vKqRqZF5dS5o5bk6K3EvI0CSeJhoH7CpfQKGQg6YYbtLVOT7N5WESKIURPCiWooNu_o1XdTmXo/oug5uGsoAT-s_zMJaBO-zaUcgCX_ECmdPtkg6Dnx2Xo),Invoice INV-0066 Ammended.pdf (https://v5.airtableusercontent.com/v3/u/53/53/1779120000000/3ZXp1rkFz-k6kibqxnULiw/AaYWvM5LEd1AklyPN7pndt3LkBXunAL8J2WQgOJ1xVnQeP1iop09yZ-rI2vbl-4oNE0b3oyNcJbi9cRjJrg_jG67BEkXwxLUCHoRxIZH8oANIwfDdtgwca_TKb1slZOTmrH2FipmJrcFV2MlNGowuq-tA4va4fx2omBzZ5hXDOAcRPfcWTs1Utr0cEpVOQ97/1QFa2V36f0ICiBQ8iuo0R8zGEWWTKS9SbAZ8gVzraYw),Invoice INV-0069-2.pdf (https://v5.airtableusercontent.com/v3/u/53/53/1779120000000/RsIEud9vtZoN7HWXRUxJtQ/e3uggvhyLLyazQ3jfTOHD8__TQ2gzp6P7j3uK3F-Bhy-Rw2Kyc-u8FoqqnM586mgoeCZSaR4CrRiPFg_i2m0lX8vkD-duzddLzi5BYYmspaw7qUn6tt2Aihq06s47DkHt5lY_4F3eIAxFxDLfnn2ZSHIbCCPCiC7H9agaDRsFC0/Nu-2AwizHjPJM8pSOBCS3Z_qXTSkYU3koRly47faTGM)",2.73%,0,R0.00,"AGRIFUND DOS 19-09.pdf (https://v5.airtableusercontent.com/v3/u/53/53/1779120000000/bwEqcwkI0OrzxGC7ok0kOw/GqeolSnd1J3qwT6GGUH8g1nd-abbhl0ZwA6QpaHM72NYsMESyOeK10J3G-EXqQjDm2jvQhiKKrbNtmt-QxOnTSkpHOKVuqPBDXDWVbnVgcr-oWxr_AQbubQk8biMvl6LkdI5vYtbvS3DaKm8gQk7McrY4UMpuCtm_15kDCrHvN0/RV37chh3ERRio3u2C_-njB-Nv4n4gQyB-4k__P26Y0w),AGRIFUND DOS 22-09.pdf (https://v5.airtableusercontent.com/v3/u/53/53/1779120000000/cgyesytYwPavGfsn-QUx3A/d6W38wiQhHCBvDRLz7E8Eo3wHYO2iZiloMB-v4c2WuIVoxHOyZRS_E7-7LgPjac1RCgqlsTlMFXR9UfBYAYTW3Hqc8i2P6iovnwNYttwt5nU6jUhdPjLZPsiZKFz_ebnx2KjvA26j6Y3DBdV2jbAicEQa9ZI3Qg0m-waWbNTCsI/2VTUjX3msp_zE-1FA-6nKZUNUgFgs5jouHzeZeSYSLg),AGRIFUND DOS-10.pdf (https://v5.airtableusercontent.com/v3/u/53/53/1779120000000/uDCMjIsDhcwP0ZrdefIddw/DB0vpkm5D4W507B6vz6qxy2e8vzbPhFGiwhElbtbRJWU2qrae4KItPK7KrzGK2f9_5HW58aAZ1nE44AXZ3JEM7tf_-ZvjUlh7hHXuo4bcBDiXyRGV4-uB0H3hIT0FjmDM-Bd5bSgVHvUEca7v5XhBiKfx8FUcG8ttoxl_fycxDE/e1Q6pzrfhriofI82mkykr2vztttIu3RSGtg9L3ff_9c)",,
Batch 1002 - SVC Farming,70978,"May 6, 2025",,#ERROR,,,NaN,SVC Farming,104,0,104,IN070978 - BATCH 52497.pdf (https://v5.airtableusercontent.com/v3/u/53/53/1779120000000/F-F1_ZEOBWTWaUBq6yAkew/7RWHJiN5TPL5UmjtcGjzjans6_kaIGwrT0GPvNYUxyeABMoIpwTAXRBI_PPA-Cjp-zeUecqBe_fuW8snINTAyx6mjdGwbyePG1ePFfkiWZAZNW7VfoNgpsoZLqhyLc7JBBA_AjQB-CxgHEVug9NpAk_GF7dCaEdvm6ECMzPpPsU/ppyMKaT3ekBqE64j3-K_ri8vaCjWh6XoP9fl9hFeRy0),,R9540.6645,R992229.11,Processed & Paid,"52497,52497,52497,52497,52497,52497,52497,52497,52497,52497,52497,52497,52497,52497,52497,52497,52497,52497,52497,52497,52497,52497,52497,52497,52497,52497,52497,52497,52497,52497,52497,52497,52497,52497,52497,52497,52497,52497,52497,52497,52497,52497,52497,52497,52497,52497,52497,52497,52497,52497,52497,52497,52497,52497,52497,52497,52497,52497,52497,52497,52497,52497,52497,52497,52497,52497,52497,52497,52497,52497,52497,52497,52497,52497,52497,52497,52497,52497,52497,52497,52497,52497,52497,52497,52497,52497,52497,52497,52497,52497,52497,52497,52497,52497,52497,52497,52497,52497,52497,52497,52497,52497,52497,52497",NaN,NaN,NaN,12/8/2025,104,R1018229.11,R9790.6645,Sold,"Invoice INV-0074.pdf (https://v5.airtableusercontent.com/v3/u/53/53/1779120000000/0C_9V2cZNSCHtIY3lfzrbw/YXhICq-zhphO9hpMj3BMdoY4uxOmPYoCo5TZSPjKWK29P_Lz07j-WJgGi9tR6xnhuLRVU1v-hUv1XXTWpzt7hgZZLcQIm5X-akq_wAhmXKprIuvA7H2xH7rEJMXXweme-rAW6nB19XRKe43HdCgIlpyOl0HOZ0yRuHN0WyJ76_w/SQF2LyhiMiedAVCwFL7uEkzcj4djK9tei99itS-MrvE),Invoice INV-0075.pdf (https://v5.airtableusercontent.com/v3/u/53/53/1779120000000/ucpGc-Py3reJLV9z73qbyw/zYaIOKJkAQl4OC86qbB5Q0_i0Oyn3TO2wWDKMddHXgp0SbLY8J88_KLrivwhaAdhnnwC2c4YW98HUiJBgowvNlIqZQrBQzFVtzVZjKKXtMiBwqDUnhhPfHC5eKY1LqCr0HGMTGHPG2NjkBoYTiKHP-pQBAwbV9k3ret7kIMYOj0/plv_q6LEd0dAd6yj-4zTAsBgz1HsQj8m5xwLCOJ1OKs),Invoice INV-0076.pdf (https://v5.airtableusercontent.com/v3/u/53/53/1779120000000/PjkcPCcQu4LsvXTXWBnaGQ/fdeMDfqxxGY7Rcz46wgdnrwdnFqJECKE90Ya038fTS75tBi61uPvvAjo1WD3-2-khurkmDHiE0-4cryIHxi0ampTEaNUdxn2bdmYuuY0XsIYY308LW5bfvdFAtw77WTM42h_55JEkfpN-mzdXyZH_XVhQgu4waSU5PmKPqBvm-g/-ec6otFTy5SNxnczwUh0rUUGEviLnw_K8WcMacIQdKw),Invoice INV-0077-2.pdf (https://v5.airtableusercontent.com/v3/u/53/53/1779120000000/66RgNF0bJPRqUE7HRFiWnw/ubFrDli3oxexZCaX7jehIXeQh6W0yWzRyZgM_b4dIi9ssNE2zx0hx7CiOIExKBJ08RPPZXx5Vzde6k2tezoaDFp-pTr1sLZ9gCt8H_VJnOYP8CYZhIIvzDZaK1Z0J7V-r5oOJfCzsYqctfTwUUZ1bjz6b93TPx_ToqMIjozbDZ0/LP3Lfb1B77pbvU-QJcX11mv2nkETV4HGdKrmERTSFbs)",2.62%,0,R0.00,"SVC FARMING 19-09.pdf (https://v5.airtableusercontent.com/v3/u/53/53/1779120000000/IWC4mrrGhj_IdFMjlVc0Hw/AV9IXtCCteTzDg1N1LNvkUQw2BzqKmPL9Cg2y9wpI3oyl7iz2IJlU-xjLeKmJaXjy4h6UNTmMU8qTZRh8mkcy-a40uE6JqdRcF5j1QOaaaP22BVbLUZ-m6Rx8C-rzElRruEGkvRe47gdFfE-l7ytFge_EuxOz9saJenijB9udDk/mhhCh6LIaE10nXtV4kIsipwErDa7c_Ww6QAoEPjj8_8),SKM_28725101309410.pdf (https://v5.airtableusercontent.com/v3/u/53/53/1779120000000/TicGa9qYc2nWaFE0HHfaQg/KHDcsjKrDdVYUUZlg7sslY96fs6SXjvkEKvtgP36Gsapv8gHBzNqZh_286rzYNCOJqbCeItHxYDPwm26U9dYQQ4OQLdIXS4SXOt8uAMdT6wlJe1hajEPBo3mX5Hyljzlr1UkhX5Rr3yNy4fyc0e7FWW9Zqk9g8BF39mHoTUQ8fY/RQ4TiQ5zTM7nIhTJruPMPUCzyqbvx7LeXpSaOcNewwY),SVC FARMING-8.pdf (https://v5.airtableusercontent.com/v3/u/53/53/1779120000000/KXmfoz_5U8io3GrGZUJxjQ/Cw-yr8Is-GmE9aTOvWRjFCUpmHOrKJBIpwsaOSy73geCPHJIPX-Pw6vp3kWxXxAKNE90fq2hNXR9rgnrrMeAhHfZv_9lCGFbIaI6yDnjlJ6qHUaZlFUduWkgT4BouvQ6HKQDmVWQ4ND9gipsokh9jK8bU-s4AUBd8UxobozmUss/0m1wmgPLwfok6GjhJIsr6w7fF-XU136C4OlHSi5lto8),SVC FARMING-9.pdf (https://v5.airtableusercontent.com/v3/u/53/53/1779120000000/Nt1dsmaZm4WVMfKDKPoQWg/hPrFCh74bH5ad7yje-LkcnKI5sS9wI3xflffulLxlgj5zpfMHsSxYfdjms8NB8JMozkoaNjKYGOM27jDWpJqyomMqLybGIQaIlgN6j_wW7FxejxzymeOWalL5QCCC4AiLyaNc_qTYMN_BX-Z5b0rXRdTJxBXjMmzt0Uzj7tJs6M/MWa5OcU9JgDmkcMGV9oiug8drKA-6OcqlP5Ej3Z1tzo)",,
Batch 1003 - SVC Farming,71599,"July 2, 2025",,#ERROR,,,NaN,SVC Farming,0,0,0,"IN071599 - BATCH 52381.pdf (https://v5.airtableusercontent.com/v3/u/53/53/1779120000000/4SH5q-VXB8kjfJt8up7xlg/-oNoLneOBKxrH3Jn09-BlBuQDxEBqZx8FDjTq8UqdVyR_9l8C2f2T-9Lrq9CDTDAdvncI7a4TuDIQv0xa9zxv_NKDvw3ONw1SBg-xnvp1Kw2UNiE24I57UR42B3aGxOEhCRD4o3E8Skk8RmJuoL6UeWIzfbZT3BSkQIal5kN3I4/w_gy_Wf1pUdM1MRxIdFH5uKU_yXGDNXtmYa5DFL6rCE),CN001797 & IN071653.pdf (https://v5.airtableusercontent.com/v3/u/53/53/1779120000000/YhBXWrQHJTBc_-faCJUQEg/cd3xKoRpuyd6ylpjV4XiP7rAfKWJEJQR6_BXIs1NakGCG3fzJ6B5pm4OBQXixoQ82qXs7EETd2gV3Qt9RvVDwoXIZfBw_eiVpazsPqkVlfigPKKdWBjVioKLVEaCMROad1jz74dVv27aovHYhdPcyLlK_i3pgXNr_GG5yFc__b4/FIFbXoeuu0uF8YFXbYh4-Enrycr6MBwHJpzAzbsQ2ZA)",,Infinity,R1050910.83,CN Issued ,,NaN,NaN,NaN,,0,NaN,NaN,,,NaN,0,NaN,,,
Batch 1004 - SVC Farming,71604,"July 2, 2025",,#ERROR,,,NaN,SVC Farming,98,0,98,IN071604 - BATCH 52382.pdf (https://v5.airtableusercontent.com/v3/u/53/53/1779120000000/uSm4UCiTskUK8NgKVXNi-w/gQ7KkoVALeVQXwWRaZPmtJYoklDsEYwEiibJBtmwJEWsp4Xvyj3IvrZW-WDAGRnzYKHlWN7Dyq18Ynuv2JYR8sSn9GAxKbD7BkELvcVFxyymBQhM2RJV3_6sXMvzW4OhRRH2-jo_VbHnwKDNV2_X1SETTgYFy12s7c4BIwLe1zI/ZdziJB3QRm5Kb1tdbrA8Sitx6VDGwf7lKEDHkKRcfpU),,R10313.2292,R1010696.46,Processed & Paid,"52382 - FEEDLOT,52382 - FEEDLOT,52382 - FEEDLOT,52382 - FEEDLOT,52382 - FEEDLOT,52382 - FEEDLOT,52382 - FEEDLOT,52382 - FEEDLOT,52382 - FEEDLOT,52382 - FEEDLOT,52382 - FEEDLOT,52382 - FEEDLOT,52382 - FEEDLOT,52382 - FEEDLOT,52382 - FEEDLOT,52382 - FEEDLOT,52382 - FEEDLOT,52382 - FEEDLOT,52382 - FEEDLOT,52382 - FEEDLOT,52382 - FEEDLOT,52382 - FEEDLOT,52382 - FEEDLOT,52382 - FEEDLOT,52382 - FEEDLOT,52382 - FEEDLOT,52382 - FEEDLOT,52382 - FEEDLOT,52382 - FEEDLOT,52382 - FEEDLOT,52382 - FEEDLOT,52382 - FEEDLOT,52382 - FEEDLOT,52382 - FEEDLOT,52382 - FEEDLOT,52382 - FEEDLOT,52382 - FEEDLOT,52382 - FEEDLOT,52382 - FEEDLOT,52382 - FEEDLOT,52382 - FEEDLOT,52382 - FEEDLOT,52382 - FEEDLOT,52382 - FEEDLOT,52382 - FEEDLOT,52382 - FEEDLOT,52382 - FEEDLOT,52382 - FEEDLOT,52382 - FEEDLOT,52382 - FEEDLOT,52382 - FEEDLOT,52382 - FEEDLOT,52382 - FEEDLOT,52382 - FEEDLOT,52382 - FEEDLOT,52382 - FEEDLOT,52382 - FEEDLOT,52382 - FEEDLOT,52382 - FEEDLOT,52382 - FEEDLOT,52382 - FEEDLOT,52382 - FEEDLOT,52382 - FEEDLOT,52382 - FEEDLOT,52382 - FEEDLOT,52382 - FEEDLOT,52382 - FEEDLOT,52382 - FEEDLOT,52382 - FEEDLOT,52382 - FEEDLOT,52382 - FEEDLOT,52382 - FEEDLOT,52382 - FEEDLOT,52382 - FEEDLOT,52382 - FEEDLOT,52382 - FEEDLOT,52382 - FEEDLOT,52382 - FEEDLOT,52382 - FEEDLOT,52382 - FEEDLOT,52382 - FEEDLOT,52382 - FEEDLOT,52382 - FEEDLOT,52382 - FEEDLOT,52382 - FEEDLOT,52382 - FEEDLOT,52382 - FEEDLOT,52382 - FEEDLOT,52382 - FEEDLOT,52382 - FEEDLOT,52382 - FEEDLOT,52382 - FEEDLOT,52382 - FEEDLOT,52382 - FEEDLOT,52382 - FEEDLOT,52382 - FEEDLOT,52382 - FEEDLOT,52382 - FEEDLOT",NaN,NaN,NaN,12/8/2025,98,R1035196.46,R10563.2292,Sold,Invoice INV-0077-2.pdf (https://v5.airtableusercontent.com/v3/u/53/53/1779120000000/wK3EuLMqkg9diTjGTDDNeQ/Hw4aVTBWHG9F6657cerI65XziuVkpcquDtfvYpffGsSPNBCDcSF1WGV-BuQiMU1_ng8kXoTECysVnUcxC9eiR2sSkRerK8dkQedBAhLTHfV3vjXi7qlbexDl70KRGL_xipkrDwXSsC50kWqvdUMv3f0hm42a-nr7N1f3ckXUORM/_ghJPy5LC00AtMe-BDksB7f9bPm141sX5xSVLz-znvU),2.42%,0,R0.00,SVC FARMING-9.pdf (https://v5.airtableusercontent.com/v3/u/53/53/1779120000000/vz2AVPTxxB3Sw9bcZaFPSA/u7Rm3V_jjoaIHPvz8xLvbufM2w1-Magc68LNDVDrIQpluBLylnjcw09SjrUqqqQ3aXJbcQdanDrviiFKiW6mVr4-CLGrfoLtYHxbzBsZ6n7q3XpOkf9LYBuCcHh9FExQQUriDiRObSHGrPZPOXBVS998KYfBRAJXFK0KxtyyP-Y/C5y3Bp83TSKZtVBKFbtcTUbbfGsaATSfyxPAKSGkyFM),,
Batch 1005 - SVC Farming,71653,"July 2, 2025",,#ERROR,,,NaN,SVC Farming,104,0,104,IN071653.pdf (https://v5.airtableusercontent.com/v3/u/53/53/1779120000000/u-jN2-OLF9Fc_xgKePzLQw/fLC-_Rg7XHLusNqYti6n_mSmaBYrGcz6WOcFuNklmPDKRfzTZs7Qx7-7-hL1LrEnr3j73AIkSODZ4KV4GTjLXYL7yPj3qUkvK-NqBuzGswrbCb3UecyjH93dZlcMn5H9BClgZL3FXlw7g-8O1t6s1t-d-VgkyQE5MlIwv1qNhHk/ELmKml6IXTfHnW7MsWxBAC9AQggWiG1roViaKzFC0Gs),,R10104.9118,R1050910.83,Processed & Paid,"52381 - FEEDLOT,52381 - FEEDLOT,52381 - FEEDLOT,52381 - FEEDLOT,52381 - FEEDLOT,52381 - FEEDLOT,52381 - FEEDLOT,52381 - FEEDLOT,52381 - FEEDLOT,52381 - FEEDLOT,52381 - FEEDLOT,52381 - FEEDLOT,52381 - FEEDLOT,52381 - FEEDLOT,52381 - FEEDLOT,52381 - FEEDLOT,52381 - FEEDLOT,52381 - FEEDLOT,52381 - FEEDLOT,52381 - FEEDLOT,52381 - FEEDLOT,52381 - FEEDLOT,52381 - FEEDLOT,52381 - FEEDLOT,52381 - FEEDLOT,52381 - FEEDLOT,52381 - FEEDLOT,52381 - FEEDLOT,52381 - FEEDLOT,52381 - FEEDLOT,52381 - FEEDLOT,52381 - FEEDLOT,52381 - FEEDLOT,52381 - FEEDLOT,52381 - FEEDLOT,52381 - FEEDLOT,52381 - FEEDLOT,52381 - FEEDLOT,52381 - FEEDLOT,52381 - FEEDLOT,52381 - FEEDLOT,52381 - FEEDLOT,52381 - FEEDLOT,52381 - FEEDLOT,52381 - FEEDLOT,52381 - FEEDLOT,52381 - FEEDLOT,52381 - FEEDLOT,52381 - FEEDLOT,52381 - FEEDLOT,52381 - FEEDLOT,52381 - FEEDLOT,52381 - FEEDLOT,52381 - FEEDLOT,52381 - FEEDLOT,52381 - FEEDLOT,52381 - FEEDLOT,52381 - FEEDLOT,52381 - FEEDLOT,52381 - FEEDLOT,52381 - FEEDLOT,52381 - FEEDLOT,52381 - FEEDLOT,52381 - FEEDLOT,52381 - FEEDLOT,52381 - FEEDLOT,52381 - FEEDLOT,52381 - FEEDLOT,52381 - FEEDLOT,52381 - FEEDLOT,52381 - FEEDLOT,52381 - FEEDLOT,52381 - FEEDLOT,52381 - FEEDLOT,52381 - FEEDLOT,52381 - FEEDLOT,52381 - FEEDLOT,52381 - FEEDLOT,52381 - FEEDLOT,52381 - FEEDLOT,52381 - FEEDLOT,52381 - FEEDLOT,52381 - FEEDLOT,52381 - FEEDLOT,52381 - FEEDLOT,52381 - FEEDLOT,52381 - FEEDLOT,52381 - FEEDLOT,52381 - FEEDLOT,52381 - FEEDLOT,52381 - FEEDLOT,52381 - FEEDLOT,52381 - FEEDLOT,52381 - FEEDLOT,52381 - FEEDLOT,52381 - FEEDLOT,52381 - FEEDLOT,52381 - FEEDLOT,52381 - FEEDLOT,52381 - FEEDLOT,52381 - FEEDLOT,52381 - FEEDLOT,52381 - FEEDLOT,52381 - FEEDLOT",NaN,NaN,NaN,12/24/2025,104,R1076910.83,R10354.9118,Sold,"Invoice INV-0077-2.pdf (https://v5.airtableusercontent.com/v3/u/53/53/1779120000000/0UqIL_2bVmb8RviRXf7Hxg/R2aCI5JIfuI-5yvm4L5KN52gSwHYLOd8Eqb4fc2Prexx_eDO7fZZXL4xQkE2l5BaXVPptfbq2MoOyY6ArAiAVPyPSG9eBWkRTKLKIUni3v2vmhWRGdRMViuJbia6MC4P2yi8sMBaKY1KyA4Fvb5eZy-4W5rmMGXJBlbQn2su83w/56Bk5kVZML8G0zMlJ4Ntv9_1pAGc8b7VOq41LNULed8),Invoice INV-0078.pdf (https://v5.airtableusercontent.com/v3/u/53/53/1779120000000/9jTddTwkikKRGdJph-VBlg/PMXyVmIx_Els1R-XmVQtmqfbNTcRq2vG_SYYyo3jx2a_kwjretsBa4IUKftTiOs-6KP7GwDLnXLTYJ2hBJRIjfg8tm8alGhmYn7WKxDcz-VSwXY1HVAxCCnXOh84wb5AYeWFcLmJLD9-cwFFOmbnNIbsGHbY1IOHCtIBdmJdEuo/o8vkCXQKn3NvhoivKgN0wvgHknFeHI0bVkBBMo5MTWs),Invoice INV-0079.pdf (https://v5.airtableusercontent.com/v3/u/53/53/1779120000000/1l73WlQS-wjJTDxq4rogBw/fMqQUvG2Oe-hG7U7TKvqF0a3iTqFDHMRBiYo6irlIWH0z6BLLCaL7rymVXB1VeKYfAXEU0HuUFC9M_sdQEGRzUPw2KHUnGqhbvInijF0keI55s2ac9yi2o6bt_X_U810gwnP2y6C5wWdJgEp_7edy1eskOUZe836pdGQYajZiE4/_FF6UuQqIVmf2kyiKbbnRz3Oak-gupGMyzU12G5b4r4)",2.47%,0,R0.00,"SVC FARMING-9.pdf (https://v5.airtableusercontent.com/v3/u/53/53/1779120000000/bfR4SYD6M7duU_dGP1LdEA/g5E-nnrwtNYtiMsRq8tumJ-IlwMzGGrwfQAZXRCtMInlXWtXCcj4ad8hUQj0p2gweE1ri9Q8Ez9DzM7cuxj2Kjut4OBS2R_z9JVufhKVZYhgP25eqlqEhj-k8KuvNTHMYVTWuZp4vOa8Y05TAcG2jE122cfcCQtQrR8bD3dEn68/Mn7lHebJaqPoH8Sk5S4jjrqKZGe7NspaX_aQfzw85XI),SVC FARMING-10.pdf (https://v5.airtableusercontent.com/v3/u/53/53/1779120000000/naClFn6f51tpyQq-1NyfTg/_6FaCdNWyiMLgG73lnKKYJ0YKc7l39hz7WQJ6N4ezrOo_1ejOECHVz0iMzywSdTwk3J8Wxx7pPbJfbbKDIaevwUqkQevLRxsgZZ2sKRuH7vvrGuuCm4LNwVwqcM7BT52cRRzZdNhs2Yx4WTYcqG-2cx58KYhwrXEbYvuu800c8A/eQnPaHjzditwaDxeZbAuD8IidNtGNMSGI7EIGgXgFvs),SVC FARMING-11.pdf (https://v5.airtableusercontent.com/v3/u/53/53/1779120000000/5qLHon2LRv7jIraHxAzb_w/hWCzKUSCrLq_eL1vAXaJMY4OmqWpTh9Xg1hCQjiAt-wi0CdOlaUtjswYwhRVgiPDbtF7qZIf_o2-So7P6QRz2168qzroiuU51TlJNdWr8iSufmy6OTPxViFcNu3i7QfXbSHvWDjZVD1f19QVQq7B3tgC5wVhtSER2xlr6-4dfiA/L7aA2HFJnbsfUfdCJQvZM4G4ZinJ6dfVdOTHkJV1JmY)",,
Batch 1006 - SVC Farming,71698,"July 9, 2025",,#ERROR,,,NaN,SVC Farming,112,0,112,IN071698 - BATCH 52384.pdf (https://v5.airtableusercontent.com/v3/u/53/53/1779120000000/onHHo92_y-586RxadBLsaQ/JEmjHiNnjFxPWnfsYcX6v71d9y8UrM9LO7DfAo83TWfcVwNxLYsmByKYsdWp8d-Un76WSiFhcDklJ1zUvv9fY6Fi029H-QIa_qtnSX2mL1RuzbdG7jd67_v-LcNUpxB0U7xo8iw4Q9gI3RWAG0FHLIRh5N8C0YkJTqK5CW3tl24/4JNpCJHYj7h9FRnR4ixce3dqRi6t0jCg7XDuo0ie5BQ),,R9499.5029,R1063944.33,Processed & Paid,"52384 - BOSKOP,52384 - BOSKOP,52384 - BOSKOP,52384 - BOSKOP,52384 - BOSKOP,52384 - BOSKOP,52384 - BOSKOP,52384 - BOSKOP,52384 - BOSKOP,52384 - BOSKOP,52384 - BOSKOP,52384 - BOSKOP,52384 - BOSKOP,52384 - BOSKOP,52384 - BOSKOP,52384 - BOSKOP,52384 - BOSKOP,52384 - BOSKOP,52384 - BOSKOP,52384 - BOSKOP,52384 - BOSKOP,52384 - BOSKOP,52384 - BOSKOP,52384 - BOSKOP,52384 - BOSKOP,52384 - BOSKOP,52384 - BOSKOP,52384 - BOSKOP,52384 - BOSKOP,52384 - BOSKOP,52384 - BOSKOP,52384 - BOSKOP,52384 - BOSKOP,52384 - BOSKOP,52384 - BOSKOP,52384 - BOSKOP,52384 - BOSKOP,52384 - BOSKOP,52384 - BOSKOP,52384 - BOSKOP,52384 - BOSKOP,52384 - BOSKOP,52384 - BOSKOP,52384 - BOSKOP,52384 - BOSKOP,52384 - BOSKOP,52384 - BOSKOP,52384 - BOSKOP,52384 - BOSKOP,52384 - BOSKOP,52384 - BOSKOP,52384 - BOSKOP,52384 - BOSKOP,52384 - BOSKOP,52384 - BOSKOP,52384 - BOSKOP,52384 - BOSKOP,52384 - BOSKOP,52384 - BOSKOP,52384 - BOSKOP,52384 - BOSKOP,52384 - BOSKOP,52384 - BOSKOP,52384 - BOSKOP,52384 - BOSKOP,52384 - BOSKOP,52384 - BOSKOP,52384 - BOSKOP,52384 - BOSKOP,52384 - BOSKOP,52384 - BOSKOP,52384 - BOSKOP,52384 - BOSKOP,52384 - BOSKOP,52384 - BOSKOP,52384 - BOSKOP,52384 - BOSKOP,52384 - BOSKOP,52384 - BOSKOP,52384 - BOSKOP,52384 - BOSKOP,52384 - BOSKOP,52384 - BOSKOP,52384 - BOSKOP,52384 - BOSKOP,52384 - BOSKOP,52384 - BOSKOP,52384 - BOSKOP,52384 - BOSKOP,52384 - BOSKOP,52384 - BOSKOP,52384 - BOSKOP,52384 - BOSKOP,52384 - BOSKOP,52384 - BOSKOP,52384 - BOSKOP,52384 - BOSKOP,52384 - BOSKOP,52384 - BOSKOP,52384 - BOSKOP,52384 - BOSKOP,52384 - BOSKOP,52384 - BOSKOP,52384 - BOSKOP,52384 - BOSKOP,52384 - BOSKOP,52384 - BOSKOP,52384 - BOSKOP,52384 - BOSKOP,52384 - BOSKOP,52384 - BOSKOP,52384 - BOSKOP",NaN,NaN,NaN,12/30/2025,112,R1091944.33,R9749.5029,Sold,"Invoice INV-0079.pdf (https://v5.airtableusercontent.com/v3/u/53/53/1779120000000/7r50QN-kDZKVGbRhUjtLtA/nEqexGdmQY1FPoQAeeipdkAIpOeUBgj5Hi-sQFQqXB3TGCitETFGKc3D0z_Eup3wAhvb2vfVXRSZ5jh5pBpus4muohIhTE5NJKPC4VIAqO8NfpFchQ8IAmVoiveecaJDRrE65UDaLxJlGftvIFNKJvavNayCRevyymIuwup_tJ0/a9LfMQVtLhbWtmiVoldEREH0Alg_UotFzSqmJOJMwe8),Invoice INV-0080.pdf (https://v5.airtableusercontent.com/v3/u/53/53/1779120000000/v8HYpdWAFt-iyJGA6quozw/RNd2TXTPDhW9wfpvG4meK11YanELtx422FMDDxZgzdW3ag8Dq0wGD2zqizkr7KPSr4IWyCMF3-aaDw59Ap6--bdJpRarZVT8dV1ZkjSHHBODs568_JOKOlkYE3dfkKeC5LsmMxZ6gvr1VvF8TEdYtFxbp6-YvEN6Zx8Bgpm9KCk/o1p36Ul8dudKifTtEAIqdfzNEBaheEbgd-6rTAWYb2I)",2.63%,0,R0.00,"SVC FARMING-11.pdf (https://v5.airtableusercontent.com/v3/u/53/53/1779120000000/X8igGlVTTC7bfKeqXFdacw/axJwvnPxbChMYVEVEiXQSrAmCHnObAvFRw6HoeXeIzTs9EIwasRn-ziHTFiubFZPCaNJluHJqI_gpATDcSrXHngqgW2kZi8ebuQPDM_YCK6HY0U-81ZChcud5WzpqRjUef6z7i54TajUPNLsdvXLPRufoYQdHrTeuRmyDIlr-6g/B7hcZH_0mm8U4JQW4oYN-HpuFLZKxWTq18-6fGPpGns),SVC FARMING-12.pdf (https://v5.airtableusercontent.com/v3/u/53/53/1779120000000/2cXij4PEK-e5tyQ2oWNsAQ/e7wofClhVzxqbSOeQJaiiJp2kS2yBMmf1OfZn13JpaBLDeUMgAj20HG4W-XDZNtOvOTRS-uV2etbW7Ul3H9n-552UA5ECMLKA7DayzBiYrYg6bvP5xG6HU6mXc8_6R-dNZZGb3YvMRTGHSm2VPiDqNA03mcEZHpUM0-iueU2xuY/AP42Ri5cXuQHtziQqVXGo2sR_4SOnG1D0-MQB37g8KA)",,
Batch 1007 - SVC Farming,71697,"July 9, 2025",,#ERROR,,,NaN,SVC Farming,111,0,111,IN071697 - BATCH 52383.pdf (https://v5.airtableusercontent.com/v3/u/53/53/1779120000000/EtonS7XB65bvVBPyBik_0g/sheJ-jMlC5WxSZmHoW8Zbg60f0mBcYAMpOQkGv4Is56XvIxB7mDoP7Sb790umJaVCJedQ4EFiIYAiv5-uiFHLjjHqS56sfjYcDst27OwRTUpNHVTD7Yxp4dJwIC3UzGd-bxNRP2RZKMnCqKdkIlL_i6KLSADNYhAYXZuBQ5SC9s/gYrEyuscVOSQkJNz1zCOaliSMfOjbrY6heJGtHeAuMg),,R9785.0956,R1086145.61,Processed & Paid,"52383 - BOSKOP,52383 - BOSKOP,52383 - BOSKOP,52383 - BOSKOP,52383 - BOSKOP,52383 - BOSKOP,52383 - BOSKOP,52383 - BOSKOP,52383 - BOSKOP,52383 - BOSKOP,52383 - BOSKOP,52383 - BOSKOP,52383 - BOSKOP,52383 - BOSKOP,52383 - BOSKOP,52383 - BOSKOP,52383 - BOSKOP,52383 - BOSKOP,52383 - BOSKOP,52383 - BOSKOP,52383 - BOSKOP,52383 - BOSKOP,52383 - BOSKOP,52383 - BOSKOP,52383 - BOSKOP,52383 - BOSKOP,52383 - BOSKOP,52383 - BOSKOP,52383 - BOSKOP,52383 - BOSKOP,52383 - BOSKOP,52383 - BOSKOP,52383 - BOSKOP,52383 - BOSKOP,52383 - BOSKOP,52383 - BOSKOP,52383 - BOSKOP,52383 - BOSKOP,52383 - BOSKOP,52383 - BOSKOP,52383 - BOSKOP,52383 - BOSKOP,52383 - BOSKOP,52383 - BOSKOP,52383 - BOSKOP,52383 - BOSKOP,52383 - BOSKOP,52383 - BOSKOP,52383 - BOSKOP,52383 - BOSKOP,52383 - BOSKOP,52383 - BOSKOP,52383 - BOSKOP,52383 - BOSKOP,52383 - BOSKOP,52383 - BOSKOP,52383 - BOSKOP,52383 - BOSKOP,52383 - BOSKOP,52383 - BOSKOP,52383 - BOSKOP,52383 - BOSKOP,52383 - BOSKOP,52383 - BOSKOP,52383 - BOSKOP,52383 - BOSKOP,52383 - BOSKOP,52383 - BOSKOP,52383 - BOSKOP,52383 - BOSKOP,52383 - BOSKOP,52383 - BOSKOP,52383 - BOSKOP,52383 - BOSKOP,52383 - BOSKOP,52383 - BOSKOP,52383 - BOSKOP,52383 - BOSKOP,52383 - BOSKOP,52383 - BOSKOP,52383 - BOSKOP,52383 - BOSKOP,52383 - BOSKOP,52383 - BOSKOP,52383 - BOSKOP,52383 - BOSKOP,52383 - BOSKOP,52383 - BOSKOP,52383 - BOSKOP,52383 - BOSKOP,52383 - BOSKOP,52383 - BOSKOP,52383 - BOSKOP,52383 - BOSKOP,52383 - BOSKOP,52383 - BOSKOP,52383 - BOSKOP,52383 - BOSKOP,52383 - BOSKOP,52383 - BOSKOP,52383 - BOSKOP,52383 - BOSKOP,52383 - BOSKOP,52383 - BOSKOP,52383 - BOSKOP,52383 - BOSKOP,52383 - BOSKOP,52383 - BOSKOP,52383 - BOSKOP,52383 - BOSKOP,52383 - BOSKOP",NaN,NaN,NaN,12/24/2025,111,R1113895.61,R10035.0956,Sold,Invoice INV-0079.pdf (https://v5.airtableusercontent.com/v3/u/53/53/1779120000000/IpMAQewg5U3ZSvE1YOaLXA/tlAF8ck08vRTHSs5BHegJHdYIWwaTKZX2jdTytCUdMnGZn-k6I86gKTTqIGWX88_PfxSJER5URoH46Dqivf7iT9HJMUzxD_OZsPTKau8gntlJaCC77DDJwO-jtPC1MnIjHXTqL4IGnI-MqswrcP6bU9PpBGOlXfCylD6dc5b2Cc/s0b0WYbrTlUmAhIygLjGc5uyFw7WnrirRI-Zj6gBrZA),2.55%,0,R0.00,SVC FARMING-11.pdf (https://v5.airtableusercontent.com/v3/u/53/53/1779120000000/Q1KwhDJOe8eYGZS3QD32cA/_6IobMzesQGdrhZ056Mvg_5LIPEuW9Wi7mKX06VkxcZrVA2PODxZRy9UMWHbsjblgGc8N5VoSey0pPA_D8rvullv-k1WuQHNf-q5ohsNw_6YSr9Py9EuYy8SsJfBDFedVKvvWCJ1vXSHhJieTpw2wMCRjph-6F8vhNafMs8Gm9o/HV6Q7XaetwRQoLUP2c5_QrFUO5MzS3isOf2JQcvGP_c),,The invoice will be effective from 25 August 2025. The sales calculation will use this date and not the invoice date 
Batch 1008 - SVC Farming,71767,"July 16, 2025",,#ERROR,,,NaN,SVC Farming,123,0,123,IN071767 - BATCH 52397.pdf (https://v5.airtableusercontent.com/v3/u/53/53/1779120000000/w62Z52zGFg_l8j9tgr3F5Q/cDQNvhL8KTAOqFT7Ysoo9dppa6bJajnhRnuhyNDoRi8ArvlxoX7V2pT5KeH8gzz6nzyohF_VqxcWHf_NjbRzSLWFgDa2LKNhu6cLNqQAvnJDtmrKRihTZh8VZB3jmKH1qnjqMqQxN4AAauN4zqDahPfJcyaqDLvkXjMlOzPn8Kk/mzBMXldOkm1-Evt0n4Mpz8zNoCChFAiN4d42eL0mQCw),,R8853.4954,R1088979.94,Processed & Paid,"52397 - BOSKOP,52397 - BOSKOP,52397 - BOSKOP,52397 - BOSKOP,52397 - BOSKOP,52397 - BOSKOP,52397 - BOSKOP,52397 - BOSKOP,52397 - BOSKOP,52397 - BOSKOP,52397 - BOSKOP,52397 - BOSKOP,52397 - BOSKOP,52397 - BOSKOP,52397 - BOSKOP,52397 - BOSKOP,52397 - BOSKOP,52397 - BOSKOP,52397 - BOSKOP,52397 - BOSKOP,52397 - BOSKOP,52397 - BOSKOP,52397 - BOSKOP,52397 - BOSKOP,52397 - BOSKOP,52397 - BOSKOP,52397 - BOSKOP,52397 - BOSKOP,52397 - BOSKOP,52397 - BOSKOP,52397 - BOSKOP,52397 - BOSKOP,52397 - BOSKOP,52397 - BOSKOP,52397 - BOSKOP,52397 - BOSKOP,52397 - BOSKOP,52397 - BOSKOP,52397 - BOSKOP,52397 - BOSKOP,52397 - BOSKOP,52397 - BOSKOP,52397 - BOSKOP,52397 - BOSKOP,52397 - BOSKOP,52397 - BOSKOP,52397 - BOSKOP,52397 - BOSKOP,52397 - BOSKOP,52397 - BOSKOP,52397 - BOSKOP,52397 - BOSKOP,52397 - BOSKOP,52397 - BOSKOP,52397 - BOSKOP,52397 - BOSKOP,52397 - BOSKOP,52397 - BOSKOP,52397 - BOSKOP,52397 - BOSKOP,52397 - BOSKOP,52397 - BOSKOP,52397 - BOSKOP,52397 - BOSKOP,52397 - BOSKOP,52397 - BOSKOP,52397 - BOSKOP,52397 - BOSKOP,52397 - BOSKOP,52397 - BOSKOP,52397 - BOSKOP,52397 - BOSKOP,52397 - BOSKOP,52397 - BOSKOP,52397 - BOSKOP,52397 - BOSKOP,52397 - BOSKOP,52397 - BOSKOP,52397 - BOSKOP,52397 - BOSKOP,52397 - BOSKOP,52397 - BOSKOP,52397 - BOSKOP,52397 - BOSKOP,52397 - BOSKOP,52397 - BOSKOP,52397 - BOSKOP,52397 - BOSKOP,52397 - BOSKOP,52397 - BOSKOP,52397 - BOSKOP,52397 - BOSKOP,52397 - BOSKOP,52397 - BOSKOP,52397 - BOSKOP,52397 - BOSKOP,52397 - BOSKOP,52397 - BOSKOP,52397 - BOSKOP,52397 - BOSKOP,52397 - BOSKOP,52397 - BOSKOP,52397 - BOSKOP,52397 - BOSKOP,52397 - BOSKOP,52397 - BOSKOP,52397 - BOSKOP,52397 - BOSKOP,52397 - BOSKOP,52397 - BOSKOP,52397 - BOSKOP,52397 - BOSKOP,52397 - BOSKOP,52397 - BOSKOP,52397 - BOSKOP,52397 - BOSKOP,52397 - BOSKOP,52397 - BOSKOP,52397 - BOSKOP,52397 - BOSKOP,52397 - BOSKOP,52397 - BOSKOP,52397 - BOSKOP",NaN,NaN,NaN,1/6/2026,123,R1119729.94,R9103.4954,Sold,,2.82%,0,R0.00,"SVC FARMING-12.pdf (https://v5.airtableusercontent.com/v3/u/53/53/1779120000000/1edB6yKqJSPT0doC5SZtmw/6W-hsqgf9a05_SDCAzxJf3GVKTmzR_z9efmPVreomXGv9yXNLkP4NZdJ2PrpnFPv-Y2xCEC9sVm7M_Lf-oCsEUG-afe7-VfuIZxZVokyhZHHrZnOoaCqC3yg6LDOsIdNH5J_6MVHYmP7JmIVieiSb--ruSISUo1TWLwOy0KaHRA/y3bNT4GNUkj3B0v4VSYHA7eid2rYy1C0ySClnpn7zYU),Invoice INV-0080.pdf (https://v5.airtableusercontent.com/v3/u/53/53/1779120000000/t_hhbe76_5D0azCxCV9i0A/vJbDQOz4lqHO92VysOpvSmCVqGXtOaOhi5ahyhjzJembjVybhYI24mH-JAroITBdexq_22-yPUuj4_jIrArvsevwoNHDcYjC52ETgeDfp3Vn4FhhF7RKjZq9HQSvVzhUxWrA0sEXYOg9BvvUczAQsmVWccUPuzltBTBzA2480NY/EWWo8qWL24fYIB1YxXei_5BNF6tw5cwVK3gmBhajLbk)",,The invoice will be effective from 28 August 2025. The sales calculation will use this date and not the invoice date 
Batch 1009 - SVC Farming,72016,"August 2, 2025",,#ERROR,,,NaN,SVC Farming,130,0,130,IN072016 - BATCH 52611.pdf (https://v5.airtableusercontent.com/v3/u/53/53/1779120000000/RDnaxhd8U3ytdOiuJNPaPw/3jz_VOZ0wncFRcVTakcPivkFOnK2ZFiAtBrV3pDh5kEB9OjYCNaoUCZmV6S-xRYix8wgYvWZhCM_BTRYkdg21cLxr_khRvRc8iVSUCW4MHT84mSHuoo-oepO2SHHSX0P_1VbGDi6FTIn89uIfhqD28aUADsu4AnKLBQc4s03cfA/x9HhBFEGAH7d5D6DY9uTMHBdh357MgQ8uq_NWDrS43A),,R7579.2841,R985306.93,Processed & Paid,"52611 - BOSKOP,52611 - BOSKOP,52611 - BOSKOP,52611 - BOSKOP,52611 - BOSKOP,52611 - BOSKOP,52611 - BOSKOP,52611 - BOSKOP,52611 - BOSKOP,52611 - BOSKOP,52611 - BOSKOP,52611 - BOSKOP,52611 - BOSKOP,52611 - BOSKOP,52611 - BOSKOP,52611 - BOSKOP,52611 - BOSKOP,52611 - BOSKOP,52611 - BOSKOP,52611 - BOSKOP,52611 - BOSKOP,52611 - BOSKOP,52611 - BOSKOP,52611 - BOSKOP,52611 - BOSKOP,52611 - BOSKOP,52611 - BOSKOP,52611 - BOSKOP,52611 - BOSKOP,52611 - BOSKOP,52611 - BOSKOP,52611 - BOSKOP,52611 - BOSKOP,52611 - BOSKOP,52611 - BOSKOP,52611 - BOSKOP,52611 - BOSKOP,52611 - BOSKOP,52611 - BOSKOP,52611 - BOSKOP,52611 - BOSKOP,52611 - BOSKOP,52611 - BOSKOP,52611 - BOSKOP,52611 - BOSKOP,52611 - BOSKOP,52611 - BOSKOP,52611 - BOSKOP,52611 - BOSKOP,52611 - BOSKOP,52611 - BOSKOP,52611 - BOSKOP,52611 - BOSKOP,52611 - BOSKOP,52611 - BOSKOP,52611 - BOSKOP,52611 - BOSKOP,52611 - BOSKOP,52611 - BOSKOP,52611 - BOSKOP,52611 - BOSKOP,52611 - BOSKOP,52611 - BOSKOP,52611 - BOSKOP,52611 - BOSKOP,52611 - BOSKOP,52611 - BOSKOP,52611 - BOSKOP,52611 - BOSKOP,52611 - BOSKOP,52611 - BOSKOP,52611 - BOSKOP,52611 - BOSKOP,52611 - BOSKOP,52611 - BOSKOP,52611 - BOSKOP,52611 - BOSKOP,52611 - BOSKOP,52611 - BOSKOP,52611 - BOSKOP,52611 - BOSKOP,52611 - BOSKOP,52611 - BOSKOP,52611 - BOSKOP,52611 - BOSKOP,52611 - BOSKOP,52611 - BOSKOP,52611 - BOSKOP,52611 - BOSKOP,52611 - BOSKOP,52611 - BOSKOP,52611 - BOSKOP,52611 - BOSKOP,52611 - BOSKOP,52611 - BOSKOP,52611 - BOSKOP,52611 - BOSKOP,52611 - BOSKOP,52611 - BOSKOP,52611 - BOSKOP,52611 - BOSKOP,52611 - BOSKOP,52611 - BOSKOP,52611 - BOSKOP,52611 - BOSKOP,52611 - BOSKOP,52611 - BOSKOP,52611 - BOSKOP,52611 - BOSKOP,52611 - BOSKOP,52611 - BOSKOP,52611 - BOSKOP,52611 - BOSKOP,52611 - BOSKOP,52611 - BOSKOP,52611 - BOSKOP,52611 - BOSKOP,52611 - BOSKOP,52611 - BOSKOP,52611 - BOSKOP,52611 - BOSKOP,52611 - BOSKOP,52611 - BOSKOP,52611 - BOSKOP,52611 - BOSKOP,52611 - BOSKOP,52611 - BOSKOP,52611 - BOSKOP,52611 - BOSKOP,52611 - BOSKOP",NaN,NaN,NaN,1/6/2026,130,R1017806.93,R7829.2841,Sold,"Invoice INV-0080.pdf (https://v5.airtableusercontent.com/v3/u/53/53/1779120000000/H5ISNklcCwdRRNc8y833qQ/nZAybbkWMGUkMN0SE_Dy_4trZw3FDdJ4r6WPIWBdeUpUgNuaHOgHxbX1mMy2Vp-JHPDTp-zAv3GjKQ6UQvml6spHzDWW-STfnuS2PiLrIMBE-J2kddjXNPo-rP6bwpJ544S0xVcqR0-CdhTJeVOSWOa5dBuJnC4hu1q58Wsg2V0/SSUENu4w6U6YwVfTF3zWcH1IfUIOpw_Xan05hZc9a9w),Invoice INV-0081.pdf (https://v5.airtableusercontent.com/v3/u/53/53/1779120000000/6EC3Mb7CCrZKU1eURXZOJQ/yfsgbOUVkMpf82tz8E2UkUCwqK3Sp6wNs131lqJVWe17sbON0gBYY0xfjduq81OaHXLxBrpa6-DijrEOA318yXNhm8-uYk6YOIswCJRdiiQSJzEYE-eNh3zfUl5D84ZCgBVVlbB4hoVK6peTZuwBR5SxdS1EIGT6JyFD3syhU7I/WKffGPpW-MGjcDqrIpfxCawYUZ3YtxU2wvk8TvcbuSU)",3.30%,0,R0.00,"SVC FARMING-12.pdf (https://v5.airtableusercontent.com/v3/u/53/53/1779120000000/puExzQT1EinY5XBt8-3tYQ/TTkEPehnxw4YvHw4KgqLNzosnZ_p4vBvAqKC5u43bX3vZCMULKZXTJAJd0LKTsT4ptOMVgkBK2pGgfQN-a7zAinZLGkxcLafj26HkeW6hoIe4VDYdHJWWaxFGczkY1QygQ6Yiv3tGZPFo67cRivVihNoTPV_-gV8BBSIsOti9eY/MOzqnlBYKxE2TeY8f_BWm5auZX3CQz9CUArsjx8wv9M),SVC FARMING CALCULATION-3.pdf (https://v5.airtableusercontent.com/v3/u/53/53/1779120000000/SdQB6gk34U7--AYzyLH-sA/x_5TatlJ4xDVzArdPpiB08LSWQ3A6kz7SKtUevu_E-CFiAzDkY1c3uywWjaG9dkpceOihPppYOFHJ7AVAg_Ee0-jhIZtbuBSn3oZbX7rJixRAI72wfb6GSNqEvIWu1MBut6pNlDqU9Hj2Xq5IpjB4AFE7ypjy7OcdREaSeaO4G4Nyv0AD8DqUxXReAMfLDqS/ZWIOKgqzsrusCo-pL2RCEryLd1bY3JTjd4lcx5CnHNM)",,The invoice will be effective from 27 August 2025. The sales calculation will use this date and not the invoice date 
Batch 1010 - AgriFund Dios,72077,"August 8, 2025",,#ERROR,,,NaN,AgriFund Dios,103,0,103,IN072077 - BATCH 52612.pdf (https://v5.airtableusercontent.com/v3/u/53/53/1779120000000/THjSMLq29I9OZ9ZxWNQxXQ/eWpiCSCzYFulCOpyhPuXy_PiudYFPXV2q_4lR18_K7A9iwioga3i52FuU__EQUQzl-esgDJbnzYASAiaTHDnCIz6PwJWAX2aAqSA39EyauHlQpeZsiKd5UcLb_pDyeHfgJdpzuoUszOxxKtBwkxHalnaxi5pwnvK70pMGPMHNfY/Mp5ISfshaI09sg3lMekirw-W1gd0yWlu96sbOJzc0QM),,R8307.5937,R855682.15,Processed & Paid,"52612 - BOSKOP,52612 - BOSKOP,52612 - BOSKOP,52612 - BOSKOP,52612 - BOSKOP,52612 - BOSKOP,52612 - BOSKOP,52612 - BOSKOP,52612 - BOSKOP,52612 - BOSKOP,52612 - BOSKOP,52612 - BOSKOP,52612 - BOSKOP,52612 - BOSKOP,52612 - BOSKOP,52612 - BOSKOP,52612 - BOSKOP,52612 - BOSKOP,52612 - BOSKOP,52612 - BOSKOP,52612 - BOSKOP,52612 - BOSKOP,52612 - BOSKOP,52612 - BOSKOP,52612 - BOSKOP,52612 - BOSKOP,52612 - BOSKOP,52612 - BOSKOP,52612 - BOSKOP,52612 - BOSKOP,52612 - BOSKOP,52612 - BOSKOP,52612 - BOSKOP,52612 - BOSKOP,52612 - BOSKOP,52612 - BOSKOP,52612 - BOSKOP,52612 - BOSKOP,52612 - BOSKOP,52612 - BOSKOP,52612 - BOSKOP,52612 - BOSKOP,52612 - BOSKOP,52612 - BOSKOP,52612 - BOSKOP,52612 - BOSKOP,52612 - BOSKOP,52612 - BOSKOP,52612 - BOSKOP,52612 - BOSKOP,52612 - BOSKOP,52612 - BOSKOP,52612 - BOSKOP,52612 - BOSKOP,52612 - BOSKOP,52612 - BOSKOP,52612 - BOSKOP,52612 - BOSKOP,52612 - BOSKOP,52612 - BOSKOP,52612 - BOSKOP,52612 - BOSKOP,52612 - BOSKOP,52612 - BOSKOP,52612 - BOSKOP,52612 - BOSKOP,52612 - BOSKOP,52612 - BOSKOP,52612 - BOSKOP,52612 - BOSKOP,52612 - BOSKOP,52612 - BOSKOP,52612 - BOSKOP,52612 - BOSKOP,52612 - BOSKOP,52612 - BOSKOP,52612 - BOSKOP,52612 - BOSKOP,52612 - BOSKOP,52612 - BOSKOP,52612 - BOSKOP,52612 - BOSKOP,52612 - BOSKOP,52612 - BOSKOP,52612 - BOSKOP,52612 - BOSKOP,52612 - BOSKOP,52612 - BOSKOP,52612 - BOSKOP,52612 - BOSKOP,52612 - BOSKOP,52612 - BOSKOP,52612 - BOSKOP,52612 - BOSKOP,52612 - BOSKOP,52612 - BOSKOP,52612 - BOSKOP,52612 - BOSKOP,52612 - BOSKOP,52612 - BOSKOP,52612 - BOSKOP,52612 - BOSKOP,52612 - BOSKOP",NaN,R0.00,NaN,1/15/2026,103,R881432.15,R8557.5937,Sold,"Invoice INV-0069-2.pdf (https://v5.airtableusercontent.com/v3/u/53/53/1779120000000/rvYRgzQyIe2g_K2qJlI9_Q/nIzMYmspkreAUCiChHKSJNfDp2U-0YTWvrOQDc-JV1iRpvV-e2w8IuCVHDjht67foh78ASpLmR4vtHimFggnQPmIOruN0e1lb4Srr6vvnzmdaGZNBExj9MFzJVJ_KFI5BpKn4weRnqa1MeSO4VfJ2D-VwDhzG67ikv0XLK1nt4Q/oT_uJ-gBYEqpgpyHqqN8PIsyATW2eLw4OLTcNLGI5hs),Invoice INV-0070-3.pdf (https://v5.airtableusercontent.com/v3/u/53/53/1779120000000/j2AUnVWfLUQHj3QTO1JG7A/2cNr9PlhAz-JDEL3mFkYTF_tAQvxnC-FcxdbfQYEx-oQVLpDEdntsO6koJXVfnt-a6gCln5Zx9UHPJBjpVl8Bq_mrfRjBwcWf9wGVF14YqRVqSw_o0yUu1A6lBcYzx9X5PYyfv2Y5uE6q6bva0fzx8xnUsiKB6R8-bPfNImie1g/A0fxizieNqASD19FVya8lsRA28erirjUzhG_gComKXY)",3.01%,0,R0.00,"AGRIFUND DOS-10.pdf (https://v5.airtableusercontent.com/v3/u/53/53/1779120000000/HB1HoZivH2sjantEkX7YaQ/W7-Tbpi7vwBipSv61UbOEqI-r_J07HHdvEvtfziJ5TJOao5LSCFrM1HVRxzB-0jY2QRYRnCJZK74HXEJllxF6oO1Bob7J0nViJVD0r0zggrWEi5ZBaxEouOAI58bN6bhyuRzyq5Qo9B0WH8U2RYwniM9-qxpULEfd4S3ncz8454/TFQFwptuekUFiR3gJlXgdmCgfEFj7lriUPAS97B-eH4),AGRIFUND DOS CALCULATION-3.pdf (https://v5.airtableusercontent.com/v3/u/53/53/1779120000000/7RbRKk9k9cJPbfUPLQf_Wg/5L0jOVIFE0ehdHtzo1euzEvEYkmUmtJ6b7tRmUM3V4iTJX6j3a9Odpl2jWrAuNlSa7pfr7iE6vhcOy_34T7KjTnAdldNA-qDnYGK99iHKTfCF1ndPInnsONccoMLkSOe5MgXH60G0WXMeMdNF402vAhDGWb_3O7GMg9SOSJuPouffJu_rxpIdFHsqMT5PnW2/DkjqVp3T_Qq4WGjnjJdPcWvnfUrqoZtvFx7DbD-2ZCI)",,
Batch 1011 - AgriFund Dios,72076,"August 8, 2025",,#ERROR,,,NaN,AgriFund Dios,80,0,80,IN072076 - BATCH 52613.pdf (https://v5.airtableusercontent.com/v3/u/53/53/1779120000000/0VFi0e2bt-aw1ib-NrTnIg/loY1s7MzZLeVX668JRmsHmDD5DHfgmXdEMC5nUiQp4g3nMhKlG7Tg8bW0iD2KFcjDm5GvrdlaM2zY7KBBjeIngHLDSLYj5teaTps6KTwpvOKZN14y46pNtYeoGjCaANBSHUx10AqBFDb15RZAp7nha7Aa6wjIljJW9tGhMCQwEg/ezntM2fPdv_0l3xrhU89YJF3ee17iFBGAsM5ok9eQ2U),,R7088.8146,R567105.17,Processed & Paid,"52613 - BOSKOP,52613 - BOSKOP,52613 - BOSKOP,52613 - BOSKOP,52613 - BOSKOP,52613 - BOSKOP,52613 - BOSKOP,52613 - BOSKOP,52613 - BOSKOP,52613 - BOSKOP,52613 - BOSKOP,52613 - BOSKOP,52613 - BOSKOP,52613 - BOSKOP,52613 - BOSKOP,52613 - BOSKOP,52613 - BOSKOP,52613 - BOSKOP,52613 - BOSKOP,52613 - BOSKOP,52613 - BOSKOP,52613 - BOSKOP,52613 - BOSKOP,52613 - BOSKOP,52613 - BOSKOP,52613 - BOSKOP,52613 - BOSKOP,52613 - BOSKOP,52613 - BOSKOP,52613 - BOSKOP,52613 - BOSKOP,52613 - BOSKOP,52613 - BOSKOP,52613 - BOSKOP,52613 - BOSKOP,52613 - BOSKOP,52613 - BOSKOP,52613 - BOSKOP,52613 - BOSKOP,52613 - BOSKOP,52613 - BOSKOP,52613 - BOSKOP,52613 - BOSKOP,52613 - BOSKOP,52613 - BOSKOP,52613 - BOSKOP,52613 - BOSKOP,52613 - BOSKOP,52613 - BOSKOP,52613 - BOSKOP,52613 - BOSKOP,52613 - BOSKOP,52613 - BOSKOP,52613 - BOSKOP,52613 - BOSKOP,52613 - BOSKOP,52613 - BOSKOP,52613 - BOSKOP,52613 - BOSKOP,52613 - BOSKOP,52613 - BOSKOP,52613 - BOSKOP,52613 - BOSKOP,52613 - BOSKOP,52613 - BOSKOP,52613 - BOSKOP,52613 - BOSKOP,52613 - BOSKOP,52613 - BOSKOP,52613 - BOSKOP,52613 - BOSKOP,52613 - BOSKOP,52613 - BOSKOP,52613 - BOSKOP,52613 - BOSKOP,52613 - BOSKOP,52613 - BOSKOP,52613 - BOSKOP,52613 - BOSKOP,52613 - BOSKOP",NaN,R0.00,NaN,1/6/2026,80,R587105.17,R7338.8146,Sold,"Invoice INV-0067-3.pdf (https://v5.airtableusercontent.com/v3/u/53/53/1779120000000/xsITO7iLMRQriWjJop_OxA/DE15UegpA7Tf4dzifS1j8sN3CpRr4uY_u8ac1x_aieaiK6acT8ceKWN4GfbzodfrimQK8RZpWyGz0g0L_dhdE8a0nbFB_2WfqbkEkFrbBq0PCdwxkrq0vjZHGcAYojL1AzeuweAnlZqa-2stau5xMmp27X7TviHvDPgHLqLzjLs/cQaP68tIT1_4tFiHEmzFQMETqBnJgDtMamQS4AsVYNw),Invoice INV-0068-2.pdf (https://v5.airtableusercontent.com/v3/u/53/53/1779120000000/f41raS4i7e3mAFt7kd3Thg/rZKQ1rdioMXB0oUZT9jmTLdjiR1uryMNA00wM7RzBVFvOA5yarLB2uZ4ZqoPFVa9DE9b3WxP8qhub_i6lvRCa1MR_yoJjn4VrIgqt6DTcHUZzz82PkpPxPL3iXi840d-vPtQtQAjYURYCFBPl25hhXqWaVDo0a7SrNHKtM4Cmho/PsxxKgiH8SFJOUb-5fDdtRcgBQffz6NXoWo73BPO8hU),Invoice INV-0069-2.pdf (https://v5.airtableusercontent.com/v3/u/53/53/1779120000000/7u_BSQkwRQFYTv88yISnnw/Hmm_0pCDf4ateGgyKwEZ1fKpaqQT7vVtZP9ubmcDOAtea_eKGiV96tluciqwZWm1vPpEOebJk0tLzpQFC7MQidSX4RV2o5wiybYQkKVlMKViZOPhxCqB1_dORld9l6ueZaSLONfAa8xkmqGaNR-cvQKWl_OlncDqGLiEVuQv-NU/RJZCfYtohLkj4oGXC2hKYy92L8e7uOD24hHtn_oR6VM)",3.53%,0,R0.00,"AGRIFUND DOS-8.pdf (https://v5.airtableusercontent.com/v3/u/53/53/1779120000000/-tbjgSbeDdjXVtZdQJE2Rw/-74TYaWhpX5_bXFaB2C6GtbJqJPQFzRh1Sf5OxOavW8k-1mgXtYGdA9wH6ep871S1y31P1W0DKKXAFuOZAiF9eawqVfgM48NRKIBp034f7HhbuyGA1l9JoR28z1MCD19hWi4RzE0cFjiOBAVHnPXSHEAwpjcW9hMXdj0nJHsMcQ/PJb1ap491qJdVfFuI2AarZb2o2iwLMyJIclTGEjcE4k),AGRIFUND DOS-9.pdf (https://v5.airtableusercontent.com/v3/u/53/53/1779120000000/qLnTPf9PlX64CK--qKUXvg/16rcfzN0-EISq5TwEnv5G0BBYvMkU7MXOSppLg_ETtXGA9uqzSOJjzXxb9d_JoifHLlyhM0OWoRkNsE52CErH8mjuOW9H4u_0ihT_3OPaGtKJJGYQPUbFrdnaaB2ai0HsaL_D22Z-VrLx9h6Z4TjuFZfuSnXuukVtyzK60ayUhM/xK_EoBKQzyeTl0qT2TfAA9FlhoauLBokI8Ec8CIrTMw),AGRIFUND DOS-10.pdf (https://v5.airtableusercontent.com/v3/u/53/53/1779120000000/_9XxxgpThiLTyNBRrksmIQ/L8aQ76vt27Mf7rrGEfHng92SBe8ZX5CCfH_BdhzLDGcgP-iyCVW8vqFsJa6T3mspmNPQf6fDHWEXqm5K43A46LUEcvPFCNgOzbAe7QquPj87KK5YzhmbfwpLVvfCPdS1_-HNFRXFv_q9K908ASY3DX0Bp5HHxPBIF0TIYUqYS_E/FFwTQbgC6yDsQsXCpCOAKnlQCZy3gTpPA2MuS0b70wU)",,