Batch No,Main tag number,Entry Mass,Gender,Breed,Name,Mortality,Date,Mortality Report,Sold,Sale Batch,Sale date,Notes
54232 - FEEDLOT,26-01-05-149893,201,Male,Brahman,Batch 1012 - SVC Farming,,,,checked,68529,"February 6, 2026",
54232 - FEEDLOT,26-01-05-152489,262,Male,Braford,Batch 1012 - SVC Farming,,,,checked,68530,"February 19, 2026",
54232 - FEEDLOT,26-01-05-179751,195,Male,Braford,Batch 1012 - SVC Farming,,,,checked,68530,"February 19, 2026",
54232 - FEEDLOT,26-01-05-171286,202,Male,Brahman,Batch 1012 - SVC Farming,,,,checked,68530,"February 19, 2026",
54232 - FEEDLOT,26-01-05-171056,267,Male,Brahman,Batch 1012 - SVC Farming,,,,checked,68530,"February 19, 2026",
54232 - FEEDLOT,26-01-05-178383,217,Male,Brahman,Batch 1012 - SVC Farming,,,,checked,68530,"February 19, 2026",
54232 - FEEDLOT,26-01-05-184180,195,Male,Brahman,Batch 1012 - SVC Farming,,,,checked,68530,"February 19, 2026",
54232 - FEEDLOT,26-01-05-185016,198,Male,Bonsmara,Batch 1012 - SVC Farming,,,,checked,68530,"February 19, 2026",
54232 - FEEDLOT,26-01-05-179997,217,Male,Brahman,Batch 1012 - SVC Farming,,,,checked,68530,"February 19, 2026",
54232 - FEEDLOT,26-01-05-171508,202,Male,Brahman,Batch 1012 - SVC Farming,,,,checked,68530,"February 19, 2026",
54232 - FEEDLOT,26-01-05-182467,199,Male,Brahman,Batch 1012 - SVC Farming,,,,checked,68530,"February 19, 2026",
54232 - FEEDLOT,26-01-05-172657,205,Male,Brahman,Batch 1012 - SVC Farming,,,,checked,68530,"February 19, 2026",
54232 - FEEDLOT,26-01-05-178460,200,Male,Brahman,Batch 1012 - SVC Farming,,,,checked,68530,"February 19, 2026",
54232 - FEEDLOT,26-01-05-118836,217,Male,Brahman,Batch 1012 - SVC Farming,,,,checked,68530,"February 19, 2026",
54232 - FEEDLOT,26-01-05-122411,228,Male,Brahman,Batch 1012 - SVC Farming,,,,checked,68530,"February 19, 2026",
54232 - FEEDLOT,26-01-05-182164,203,Male,Brahman,Batch 1012 - SVC Farming,,,,checked,68530,"February 19, 2026",
54232 - FEEDLOT,26-01-05-182223,197,Male,Brahman,Batch 1012 - SVC Farming,,,,checked,68530,"February 19, 2026",
54232 - FEEDLOT,26-01-05-152516,195,Male,Brahman,Batch 1012 - SVC Farming,,,,checked,68530,"February 19, 2026",
54232 - FEEDLOT,26-01-05-176211,218,Male,Braford,Batch 1012 - SVC Farming,,,,checked,68530,"February 19, 2026",
54232 - FEEDLOT,26-01-05-180367,244,Male,Brahman,Batch 1012 - SVC Farming,,,,checked,68530,"February 19, 2026",
54232 - FEEDLOT,26-01-05-182310,220,Male,Brahman,Batch 1012 - SVC Farming,,,,checked,68530,"February 19, 2026",
54232 - FEEDLOT,26-01-05-178883,199,Male,Brahman,Batch 1012 - SVC Farming,,,,checked,68530,"February 19, 2026",
54232 - FEEDLOT,26-01-05-183855,212,Male,Brahman,Batch 1012 - SVC Farming,,,,checked,68530,"February 19, 2026",
54232 - FEEDLOT,26-01-05-160369,239,Male,Brahman,Batch 1012 - SVC Farming,,,,checked,68530,"February 19, 2026",
54232 - FEEDLOT,26-01-05-145919,224,Male,Brahman,Batch 1012 - SVC Farming,,,,checked,68530,"February 19, 2026",
54232 - FEEDLOT,26-01-05-181140,235,Male,Brahman,Batch 1012 - SVC Farming,,,,checked,68530,"February 19, 2026",
54232 - FEEDLOT,26-01-05-156945,259,Male,Brahman,Batch 1012 - SVC Farming,,,,checked,68530,"February 19, 2026",
54232 - FEEDLOT,26-01-05-178953,195,Male,Brahman,Batch 1012 - SVC Farming,,,,checked,68530,"February 19, 2026",
54232 - FEEDLOT,26-01-05-177647,200,Male,Bonsmara,Batch 1012 - SVC Farming,,,,checked,68530,"February 19, 2026",
54232 - FEEDLOT,26-01-05-126217,228,Male,Afrikaner,Batch 1012 - SVC Farming,,,,checked,68530,"February 19, 2026",
54232 - FEEDLOT,26-01-05-182252,209,Male,Brahman,Batch 1012 - SVC Farming,,,,checked,68530,"February 19, 2026",
54232 - FEEDLOT,26-01-05-182264,214,Male,Brahman,Batch 1012 - SVC Farming,,,,checked,68530,"February 19, 2026",
54232 - FEEDLOT,26-01-05-130664,210,Male,Brahman,Batch 1012 - SVC Farming,,,,checked,68530,"February 19, 2026",
54232 - FEEDLOT,26-01-05-170999,192,Male,Brahman,Batch 1012 - SVC Farming,,,,checked,68530,"February 19, 2026",
54232 - FEEDLOT,26-01-05-182565,208,Male,Brahman,Batch 1012 - SVC Farming,,,,checked,68530,"February 19, 2026",
54232 - FEEDLOT,26-01-05-185048,222,Male,Brahman,Batch 1012 - SVC Farming,,,,checked,68530,"February 19, 2026",
54232 - FEEDLOT,26-01-05-181237,206,Male,Brahman,Batch 1012 - SVC Farming,,,,checked,68530,"February 19, 2026",
54232 - FEEDLOT,26-01-05-147270,175,Male,Brahman,Batch 1012 - SVC Farming,,,,checked,68530,"February 19, 2026",
54232 - FEEDLOT,26-01-05-179955,222,Male,Brahman,Batch 1012 - SVC Farming,,,,checked,68530,"February 19, 2026",
54232 - FEEDLOT,26-01-05-183109,261,Male,Brahman,Batch 1012 - SVC Farming,,,,checked,68530,"February 19, 2026",
54232 - FEEDLOT,26-01-05-182222,226,Male,Brahman,Batch 1012 - SVC Farming,,,,checked,68530,"February 19, 2026",
54232 - FEEDLOT,26-01-05-171267,192,Male,Brahman,Batch 1012 - SVC Farming,,,,checked,68530,"February 19, 2026",
54232 - FEEDLOT,26-01-05-180185,213,Male,Brahman,Batch 1012 - SVC Farming,,,,checked,68530,"February 19, 2026",
54232 - FEEDLOT,26-01-05-178748,201,Male,Brahman,Batch 1012 - SVC Farming,,,,checked,68530,"February 19, 2026",
54232 - FEEDLOT,26-01-05-182332,245,Male,Brahman,Batch 1012 - SVC Farming,,,,checked,68530,"February 19, 2026",
54232 - FEEDLOT,26-01-05-180230,207,Male,Brahman,Batch 1012 - SVC Farming,,,,checked,68530,"February 19, 2026",
54232 - FEEDLOT,26-01-05-181097,221,Male,Brahman,Batch 1012 - SVC Farming,,,,checked,68530,"February 19, 2026",
54232 - FEEDLOT,26-01-05-182360,208,Male,Brahman,Batch 1012 - SVC Farming,,,,checked,68530,"February 19, 2026",
54232 - FEEDLOT,26-01-05-128594,197,Male,Brahman,Batch 1012 - SVC Farming,,,,checked,68530,"February 19, 2026",
54232 - FEEDLOT,26-01-05-178658,212,Male,Brahman,Batch 1012 - SVC Farming,,,,checked,68530,"February 19, 2026",
54232 - FEEDLOT,26-01-05-175760,206,Male,Brahman,Batch 1012 - SVC Farming,,,,checked,68530,"February 19, 2026",
54232 - FEEDLOT,26-01-05-183731,208,Male,Brahman,Batch 1012 - SVC Farming,,,,checked,68530,"February 19, 2026",
54232 - FEEDLOT,26-01-05-170920,222,Male,Brahman,Batch 1012 - SVC Farming,,,,checked,68530,"February 19, 2026",
54232 - FEEDLOT,26-01-05-181133,204,Male,Brahman,Batch 1012 - SVC Farming,,,,checked,68530,"February 19, 2026",
54232 - FEEDLOT,26-01-05-185249,198,Male,Brahman,Batch 1012 - SVC Farming,,,,checked,68530,"February 19, 2026",
54232 - FEEDLOT,26-01-05-121453,220,Male,Brahman,Batch 1012 - SVC Farming,,,,checked,68530,"February 19, 2026",
54232 - FEEDLOT,26-01-05-171035,236,Male,Brahman,Batch 1012 - SVC Farming,,,,checked,68530,"February 19, 2026",
54232 - FEEDLOT,26-01-05-171534,248,Male,Brahman,Batch 1012 - SVC Farming,,,,checked,68530,"February 19, 2026",
54232 - FEEDLOT,26-01-05-184175,196,Male,Brahman,Batch 1012 - SVC Farming,,,,checked,68530,"February 19, 2026",
54232 - FEEDLOT,26-01-05-172660,196,Male,Brahman,Batch 1012 - SVC Farming,,,,checked,68530,"February 19, 2026",
54232 - FEEDLOT,26-01-05-180553,197,Male,Brahman,Batch 1012 - SVC Farming,,,,checked,68530,"February 19, 2026",
54232 - FEEDLOT,26-01-05-182295,211,Male,Braford,Batch 1012 - SVC Farming,,,,checked,68530,"February 19, 2026",
54232 - FEEDLOT,26-01-05-150127,242,Male,Brahman,Batch 1012 - SVC Farming,,,,checked,68530,"February 19, 2026",
54232 - FEEDLOT,26-01-05-171387,258,Male,Simmentaler,Batch 1012 - SVC Farming,,,,checked,68530,"February 19, 2026",
54232 - FEEDLOT,26-01-05-175594,247,Male,Brahman,Batch 1012 - SVC Farming,,,,checked,68530,"February 19, 2026",
54232 - FEEDLOT,26-01-05-160786,175,Male,Brahman,Batch 1012 - SVC Farming,,,,checked,68530,"February 19, 2026",
54232 - FEEDLOT,26-01-05-184294,206,Male,Brahman,Batch 1012 - SVC Farming,,,,checked,68530,"February 19, 2026",
54232 - FEEDLOT,26-01-05-117560,207,Male,Brahman,Batch 1012 - SVC Farming,,,,checked,68530,"February 19, 2026",
54232 - FEEDLOT,26-01-05-184736,207,Male,Simmentaler,Batch 1012 - SVC Farming,,,,checked,68530,"February 19, 2026",
54232 - FEEDLOT,26-01-05-178788,216,Male,Brahman,Batch 1012 - SVC Farming,,,,checked,68530,"February 19, 2026",
54232 - FEEDLOT,26-01-05-149474,213,Male,Brahman,Batch 1012 - SVC Farming,,,,checked,68530,"February 19, 2026",
54232 - FEEDLOT,26-01-05-171138,220,Male,Braford,Batch 1012 - SVC Farming,,,,checked,68530,"February 19, 2026",
54232 - FEEDLOT,26-01-05-182244,216,Male,Brahman,Batch 1012 - SVC Farming,,,,checked,68530,"February 19, 2026",
54232 - FEEDLOT,26-01-05-144754,225,Male,Brahman,Batch 1012 - SVC Farming,,,,checked,68530,"February 19, 2026",
54232 - FEEDLOT,26-01-05-133282,215,Male,Brahman,Batch 1012 - SVC Farming,,,,checked,68530,"February 19, 2026",
54232 - FEEDLOT,26-01-05-178710,202,Male,Brahman,Batch 1012 - SVC Farming,,,,checked,68530,"February 19, 2026",
54232 - FEEDLOT,26-01-05-147148,199,Male,Brahman,Batch 1012 - SVC Farming,,,,checked,68530,"February 19, 2026",
54232 - FEEDLOT,26-01-05-189453,194,Male,Brahman,Batch 1012 - SVC Farming,,,,checked,68530,"February 19, 2026",
54232 - FEEDLOT,26-01-05-183326,235,Male,Brahman,Batch 1012 - SVC Farming,,,,checked,68530,"February 19, 2026",
54232 - FEEDLOT,26-01-05-171503,238,Male,Brahman,Batch 1012 - SVC Farming,,,,checked,68530,"February 19, 2026",
54232 - FEEDLOT,26-01-05-149950,219,Male,Brahman,Batch 1012 - SVC Farming,,,,checked,68530,"February 19, 2026",
54232 - FEEDLOT,26-01-05-181043,225,Male,Brahman,Batch 1012 - SVC Farming,,,,checked,68530,"February 19, 2026",
54232 - FEEDLOT,26-01-05-186366,198,Male,Brahman,Batch 1012 - SVC Farming,,,,checked,68530,"February 19, 2026",
54232 - FEEDLOT,26-01-05-124115,221,Male,Brahman,Batch 1012 - SVC Farming,,,,checked,68530,"February 19, 2026",
54232 - FEEDLOT,26-01-05-178715,205,Male,Boran,Batch 1012 - SVC Farming,,,,checked,68530,"February 19, 2026",
54232 - FEEDLOT,26-01-05-182245,216,Male,Brahman,Batch 1012 - SVC Farming,,,,checked,68530,"February 19, 2026",
54232 - FEEDLOT,26-01-05-184322,226,Male,Brahman,Batch 1012 - SVC Farming,,,,checked,68530,"February 19, 2026",
54232 - FEEDLOT,26-01-05-182454,228,Female,Brahman,Batch 1012 - SVC Farming,,,,checked,68530,"February 19, 2026",
54232 - FEEDLOT,26-01-05-171459,232,Male,Brahman,Batch 1012 - SVC Farming,,,,checked,68530,"February 19, 2026",
54232 - FEEDLOT,26-01-05-179804,234,Male,Brahman Cross,Batch 1012 - SVC Farming,,,,checked,68530,"February 19, 2026",
54232 - FEEDLOT,26-01-05-117602,193,Male,Simmentaler,Batch 1012 - SVC Farming,,,,checked,68530,"February 19, 2026",
54232 - FEEDLOT,26-01-05-117097,201,Male,Brahman Cross,Batch 1012 - SVC Farming,,,,checked,68530,"February 19, 2026",
54232 - FEEDLOT,26-01-05-176684,216,Male,Brahman,Batch 1012 - SVC Farming,,,,checked,68530,"February 19, 2026",
54232 - FEEDLOT,26-01-05-185040,193,Male,Brahman,Batch 1012 - SVC Farming,,,,checked,68530,"February 19, 2026",
54232 - FEEDLOT,26-01-05-186199,212,Male,Brahman,Batch 1012 - SVC Farming,,,,checked,68530,"February 19, 2026",
54232 - FEEDLOT,26-01-05-177709,183,Male,Brahman,Batch 1012 - SVC Farming,,,,checked,68530,"February 19, 2026",
54232 - FEEDLOT,26-01-05-178959,264,Male,Brahman,Batch 1012 - SVC Farming,,,,checked,68530,"February 19, 2026",
54232 - FEEDLOT,26-01-05-171877,199,Male,Brahman,Batch 1012 - SVC Farming,,,,checked,68530,"February 19, 2026",
54232 - FEEDLOT,26-01-05-182364,202,Male,Bovelder,Batch 1012 - SVC Farming,,,,checked,68530,"February 19, 2026",
54232 - FEEDLOT,26-01-05-153155,217,Male,Brahman,Batch 1012 - SVC Farming,,,,checked,68530,"February 19, 2026",
54232 - FEEDLOT,26-01-05-118488,191,Male,Brahman,Batch 1012 - SVC Farming,,,,checked,68530,"February 19, 2026",
54232 - FEEDLOT,26-01-05-178724,220,Male,Brahman,Batch 1012 - SVC Farming,,,,checked,68530,"February 19, 2026",
54232 - FEEDLOT,26-01-05-157694,240,Male,Brahman,Batch 1012 - SVC Farming,,,,checked,68530,"February 19, 2026",
54232 - FEEDLOT,26-01-05-119903,206,Male,Brahman,Batch 1012 - SVC Farming,,,,checked,68530,"February 19, 2026",
54232 - FEEDLOT,26-01-05-130385,218,Male,Brahman Cross,Batch 1012 - SVC Farming,,,,checked,68530,"February 19, 2026",
54232 - FEEDLOT,26-01-05-189493,204,Male,Brahman Cross,Batch 1012 - SVC Farming,,,,checked,68530,"February 19, 2026",
54232 - FEEDLOT,26-01-05-179900,221,Male,Brahman,Batch 1012 - SVC Farming,,,,checked,68530,"February 19, 2026",
54232 - FEEDLOT,26-01-05-186368,220,Male,Brahman,Batch 1012 - SVC Farming,,,,checked,68530,"February 19, 2026",
54232 - FEEDLOT,26-01-05-171291,201,Male,Brahman,Batch 1012 - SVC Farming,,,,checked,68530,"February 19, 2026",
54232 - FEEDLOT,26-01-05-170895,245,Male,Brahman,Batch 1012 - SVC Farming,,,,checked,68530,"February 19, 2026",
54232 - FEEDLOT,26-01-05-157313,203,Male,Braunvieh,Batch 1012 - SVC Farming,,,,checked,68530,"February 19, 2026",
54232 - FEEDLOT,26-01-05-171833,194,Male,Brahman,Batch 1012 - SVC Farming,,,,checked,68530,"February 19, 2026",
54232 - FEEDLOT,26-01-05-186345,266,Male,Brahman,Batch 1012 - SVC Farming,,,,checked,68530,"February 19, 2026",
54232 - FEEDLOT,26-01-05-177991,233,Male,Brahman,Batch 1012 - SVC Farming,,,,checked,68530,"February 19, 2026",
54232 - FEEDLOT,26-01-05-184316,233,Male,Brahman,Batch 1012 - SVC Farming,,,,checked,68530,"February 19, 2026",
54232 - FEEDLOT,26-01-05-171105,218,Male,Brahman,Batch 1012 - SVC Farming,,,,checked,68530,"February 19, 2026",
54232 - FEEDLOT,26-01-05-171186,220,Male,Brahman Cross,Batch 1012 - SVC Farming,,,,checked,68530,"February 19, 2026",
54232 - FEEDLOT,26-01-05-156160,233,Male,Brahman,Batch 1012 - SVC Farming,,,,checked,68530,"February 19, 2026",
54232 - FEEDLOT,26-01-05-171705,192,Male,Brahman,Batch 1012 - SVC Farming,,,,checked,68530,"February 19, 2026",
54232 - FEEDLOT,26-01-05-171528,208,Male,Brahman,Batch 1012 - SVC Farming,,,,checked,68530,"February 19, 2026",
54232 - FEEDLOT,26-01-05-178526,208,Male,Brahman,Batch 1012 - SVC Farming,,,,checked,68530,"February 19, 2026",
54232 - FEEDLOT,26-01-05-171202,217,Male,Brahman,Batch 1012 - SVC Farming,,,,checked,68530,"February 19, 2026",
54232 - FEEDLOT,26-01-05-118075,221,Male,Brahman,Batch 1012 - SVC Farming,,,,checked,68530,"February 19, 2026",
54232 - FEEDLOT,26-01-05-175304,203,Male,Brahman,Batch 1012 - SVC Farming,,,,checked,68530,"February 19, 2026",
54232 - FEEDLOT,26-01-05-171031,219,Male,Brahman,Batch 1012 - SVC Farming,,,,checked,68530,"February 19, 2026",
54236 - FEEDLOT,26-01-05-172452,190,Male,Brahman,Batch 1013 - SVC Farming,,,,checked,68531,"February 19, 2026",
54236 - FEEDLOT,26-01-05-155474,163,Female,Brahman,Batch 1013 - SVC Farming,,,,checked,68531,"February 19, 2026",
54236 - FEEDLOT,26-01-05-130285,161,Female,Braunvieh,Batch 1013 - SVC Farming,,,,checked,68531,"February 19, 2026",
54236 - FEEDLOT,26-01-05-176136,215,Male,Braunvieh,Batch 1013 - SVC Farming,,,,checked,68531,"February 19, 2026",
54236 - FEEDLOT,26-01-05-171276,210,Male,Simmentaler,Batch 1013 - SVC Farming,,,,checked,68531,"February 19, 2026",
54236 - FEEDLOT,26-01-05-172266,166,Female,Brahman,Batch 1013 - SVC Farming,,,,checked,68531,"February 19, 2026",
54236 - FEEDLOT,26-01-05-180456,152,Female,Brahman,Batch 1013 - SVC Farming,,,,checked,68531,"February 19, 2026",
54236 - FEEDLOT,26-01-05-122749,198,Male,Bonsmara,Batch 1013 - SVC Farming,,,,checked,68531,"February 19, 2026",
54236 - FEEDLOT,26-01-05-153204,171,Male,Brahman,Batch 1013 - SVC Farming,,,,checked,68531,"February 19, 2026",
54236 - FEEDLOT,26-01-05-177827,223,Male,Brahman,Batch 1013 - SVC Farming,,,,checked,68531,"February 19, 2026",
54236 - FEEDLOT,26-01-05-173439,183,Male,Brahman Cross,Batch 1013 - SVC Farming,,,,checked,68531,"February 19, 2026",
54236 - FEEDLOT,26-01-05-149594,219,Male,Akaushi,Batch 1013 - SVC Farming,,,,checked,68531,"February 19, 2026",
54236 - FEEDLOT,26-01-05-175390,178,Female,Brahman,Batch 1013 - SVC Farming,,,,checked,68531,"February 19, 2026",
54236 - FEEDLOT,26-01-05-160764,148,Female,Brahman,Batch 1013 - SVC Farming,,,,checked,68531,"February 19, 2026",
54236 - FEEDLOT,26-01-05-171617,286,Male,Brahman,Batch 1013 - SVC Farming,,,,checked,68531,"February 19, 2026",
54236 - FEEDLOT,26-01-05-180346,282,Female,Charolais,Batch 1013 - SVC Farming,,,,checked,68531,"February 19, 2026",
54236 - FEEDLOT,26-01-05-175468,243,Male,Brangus,Batch 1013 - SVC Farming,,,,checked,68531,"February 19, 2026",
54236 - FEEDLOT,26-01-05-176186,225,Female,Hugenot,Batch 1013 - SVC Farming,,,,checked,68531,"February 19, 2026",
54236 - FEEDLOT,26-01-05-131220,194,Male,Brahman,Batch 1013 - SVC Farming,,,,checked,68531,"February 19, 2026",
54236 - FEEDLOT,26-01-05-144387,226,Male,Brahman,Batch 1013 - SVC Farming,,,,checked,68531,"February 19, 2026",
54236 - FEEDLOT,26-01-05-150559,184,Female,Brahman,Batch 1013 - SVC Farming,,,,checked,68531,"February 19, 2026",
54236 - FEEDLOT,26-01-05-160195,182,Male,Beefmaster,Batch 1013 - SVC Farming,,,,checked,68531,"February 19, 2026",
54236 - FEEDLOT,26-01-05-176986,137,Female,Brahman,Batch 1013 - SVC Farming,,,,checked,68531,"February 19, 2026",
54236 - FEEDLOT,26-01-05-119764,194,Male,Brahman,Batch 1013 - SVC Farming,,,,checked,68531,"February 19, 2026",
54236 - FEEDLOT,26-01-05-180168,177,Female,Braunvieh,Batch 1013 - SVC Farming,,,,checked,68531,"February 19, 2026",
54236 - FEEDLOT,26-01-05-152534,226,Female,Brahman,Batch 1013 - SVC Farming,,,,checked,68531,"February 19, 2026",
54236 - FEEDLOT,26-01-05-118173,223,Male,Brahman,Batch 1013 - SVC Farming,,,,checked,68531,"February 19, 2026",
54236 - FEEDLOT,26-01-05-153599,185,Male,Brahman,Batch 1013 - SVC Farming,,,,checked,68531,"February 19, 2026",
54236 - FEEDLOT,26-01-05-176404,173,Female,Braunvieh,Batch 1013 - SVC Farming,,,,checked,68531,"February 19, 2026",
54236 - FEEDLOT,26-01-05-121855,265,Female,Brahman,Batch 1013 - SVC Farming,,,,checked,68531,"February 19, 2026",
54236 - FEEDLOT,26-01-05-156171,188,Female,Brahman,Batch 1013 - SVC Farming,,,,checked,68531,"February 19, 2026",
54236 - FEEDLOT,26-01-05-182446,170,Male,Brangus,Batch 1013 - SVC Farming,,,,checked,68531,"February 19, 2026",
54236 - FEEDLOT,26-01-05-149392,177,Male,Brahman,Batch 1013 - SVC Farming,,,,checked,68531,"February 19, 2026",
54236 - FEEDLOT,26-01-05-119463,159,Male,Bonsmara,Batch 1013 - SVC Farming,,,,checked,68531,"February 19, 2026",
54236 - FEEDLOT,26-01-05-151369,224,Female,Bonsmara,Batch 1013 - SVC Farming,,,,checked,68531,"February 19, 2026",
54236 - FEEDLOT,26-01-05-144003,216,Female,Ayrshire,Batch 1013 - SVC Farming,,,,checked,68531,"February 19, 2026",
54236 - FEEDLOT,26-01-05-125106,186,Female,Simbra,Batch 1013 - SVC Farming,,,,checked,68531,"February 19, 2026",
54236 - FEEDLOT,26-01-05-173016,187,Female,Brahman,Batch 1013 - SVC Farming,,,,checked,68531,"February 19, 2026",
54236 - FEEDLOT,26-01-05-160597,198,Male,Braford,Batch 1013 - SVC Farming,,,,checked,68531,"February 19, 2026",
54236 - FEEDLOT,26-01-05-173153,182,Female,Braunvieh,Batch 1013 - SVC Farming,,,,checked,68531,"February 19, 2026",
54236 - FEEDLOT,26-01-05-172369,263,Female,Brahman,Batch 1013 - SVC Farming,,,,checked,68531,"February 19, 2026",
54236 - FEEDLOT,26-01-05-179999,226,Female,Brahman,Batch 1013 - SVC Farming,,,,checked,68531,"February 19, 2026",
54236 - FEEDLOT,26-01-05-121605,180,Male,Brahman Cross,Batch 1013 - SVC Farming,,,,checked,68531,"February 19, 2026",
54236 - FEEDLOT,26-01-05-148524,221,Male,Brangus,Batch 1013 - SVC Farming,,,,checked,68531,"February 19, 2026",
54236 - FEEDLOT,26-01-05-186400,236,Female,Brahman,Batch 1013 - SVC Farming,,,,checked,68531,"February 19, 2026",
54236 - FEEDLOT,26-01-05-174633,256,Female,Brahman,Batch 1013 - SVC Farming,,,,checked,68531,"February 19, 2026",
54236 - FEEDLOT,26-01-05-180354,191,Female,Brahman,Batch 1013 - SVC Farming,,,,checked,68531,"February 19, 2026",
54236 - FEEDLOT,26-01-05-174144,236,Female,Simmentaler,Batch 1013 - SVC Farming,,,,checked,68531,"February 19, 2026",
54236 - FEEDLOT,26-01-05-176453,246,Female,Brahman Cross,Batch 1013 - SVC Farming,,,,checked,68531,"February 19, 2026",
54236 - FEEDLOT,26-01-05-147259,195,Male,Boran,Batch 1013 - SVC Farming,,,,checked,68531,"February 19, 2026",
54236 - FEEDLOT,26-01-05-123792,216,Female,Bonsmara,Batch 1013 - SVC Farming,,,,checked,68531,"February 19, 2026",
54236 - FEEDLOT,26-01-05-121644,223,Female,Brahman,Batch 1013 - SVC Farming,,,,checked,68531,"February 19, 2026",
54236 - FEEDLOT,26-01-05-134128,202,Female,Brahman,Batch 1013 - SVC Farming,,,,checked,68531,"February 19, 2026",
54236 - FEEDLOT,26-01-05-124199,173,Female,Brahman,Batch 1013 - SVC Farming,,,,checked,68531,"February 19, 2026",
54236 - FEEDLOT,26-01-05-150588,263,Male,Brahman,Batch 1013 - SVC Farming,,,,checked,68531,"February 19, 2026",
54236 - FEEDLOT,26-01-05-172964,159,Female,Brahman,Batch 1013 - SVC Farming,,,,checked,68531,"February 19, 2026",
54236 - FEEDLOT,26-01-05-174024,225,Female,Brahman,Batch 1013 - SVC Farming,,,,checked,68531,"February 19, 2026",
54236 - FEEDLOT,26-01-05-182188,256,Male,Simbra,Batch 1013 - SVC Farming,,,,checked,68531,"February 19, 2026",
54236 - FEEDLOT,26-01-05-183173,212,Female,Bonsmara,Batch 1013 - SVC Farming,,,,checked,68531,"February 19, 2026",
54236 - FEEDLOT,26-01-05-176857,242,Male,Brahman,Batch 1013 - SVC Farming,,,,checked,68531,"February 19, 2026",
54236 - FEEDLOT,26-01-05-125062,243,Male,Brahman Cross,Batch 1013 - SVC Farming,,,,checked,68531,"February 19, 2026",
54236 - FEEDLOT,26-01-05-175737,201,Female,Brahman,Batch 1013 - SVC Farming,,,,checked,68531,"February 19, 2026",
54236 - FEEDLOT,26-01-05-175576,260,Female,Brahman,Batch 1013 - SVC Farming,,,,checked,68531,"February 19, 2026",
54236 - FEEDLOT,26-01-05-175868,212,Male,Brahman,Batch 1013 - SVC Farming,,,,checked,68531,"February 19, 2026",
54236 - FEEDLOT,26-01-05-128732,213,Female,Brahman,Batch 1013 - SVC Farming,,,,checked,68531,"February 19, 2026",
54236 - FEEDLOT,26-01-05-150494,186,Male,Bonsmara,Batch 1013 - SVC Farming,,,,checked,68531,"February 19, 2026",
54236 - FEEDLOT,26-01-05-172745,164,Male,Bonsmara,Batch 1013 - SVC Farming,,,,checked,68531,"February 19, 2026",
54236 - FEEDLOT,26-01-05-173495,249,Male,Brahman,Batch 1013 - SVC Farming,,,,checked,68531,"February 19, 2026",
54236 - FEEDLOT,26-01-05-153935,225,Male,Braford,Batch 1013 - SVC Farming,,,,checked,68531,"February 19, 2026",
54236 - FEEDLOT,26-01-05-176137,223,Male,Brahman,Batch 1013 - SVC Farming,,,,checked,68531,"February 19, 2026",
54236 - FEEDLOT,26-01-05-176384,171,Male,Brahman,Batch 1013 - SVC Farming,,,,checked,68531,"February 19, 2026",
54236 - FEEDLOT,26-01-05-143886,161,Female,Ayrshire,Batch 1013 - SVC Farming,,,,checked,68531,"February 19, 2026",
54236 - FEEDLOT,26-01-05-117098,225,Female,Brahman,Batch 1013 - SVC Farming,,,,checked,68531,"February 19, 2026",
54236 - FEEDLOT,26-01-05-125895,201,Male,Brahman,Batch 1013 - SVC Farming,,,,checked,68531,"February 19, 2026",
54236 - FEEDLOT,26-01-05-157577,212,Female,Brahman,Batch 1013 - SVC Farming,,,,checked,68531,"February 19, 2026",
54236 - FEEDLOT,26-01-05-174534,277,Male,Brahman,Batch 1013 - SVC Farming,,,,checked,68531,"February 19, 2026",
54236 - FEEDLOT,26-01-05-156178,175,Male,Brahman,Batch 1013 - SVC Farming,,,,checked,68531,"February 19, 2026",
54236 - FEEDLOT,26-01-05-175553,267,Male,Braunvieh,Batch 1013 - SVC Farming,,,,checked,68531,"February 19, 2026",
54236 - FEEDLOT,26-01-05-153367,212,Male,Brahman,Batch 1013 - SVC Farming,,,,checked,68531,"February 19, 2026",
54236 - FEEDLOT,26-01-05-182452,181,Female,Brahman,Batch 1013 - SVC Farming,,,,checked,68531,"February 19, 2026",
54236 - FEEDLOT,26-01-05-174248,213,Male,Bonsmara,Batch 1013 - SVC Farming,,,,checked,68531,"February 19, 2026",
54236 - FEEDLOT,26-01-05-177252,194,Female,Simmentaler,Batch 1013 - SVC Farming,,,,checked,68531,"February 19, 2026",
54236 - FEEDLOT,26-01-05-122424,221,Female,Brahman,Batch 1013 - SVC Farming,,,,checked,68531,"February 19, 2026",
54236 - FEEDLOT,26-01-05-158601,185,Female,Brahman,Batch 1013 - SVC Farming,,,,checked,68531,"February 19, 2026",
54236 - FEEDLOT,26-01-05-154927,142,Female,Brahman,Batch 1013 - SVC Farming,,,,checked,68531,"February 19, 2026",
54236 - FEEDLOT,26-01-05-131120,242,Female,Brahman,Batch 1013 - SVC Farming,,,,checked,68531,"February 19, 2026",
54236 - FEEDLOT,26-01-05-153687,175,Male,Brahman,Batch 1013 - SVC Farming,,,,checked,68531,"February 19, 2026",
54236 - FEEDLOT,26-01-05-149927,227,Female,Brahman,Batch 1013 - SVC Farming,,,,checked,68531,"February 19, 2026",
54236 - FEEDLOT,26-01-05-150638,255,Female,Brahman,Batch 1013 - SVC Farming,,,,checked,68531,"February 19, 2026",
54236 - FEEDLOT,26-01-05-181609,254,Male,Brahman,Batch 1013 - SVC Farming,,,,checked,68531,"February 19, 2026",
54236 - FEEDLOT,26-01-05-175945,244,Female,Bonsmara,Batch 1013 - SVC Farming,,,,checked,68531,"February 19, 2026",
54236 - FEEDLOT,26-01-05-144004,239,Male,Braford,Batch 1013 - SVC Farming,,,,checked,68531,"February 19, 2026",
54236 - FEEDLOT,26-01-05-171766,193,Male,Charolais,Batch 1013 - SVC Farming,,,,checked,68531,"February 19, 2026",
54236 - FEEDLOT,26-01-05-126076,183,Female,Brahman,Batch 1013 - SVC Farming,,,,checked,68531,"February 19, 2026",
54236 - FEEDLOT,26-01-05-123486,213,Female,Braunvieh,Batch 1013 - SVC Farming,,,,checked,68531,"February 19, 2026",
54236 - FEEDLOT,26-01-05-151821,219,Male,Brahman,Batch 1013 - SVC Farming,,,,checked,68531,"February 19, 2026",
54236 - FEEDLOT,26-01-05-173271,255,Female,Brahman,Batch 1013 - SVC Farming,,,,checked,68531,"February 19, 2026",
54236 - FEEDLOT,26-01-05-157124,195,Male,Brahman,Batch 1013 - SVC Farming,,,,checked,68531,"February 19, 2026",
54236 - FEEDLOT,26-01-05-176122,195,Male,Brahman,Batch 1013 - SVC Farming,,,,checked,68531,"February 19, 2026",
54236 - FEEDLOT,26-01-05-181072,197,Male,Brahman,Batch 1013 - SVC Farming,,,,checked,68531,"February 19, 2026",
54236 - FEEDLOT,26-01-05-172030,221,Female,Drakensberger,Batch 1013 - SVC Farming,,,,checked,68531,"February 19, 2026",
54236 - FEEDLOT,26-01-05-177811,200,Male,Bonsmara,Batch 1013 - SVC Farming,,,,checked,68531,"February 19, 2026",
54236 - FEEDLOT,26-01-05-175991,185,Male,Brahman,Batch 1013 - SVC Farming,,,,checked,68531,"February 19, 2026",
54236 - FEEDLOT,26-01-05-149972,172,Female,Brahman,Batch 1013 - SVC Farming,,,,checked,68531,"February 19, 2026",
54236 - FEEDLOT,26-01-05-171819,126,Female,Brahman,Batch 1013 - SVC Farming,,,,checked,68531,"February 19, 2026",
54236 - FEEDLOT,26-01-05-124084,265,Male,Brahman,Batch 1013 - SVC Farming,,,,checked,68531,"February 19, 2026",
54236 - FEEDLOT,26-01-05-150532,213,Female,Brahman,Batch 1013 - SVC Farming,,,,checked,68531,"February 19, 2026",
54236 - FEEDLOT,26-01-05-148889,235,Male,Bonsmara,Batch 1013 - SVC Farming,,,,checked,68531,"February 19, 2026",
54236 - FEEDLOT,26-01-05-186491,249,Male,Brahman,Batch 1013 - SVC Farming,,,,checked,68531,"February 19, 2026",
54236 - FEEDLOT,26-01-05-180406,258,Male,Bonsmara,Batch 1013 - SVC Farming,,,,checked,68531,"February 19, 2026",
54236 - FEEDLOT,26-01-05-154894,272,Female,Simmentaler,Batch 1013 - SVC Farming,,,,checked,68531,"February 19, 2026",
54236 - FEEDLOT,26-01-05-155930,170,Male,Brahman,Batch 1013 - SVC Farming,,,,checked,68531,"February 19, 2026",
54236 - FEEDLOT,26-01-05-122871,176,Female,Braunvieh,Batch 1013 - SVC Farming,,,,checked,68531,"February 19, 2026",
54236 - FEEDLOT,26-01-05-174817,219,Female,Bonsmara,Batch 1013 - SVC Farming,,,,checked,68531,"February 19, 2026",
54236 - FEEDLOT,26-01-05-160280,241,Male,Simmentaler,Batch 1013 - SVC Farming,,,,checked,68531,"February 19, 2026",
54236 - FEEDLOT,26-01-05-152055,259,Male,Brahman,Batch 1013 - SVC Farming,,,,checked,68531,"February 19, 2026",
54236 - FEEDLOT,26-01-05-115210,190,Female,Brahman Cross,Batch 1013 - SVC Farming,,,,checked,68531,"February 19, 2026",
54236 - FEEDLOT,26-01-05-147156,234,Female,Brahman,Batch 1013 - SVC Farming,,,,checked,68531,"February 19, 2026",
54236 - FEEDLOT,26-01-05-176350,155,Female,Brahman,Batch 1013 - SVC Farming,,,,checked,68531,"February 19, 2026",
54236 - FEEDLOT,26-01-05-157857,283,Female,Nguni,Batch 1013 - SVC Farming,,,,checked,68531,"February 19, 2026",
54236 - FEEDLOT,26-01-05-171892,277,Female,Charolais,Batch 1013 - SVC Farming,,,,checked,68531,"February 19, 2026",
54236 - FEEDLOT,26-01-05-121205,203,Female,Brahman,Batch 1013 - SVC Farming,,,,checked,68531,"February 19, 2026",
54236 - FEEDLOT,26-01-05-125879,215,Male,Brangus,Batch 1013 - SVC Farming,,,,checked,68531,"February 19, 2026",
54236 - FEEDLOT,26-01-05-173477,160,Female,Gelbvieh,Batch 1013 - SVC Farming,,,,checked,68531,"February 19, 2026",
54236 - FEEDLOT,26-01-05-181625,216,Male,Brahman,Batch 1013 - SVC Farming,,,,checked,68531,"February 19, 2026",
54237 - FEEDLOT,26-01-05-175822,170,Male,Brahman,Batch 1014 - SVC Farming,,,,checked,68532,"February 19, 2026",
54237 - FEEDLOT,26-01-05-126460,157,Male,Brahman,Batch 1014 - SVC Farming,,,,checked,68532,"February 19, 2026",
54237 - FEEDLOT,26-01-05-184722,187,Male,Brahman,Batch 1014 - SVC Farming,,,,checked,68532,"February 19, 2026",
54237 - FEEDLOT,26-01-05-175613,185,Male,Brahman,Batch 1014 - SVC Farming,,,,checked,68532,"February 19, 2026",
54237 - FEEDLOT,26-01-05-158117,188,Male,Brahman,Batch 1014 - SVC Farming,,,,checked,68532,"February 19, 2026",
54237 - FEEDLOT,26-01-05-148267,156,Male,Brahman,Batch 1014 - SVC Farming,,,,checked,68532,"February 19, 2026",
54237 - FEEDLOT,26-01-05-186555,179,Male,Brahman,Batch 1014 - SVC Farming,,,,checked,68532,"February 19, 2026",
54237 - FEEDLOT,26-01-05-152546,172,Male,Brahman,Batch 1014 - SVC Farming,,,,checked,68532,"February 19, 2026",
54237 - FEEDLOT,26-01-05-176053,195,Male,Brahman,Batch 1014 - SVC Farming,,,,checked,68532,"February 19, 2026",
54237 - FEEDLOT,26-01-05-122745,184,Male,Brahman,Batch 1014 - SVC Farming,,,,checked,68532,"February 19, 2026",
54237 - FEEDLOT,26-01-05-182268,176,Male,Brahman,Batch 1014 - SVC Farming,,,,checked,68532,"February 19, 2026",
54237 - FEEDLOT,26-01-05-158485,189,Male,Brahman,Batch 1014 - SVC Farming,,,,checked,68532,"February 19, 2026",
54237 - FEEDLOT,26-01-05-116983,169,Male,Brahman,Batch 1014 - SVC Farming,,,,checked,68532,"February 19, 2026",
54237 - FEEDLOT,26-01-05-145356,165,Male,Brahman,Batch 1014 - SVC Farming,,,,checked,68532,"February 19, 2026",
54237 - FEEDLOT,26-01-05-119935,175,Male,Brahman,Batch 1014 - SVC Farming,,,,checked,68532,"February 19, 2026",
54237 - FEEDLOT,26-01-05-151886,193,Male,Brahman,Batch 1014 - SVC Farming,,,,checked,68532,"February 19, 2026",
54237 - FEEDLOT,26-01-05-184375,206,Male,Brahman,Batch 1014 - SVC Farming,,,,checked,68532,"February 19, 2026",
54237 - FEEDLOT,26-01-05-148969,173,Male,Brahman,Batch 1014 - SVC Farming,,,,checked,68532,"February 19, 2026",
54237 - FEEDLOT,26-01-05-174520,181,Male,Brahman,Batch 1014 - SVC Farming,,,,checked,68532,"February 19, 2026",
54237 - FEEDLOT,26-01-05-115700,182,Male,Brahman,Batch 1014 - SVC Farming,,,,checked,68532,"February 19, 2026",
54237 - FEEDLOT,26-01-05-174250,196,Male,Brahman,Batch 1014 - SVC Farming,,,,checked,68532,"February 19, 2026",
54237 - FEEDLOT,26-01-05-173906,159,Male,Brahman,Batch 1014 - SVC Farming,,,,checked,68532,"February 19, 2026",
54237 - FEEDLOT,26-01-05-152382,161,Male,Bonsmara,Batch 1014 - SVC Farming,,,,checked,68532,"February 19, 2026",
54237 - FEEDLOT,26-01-05-154795,177,Male,Brahman,Batch 1014 - SVC Farming,,,,checked,68532,"February 19, 2026",
54237 - FEEDLOT,26-01-05-127262,176,Male,Brahman,Batch 1014 - SVC Farming,,,,checked,68532,"February 19, 2026",
54237 - FEEDLOT,26-01-05-179444,171,Male,Brahman,Batch 1014 - SVC Farming,,,,checked,68532,"February 19, 2026",
54237 - FEEDLOT,26-01-05-172319,195,Male,Brahman,Batch 1014 - SVC Farming,,,,checked,68532,"February 19, 2026",
54237 - FEEDLOT,26-01-05-151292,163,Male,Brahman,Batch 1014 - SVC Farming,,,,checked,68532,"February 19, 2026",
54237 - FEEDLOT,26-01-05-177840,186,Male,Brahman,Batch 1014 - SVC Farming,,,,checked,68532,"February 19, 2026",
54237 - FEEDLOT,26-01-05-172553,177,Male,Brahman,Batch 1014 - SVC Farming,,,,checked,68532,"February 19, 2026",
54237 - FEEDLOT,26-01-05-149778,180,Male,Brahman,Batch 1014 - SVC Farming,,,,checked,68532,"February 19, 2026",
54237 - FEEDLOT,26-01-05-121150,176,Male,Brahman,Batch 1014 - SVC Farming,,,,checked,68532,"February 19, 2026",
54237 - FEEDLOT,26-01-05-143646,170,Male,Brahman,Batch 1014 - SVC Farming,,,,checked,68532,"February 19, 2026",
54237 - FEEDLOT,26-01-05-145068,180,Male,Brangus,Batch 1014 - SVC Farming,,,,checked,68532,"February 19, 2026",
54237 - FEEDLOT,26-01-05-152846,152,Male,Brahman,Batch 1014 - SVC Farming,,,,checked,68532,"February 19, 2026",
54237 - FEEDLOT,26-01-05-115550,187,Male,Brahman,Batch 1014 - SVC Farming,,,,checked,68532,"February 19, 2026",
54237 - FEEDLOT,26-01-05-149862,150,Male,Brahman,Batch 1014 - SVC Farming,,,,checked,68532,"February 19, 2026",
54237 - FEEDLOT,26-01-05-128310,170,Male,Brahman,Batch 1014 - SVC Farming,,,,checked,68532,"February 19, 2026",
54237 - FEEDLOT,26-01-05-158044,179,Male,Brahman,Batch 1014 - SVC Farming,,,,checked,68532,"February 19, 2026",
54237 - FEEDLOT,26-01-05-146820,160,Male,Brahman,Batch 1014 - SVC Farming,,,,checked,68532,"February 19, 2026",
54237 - FEEDLOT,26-01-05-185191,167,Male,Brahman,Batch 1014 - SVC Farming,,,,checked,68532,"February 19, 2026",
54237 - FEEDLOT,26-01-05-143915,198,Male,Brahman,Batch 1014 - SVC Farming,,,,checked,68532,"February 19, 2026",
54237 - FEEDLOT,26-01-05-125767,193,Male,Brahman,Batch 1014 - SVC Farming,,,,checked,68532,"February 19, 2026",
54237 - FEEDLOT,26-01-05-176073,182,Male,Brahman,Batch 1014 - SVC Farming,,,,checked,68532,"February 19, 2026",
54237 - FEEDLOT,26-01-05-178480,189,Male,Brahman Cross,Batch 1014 - SVC Farming,,,,checked,68532,"February 19, 2026",
54237 - FEEDLOT,26-01-05-179982,156,Male,Brahman,Batch 1014 - SVC Farming,,,,checked,68532,"February 19, 2026",
54237 - FEEDLOT,26-01-05-147990,178,Male,Brahman,Batch 1014 - SVC Farming,,,,checked,68532,"February 19, 2026",
54237 - FEEDLOT,26-01-05-138225,189,Male,Brahman,Batch 1014 - SVC Farming,,,,checked,68532,"February 19, 2026",
54237 - FEEDLOT,26-01-05-175974,184,Male,Brahman,Batch 1014 - SVC Farming,,,,checked,68532,"February 19, 2026",
54237 - FEEDLOT,26-01-05-122464,190,Male,Brahman,Batch 1014 - SVC Farming,,,,checked,68532,"February 19, 2026",
54237 - FEEDLOT,26-01-05-175490,191,Male,Brahman,Batch 1014 - SVC Farming,,,,checked,68532,"February 19, 2026",
54237 - FEEDLOT,26-01-05-173540,168,Male,Brahman,Batch 1014 - SVC Farming,,,,checked,68532,"February 19, 2026",
54237 - FEEDLOT,26-01-05-124744,165,Male,Brahman,Batch 1014 - SVC Farming,,,,checked,68532,"February 19, 2026",
54237 - FEEDLOT,26-01-05-176074,195,Male,Brahman,Batch 1014 - SVC Farming,,,,checked,68532,"February 19, 2026",
54237 - FEEDLOT,26-01-05-180970,181,Male,Brahman,Batch 1014 - SVC Farming,,,,checked,68532,"February 19, 2026",
54237 - FEEDLOT,26-01-05-125086,185,Male,Brahman,Batch 1014 - SVC Farming,,,,checked,68532,"February 19, 2026",
54237 - FEEDLOT,26-01-05-120406,191,Male,Brahman,Batch 1014 - SVC Farming,,,,checked,68532,"February 19, 2026",
54237 - FEEDLOT,26-01-05-125560,161,Male,Brahman,Batch 1014 - SVC Farming,,,,checked,68532,"February 19, 2026",
54237 - FEEDLOT,26-01-05-119132,171,Male,Brahman,Batch 1014 - SVC Farming,,,,checked,68532,"February 19, 2026",
54237 - FEEDLOT,26-01-05-158047,181,Male,Brahman,Batch 1014 - SVC Farming,,,,checked,68532,"February 19, 2026",
54237 - FEEDLOT,26-01-05-172449,194,Male,Brahman,Batch 1014 - SVC Farming,,,,checked,68532,"February 19, 2026",
54237 - FEEDLOT,26-01-05-179329,168,Male,Brahman,Batch 1014 - SVC Farming,,,,checked,68532,"February 19, 2026",
54237 - FEEDLOT,26-01-05-175558,168,Male,Brahman,Batch 1014 - SVC Farming,,,,checked,68532,"February 19, 2026",
54237 - FEEDLOT,26-01-05-157824,183,Male,Brahman,Batch 1014 - SVC Farming,,,,checked,68532,"February 19, 2026",
54237 - FEEDLOT,26-01-05-125993,197,Male,Brahman,Batch 1014 - SVC Farming,,,,checked,68532,"February 19, 2026",
54237 - FEEDLOT,26-01-05-175557,187,Male,Brahman,Batch 1014 - SVC Farming,,,,checked,68532,"February 19, 2026",
54237 - FEEDLOT,26-01-05-139344,176,Male,Brahman,Batch 1014 - SVC Farming,,,,checked,68532,"February 19, 2026",
54237 - FEEDLOT,26-01-05-176316,190,Male,Brahman,Batch 1014 - SVC Farming,,,,checked,68532,"February 19, 2026",
54237 - FEEDLOT,26-01-05-175019,182,Male,Brahman,Batch 1014 - SVC Farming,,,,checked,68532,"February 19, 2026",
54237 - FEEDLOT,26-01-05-145014,165,Male,Ayrshire,Batch 1014 - SVC Farming,,,,checked,68532,"February 19, 2026",
54237 - FEEDLOT,26-01-05-158430,204,Male,Brahman,Batch 1014 - SVC Farming,,,,checked,68532,"February 19, 2026",
54237 - FEEDLOT,26-01-05-121420,174,Male,Brahman,Batch 1014 - SVC Farming,,,,checked,68532,"February 19, 2026",
54237 - FEEDLOT,26-01-05-157429,182,Male,Braunvieh,Batch 1014 - SVC Farming,,,,checked,68532,"February 19, 2026",
54237 - FEEDLOT,26-01-05-184610,156,Male,Braford,Batch 1014 - SVC Farming,,,,checked,68532,"February 19, 2026",
54237 - FEEDLOT,26-01-05-157230,203,Male,Brahman,Batch 1014 - SVC Farming,,,,checked,68532,"February 19, 2026",
54237 - FEEDLOT,26-01-05-171979,186,Male,Brahman,Batch 1014 - SVC Farming,,,,checked,68532,"February 19, 2026",
54237 - FEEDLOT,26-01-05-118310,203,Male,Brahman,Batch 1014 - SVC Farming,,,,checked,68532,"February 19, 2026",
54237 - FEEDLOT,26-01-05-173232,170,Male,Brahman,Batch 1014 - SVC Farming,,,,checked,68532,"February 19, 2026",
54237 - FEEDLOT,26-01-05-175771,183,Male,Brahman,Batch 1014 - SVC Farming,,,,checked,68532,"February 19, 2026",
54237 - FEEDLOT,26-01-05-154805,148,Male,Brahman,Batch 1014 - SVC Farming,,,,checked,68532,"February 19, 2026",
54237 - FEEDLOT,26-01-05-177918,161,Male,Brahman,Batch 1014 - SVC Farming,,,,checked,68532,"February 19, 2026",
54237 - FEEDLOT,26-01-05-156133,184,Male,Brahman,Batch 1014 - SVC Farming,,,,checked,68532,"February 19, 2026",
54237 - FEEDLOT,26-01-05-121424,194,Male,Brahman,Batch 1014 - SVC Farming,,,,checked,68532,"February 19, 2026",
54237 - FEEDLOT,26-01-05-123523,179,Male,Brahman,Batch 1014 - SVC Farming,,,,checked,68532,"February 19, 2026",
54237 - FEEDLOT,26-01-05-146867,185,Male,Brahman,Batch 1014 - SVC Farming,,,,checked,68532,"February 19, 2026",
54237 - FEEDLOT,26-01-05-180377,184,Male,Brahman,Batch 1014 - SVC Farming,,,,checked,68532,"February 19, 2026",
54237 - FEEDLOT,26-01-05-152564,162,Male,Brahman,Batch 1014 - SVC Farming,,,,checked,68532,"February 19, 2026",
54237 - FEEDLOT,26-01-05-120009,184,Male,Brahman,Batch 1014 - SVC Farming,,,,checked,68532,"February 19, 2026",
54237 - FEEDLOT,26-01-05-154333,184,Male,Brahman,Batch 1014 - SVC Farming,,,,checked,68532,"February 19, 2026",
54237 - FEEDLOT,26-01-05-149500,166,Male,Brahman,Batch 1014 - SVC Farming,,,,checked,68532,"February 19, 2026",
54237 - FEEDLOT,26-01-05-142901,163,Male,Brahman,Batch 1014 - SVC Farming,,,,checked,68532,"February 19, 2026",
54237 - FEEDLOT,26-01-05-180588,167,Male,Brahman,Batch 1014 - SVC Farming,,,,checked,68532,"February 19, 2026",
54237 - FEEDLOT,26-01-05-160033,159,Male,Brahman,Batch 1014 - SVC Farming,,,,checked,68532,"February 19, 2026",
54237 - FEEDLOT,26-01-05-121885,167,Male,Brahman,Batch 1014 - SVC Farming,,,,checked,68532,"February 19, 2026",
54237 - FEEDLOT,26-01-05-176011,181,Male,Brahman,Batch 1014 - SVC Farming,,,,checked,68532,"February 19, 2026",
54237 - FEEDLOT,26-01-05-153877,178,Male,Brahman,Batch 1014 - SVC Farming,,,,checked,68532,"February 19, 2026",
54237 - FEEDLOT,26-01-05-181030,167,Male,Brahman,Batch 1014 - SVC Farming,,,,checked,68532,"February 19, 2026",
54237 - FEEDLOT,26-01-05-123647,165,Male,Brahman,Batch 1014 - SVC Farming,,,,checked,68532,"February 19, 2026",
54237 - FEEDLOT,26-01-05-175740,183,Male,Brahman,Batch 1014 - SVC Farming,,,,checked,68532,"February 19, 2026",
54237 - FEEDLOT,26-01-05-180611,179,Male,Brahman,Batch 1014 - SVC Farming,,,,checked,68532,"February 19, 2026",
54237 - FEEDLOT,26-01-05-130937,170,Male,Simbra,Batch 1014 - SVC Farming,,,,checked,68532,"February 19, 2026",
54237 - FEEDLOT,26-01-05-157185,186,Male,Brahman,Batch 1014 - SVC Farming,,,,checked,68532,"February 19, 2026",
54237 - FEEDLOT,26-01-05-123441,189,Male,Brahman,Batch 1014 - SVC Farming,,,,checked,68532,"February 19, 2026",
54237 - FEEDLOT,26-01-05-172628,198,Male,Brahman,Batch 1014 - SVC Farming,,,,checked,68532,"February 19, 2026",
54237 - FEEDLOT,26-01-05-152343,170,Male,Brahman,Batch 1014 - SVC Farming,,,,checked,68532,"February 19, 2026",
54237 - FEEDLOT,26-01-05-183897,169,Male,Brahman,Batch 1014 - SVC Farming,,,,checked,68532,"February 19, 2026",
54237 - FEEDLOT,26-01-05-173403,165,Male,Brahman Cross,Batch 1014 - SVC Farming,,,,checked,68532,"February 19, 2026",
54237 - FEEDLOT,26-01-05-160060,213,Male,Brahman,Batch 1014 - SVC Farming,,,,checked,68532,"February 19, 2026",
54237 - FEEDLOT,26-01-05-171848,192,Male,Brahman,Batch 1014 - SVC Farming,,,,checked,68532,"February 19, 2026",
54237 - FEEDLOT,26-01-05-182359,190,Male,Simmentaler,Batch 1014 - SVC Farming,,,,checked,68532,"February 19, 2026",
54237 - FEEDLOT,26-01-05-183310,178,Male,Brahman,Batch 1014 - SVC Farming,,,,checked,68532,"February 19, 2026",
54237 - FEEDLOT,26-01-05-178623,188,Male,Brahman,Batch 1014 - SVC Farming,,,,checked,68532,"February 19, 2026",
54237 - FEEDLOT,26-01-05-176864,173,Male,Brahman,Batch 1014 - SVC Farming,,,,checked,68532,"February 19, 2026",
54237 - FEEDLOT,26-01-05-153208,201,Male,Brahman,Batch 1014 - SVC Farming,,,,checked,68532,"February 19, 2026",
54237 - FEEDLOT,26-01-05-145203,174,Male,Brahman,Batch 1014 - SVC Farming,,,,checked,68532,"February 19, 2026",
54237 - FEEDLOT,26-01-05-173997,165,Male,Brahman,Batch 1014 - SVC Farming,,,,checked,68532,"February 19, 2026",
54237 - FEEDLOT,26-01-05-179320,186,Male,Brahman,Batch 1014 - SVC Farming,,,,checked,68532,"February 19, 2026",
54237 - FEEDLOT,26-01-05-178450,173,Male,Brahman,Batch 1014 - SVC Farming,,,,checked,68532,"February 19, 2026",
54237 - FEEDLOT,26-01-05-180414,192,Male,Braunvieh,Batch 1014 - SVC Farming,,,,checked,68532,"February 19, 2026",
54237 - FEEDLOT,26-01-05-126812,180,Male,Bovelder,Batch 1014 - SVC Farming,,,,checked,68532,"February 19, 2026",
54237 - FEEDLOT,26-01-05-146241,174,Male,Brahman,Batch 1014 - SVC Farming,,,,checked,68532,"February 19, 2026",
54237 - FEEDLOT,26-01-05-124749,163,Male,Brahman,Batch 1014 - SVC Farming,,,,checked,68532,"February 19, 2026",
54237 - FEEDLOT,26-01-05-187044,165,Male,Brahman,Batch 1014 - SVC Farming,,,,checked,68532,"February 19, 2026",
54237 - FEEDLOT,26-01-05-171271,178,Male,Brahman,Batch 1014 - SVC Farming,,,,checked,68532,"February 19, 2026",
54241 - FEEDLOT,26-02-06-186341,202,Male,Brahman,Batch 1015 - SVC Farming,,,,checked,68533,"February 19, 2026",
54241 - FEEDLOT,26-02-06-187885,244,Male,Brahman,Batch 1015 - SVC Farming,,,,checked,68533,"February 19, 2026",
54241 - FEEDLOT,26-02-06-172731,132,Male,Brahman,Batch 1015 - SVC Farming,,,,checked,68533,"February 19, 2026",
54241 - FEEDLOT,26-02-06-180074,178,Male,Brahman,Batch 1015 - SVC Farming,,,,checked,68533,"February 19, 2026",
54241 - FEEDLOT,26-02-06-135536,278,Male,Brahman,Batch 1015 - SVC Farming,,,,checked,68533,"February 19, 2026",
54241 - FEEDLOT,26-02-06-160609,162,Male,Brahman,Batch 1015 - SVC Farming,,,,checked,68533,"February 19, 2026",
54241 - FEEDLOT,26-02-06-178717,153,Male,Brahman,Batch 1015 - SVC Farming,,,,checked,68533,"February 19, 2026",
54241 - FEEDLOT,26-02-06-171620,159,Male,Brahman,Batch 1015 - SVC Farming,,,,checked,68533,"February 19, 2026",
54241 - FEEDLOT,26-02-06-152711,182,Male,Brahman,Batch 1015 - SVC Farming,,,,checked,68533,"February 19, 2026",
54241 - FEEDLOT,26-02-06-183532,154,Male,Brahman,Batch 1015 - SVC Farming,,,,checked,68533,"February 19, 2026",
54241 - FEEDLOT,26-02-06-173306,153,Male,Brahman,Batch 1015 - SVC Farming,,,,checked,68533,"February 19, 2026",
54241 - FEEDLOT,26-02-06-179888,134,Male,Brahman,Batch 1015 - SVC Farming,,,,checked,68533,"February 19, 2026",
54241 - FEEDLOT,26-02-06-182413,176,Male,Simmentaler,Batch 1015 - SVC Farming,,,,checked,68533,"February 19, 2026",
54241 - FEEDLOT,26-02-06-158520,151,Male,Brahman,Batch 1015 - SVC Farming,,,,checked,68533,"February 19, 2026",
54241 - FEEDLOT,26-02-06-171092,176,Male,Brahman,Batch 1015 - SVC Farming,,,,checked,68533,"February 19, 2026",
54241 - FEEDLOT,26-02-06-187588,185,Male,Brahman,Batch 1015 - SVC Farming,,,,checked,68533,"February 19, 2026",
54241 - FEEDLOT,26-02-06-187589,162,Male,Brahman,Batch 1015 - SVC Farming,,,,checked,68533,"February 19, 2026",
54241 - FEEDLOT,26-02-06-126565,263,Male,Brahman,Batch 1015 - SVC Farming,,,,checked,68533,"February 19, 2026",
54241 - FEEDLOT,26-02-06-180328,240,Male,Brahman,Batch 1015 - SVC Farming,,,,checked,68533,"February 19, 2026",
54241 - FEEDLOT,26-02-06-180960,160,Male,Brahman,Batch 1015 - SVC Farming,,,,checked,68533,"February 19, 2026",
54241 - FEEDLOT,26-02-06-172194,182,Male,Brahman,Batch 1015 - SVC Farming,,,,checked,68533,"February 19, 2026",
54241 - FEEDLOT,26-02-06-184220,188,Male,Brahman,Batch 1015 - SVC Farming,,,,checked,68533,"February 19, 2026",
54241 - FEEDLOT,26-02-06-179867,186,Male,Brahman,Batch 1015 - SVC Farming,,,,checked,68533,"February 19, 2026",
54241 - FEEDLOT,26-02-06-171146,168,Male,Brahman,Batch 1015 - SVC Farming,,,,checked,68533,"February 19, 2026",
54241 - FEEDLOT,26-02-06-178705,131,Male,Brahman,Batch 1015 - SVC Farming,,,,checked,68533,"February 19, 2026",
54241 - FEEDLOT,26-02-06-151260,149,Male,Brahman,Batch 1015 - SVC Farming,,,,checked,68533,"February 19, 2026",
54241 - FEEDLOT,26-02-06-123591,186,Male,Brahman,Batch 1015 - SVC Farming,,,,checked,68533,"February 19, 2026",
54241 - FEEDLOT,26-02-06-187881,149,Male,Brahman,Batch 1015 - SVC Farming,,,,checked,68533,"February 19, 2026",
54241 - FEEDLOT,26-02-06-187838,132,Male,Brahman Cross,Batch 1015 - SVC Farming,,,,checked,68533,"February 19, 2026",
54241 - FEEDLOT,26-02-06-156852,158,Male,Brahman,Batch 1015 - SVC Farming,,,,checked,68533,"February 19, 2026",
54241 - FEEDLOT,26-02-06-185037,229,Male,Brahman,Batch 1015 - SVC Farming,,,,checked,68533,"February 19, 2026",
54241 - FEEDLOT,26-02-06-180349,147,Male,Brahman,Batch 1015 - SVC Farming,,,,checked,68533,"February 19, 2026",
54241 - FEEDLOT,26-02-06-152529,196,Male,Brahman,Batch 1015 - SVC Farming,,,,checked,68533,"February 19, 2026",
54241 - FEEDLOT,26-02-06-184231,264,Male,Brahman,Batch 1015 - SVC Farming,,,,checked,68533,"February 19, 2026",
54241 - FEEDLOT,26-02-06-178929,149,Male,Brahman,Batch 1015 - SVC Farming,,,,checked,68533,"February 19, 2026",
54241 - FEEDLOT,26-02-06-183037,162,Male,Brahman,Batch 1015 - SVC Farming,,,,checked,68533,"February 19, 2026",
54241 - FEEDLOT,26-02-06-180043,148,Male,Brahman,Batch 1015 - SVC Farming,,,,checked,68533,"February 19, 2026",
54241 - FEEDLOT,26-02-06-182128,161,Male,Brahman,Batch 1015 - SVC Farming,,,,checked,68533,"February 19, 2026",
54241 - FEEDLOT,26-02-06-178662,254,Male,Brahman,Batch 1015 - SVC Farming,,,,checked,68533,"February 19, 2026",
54241 - FEEDLOT,26-02-06-183869,228,Male,Simmentaler,Batch 1015 - SVC Farming,,,,checked,68533,"February 19, 2026",
54241 - FEEDLOT,26-02-06-171550,218,Male,Brangus,Batch 1015 - SVC Farming,,,,checked,68533,"February 19, 2026",
54241 - FEEDLOT,26-02-06-125893,138,Male,Brahman,Batch 1015 - SVC Farming,,,,checked,68533,"February 19, 2026",
54241 - FEEDLOT,26-02-06-144556,177,Male,Brahman,Batch 1015 - SVC Farming,,,,checked,68533,"February 19, 2026",
54241 - FEEDLOT,26-02-06-182430,281,Male,Brangus,Batch 1015 - SVC Farming,,,,checked,68533,"February 19, 2026",
54241 - FEEDLOT,26-02-06-157736,138,Male,Brahman,Batch 1015 - SVC Farming,,,,checked,68533,"February 19, 2026",
54241 - FEEDLOT,26-02-06-186308,146,Male,Simbra,Batch 1015 - SVC Farming,,,,checked,68533,"February 19, 2026",
54241 - FEEDLOT,26-02-06-184303,143,Male,Brahman,Batch 1015 - SVC Farming,,,,checked,68533,"February 19, 2026",
54241 - FEEDLOT,26-02-06-186755,216,Male,Brangus,Batch 1015 - SVC Farming,,,,checked,68533,"February 19, 2026",
54241 - FEEDLOT,26-02-06-186335,223,Male,Brahman,Batch 1015 - SVC Farming,,,,checked,68533,"February 19, 2026",
54241 - FEEDLOT,26-02-06-175536,308,Male,Brahman,Batch 1015 - SVC Farming,,,,checked,68533,"February 19, 2026",
54241 - FEEDLOT,26-02-06-174634,120,Male,Brahman,Batch 1015 - SVC Farming,,,,checked,68533,"February 19, 2026",
54241 - FEEDLOT,26-02-06-172329,255,Male,Brahman,Batch 1015 - SVC Farming,,,,checked,68533,"February 19, 2026",
54241 - FEEDLOT,26-02-06-178272,173,Male,Brahman,Batch 1015 - SVC Farming,,,,checked,68533,"February 19, 2026",
54241 - FEEDLOT,26-02-06-146976,184,Male,Brahman,Batch 1015 - SVC Farming,,,,checked,68533,"February 19, 2026",
54241 - FEEDLOT,26-02-06-183685,165,Male,Brahman,Batch 1015 - SVC Farming,,,,checked,68533,"February 19, 2026",
54241 - FEEDLOT,26-02-06-152552,174,Male,Brangus,Batch 1015 - SVC Farming,,,,checked,68533,"February 19, 2026",
54241 - FEEDLOT,26-02-06-187603,156,Male,Brahman,Batch 1015 - SVC Farming,,,,checked,68533,"February 19, 2026",
54241 - FEEDLOT,26-02-06-178041,283,Male,Brahman,Batch 1015 - SVC Farming,,,,checked,68533,"February 19, 2026",
54241 - FEEDLOT,26-02-06-182287,139,Male,Brahman,Batch 1015 - SVC Farming,,,,checked,68533,"February 19, 2026",
54241 - FEEDLOT,26-02-06-187951,236,Male,Brahman,Batch 1015 - SVC Farming,,,,checked,68533,"February 19, 2026",
54241 - FEEDLOT,26-02-06-183440,153,Male,Brahman,Batch 1015 - SVC Farming,,,,checked,68533,"February 19, 2026",
54241 - FEEDLOT,26-02-06-170919,207,Male,Brahman,Batch 1015 - SVC Farming,,,,checked,68533,"February 19, 2026",
54241 - FEEDLOT,26-02-06-149824,149,Male,Brahman,Batch 1015 - SVC Farming,,,,checked,68533,"February 19, 2026",
54241 - FEEDLOT,26-02-06-178606,173,Male,Brahman,Batch 1015 - SVC Farming,,,,checked,68533,"February 19, 2026",
54241 - FEEDLOT,26-02-06-187895,158,Male,Brahman,Batch 1015 - SVC Farming,,,,checked,68533,"February 19, 2026",
54241 - FEEDLOT,26-02-06-186820,173,Male,Brahman,Batch 1015 - SVC Farming,,,,checked,68533,"February 19, 2026",
54241 - FEEDLOT,26-02-06-171144,180,Male,Brahman,Batch 1015 - SVC Farming,,,,checked,68533,"February 19, 2026",
54241 - FEEDLOT,26-02-06-180053,190,Male,Brahman,Batch 1015 - SVC Farming,,,,checked,68533,"February 19, 2026",
54241 - FEEDLOT,26-02-06-175710,192,Male,Brahman,Batch 1015 - SVC Farming,,,,checked,68533,"February 19, 2026",
54241 - FEEDLOT,26-02-06-182162,165,Male,Brahman,Batch 1015 - SVC Farming,,,,checked,68533,"February 19, 2026",
54241 - FEEDLOT,26-02-06-171372,193,Male,Brahman,Batch 1015 - SVC Farming,,,,checked,68533,"February 19, 2026",
54241 - FEEDLOT,26-02-06-187746,207,Male,Brahman,Batch 1015 - SVC Farming,,,,checked,68533,"February 19, 2026",
54241 - FEEDLOT,26-02-06-172878,172,Male,Brahman Cross,Batch 1015 - SVC Farming,,,,checked,68533,"February 19, 2026",
54241 - FEEDLOT,26-02-06-174069,151,Male,Brahman,Batch 1015 - SVC Farming,,,,checked,68533,"February 19, 2026",
54241 - FEEDLOT,26-02-06-172334,153,Male,Brahman,Batch 1015 - SVC Farming,,,,checked,68533,"February 19, 2026",
54241 - FEEDLOT,26-02-06-150057,150,Male,Brahman,Batch 1015 - SVC Farming,,,,checked,68533,"February 19, 2026",
54241 - FEEDLOT,26-02-06-171393,221,Male,Brahman,Batch 1015 - SVC Farming,,,,checked,68533,"February 19, 2026",
54241 - FEEDLOT,26-02-06-183390,131,Male,Brahman,Batch 1015 - SVC Farming,,,,checked,68533,"February 19, 2026",
54241 - FEEDLOT,26-02-06-187830,157,Male,Shorthorn,Batch 1015 - SVC Farming,,,,checked,68533,"February 19, 2026",
54241 - FEEDLOT,26-02-06-178578,227,Male,Brahman,Batch 1015 - SVC Farming,,,,checked,68533,"February 19, 2026",
54241 - FEEDLOT,26-02-06-170845,286,Male,Brahman,Batch 1015 - SVC Farming,,,,checked,68533,"February 19, 2026",
54241 - FEEDLOT,26-02-06-171706,261,Male,Brahman,Batch 1015 - SVC Farming,,,,checked,68533,"February 19, 2026",
54241 - FEEDLOT,26-02-06-182526,172,Male,Brahman,Batch 1015 - SVC Farming,,,,checked,68533,"February 19, 2026",
54241 - FEEDLOT,26-02-06-182163,273,Male,Brahman,Batch 1015 - SVC Farming,,,,checked,68533,"February 19, 2026",
54241 - FEEDLOT,26-02-06-179626,327,Male,Brahman,Batch 1015 - SVC Farming,,,,checked,68533,"February 19, 2026",
54241 - FEEDLOT,26-02-06-184687,262,Male,Brahman Cross,Batch 1015 - SVC Farming,,,,checked,68533,"February 19, 2026",
54241 - FEEDLOT,26-02-06-171510,136,Male,Brahman,Batch 1015 - SVC Farming,,,,checked,68533,"February 19, 2026",
54241 - FEEDLOT,26-02-06-186397,244,Male,Brahman,Batch 1015 - SVC Farming,,,,checked,68533,"February 19, 2026",
54241 - FEEDLOT,26-02-06-141125,260,Male,Brahman,Batch 1015 - SVC Farming,,,,checked,68533,"February 19, 2026",
54241 - FEEDLOT,26-02-06-125292,195,Male,Brahman,Batch 1015 - SVC Farming,,,,checked,68533,"February 19, 2026",
54241 - FEEDLOT,26-02-06-187720,187,Male,Brahman,Batch 1015 - SVC Farming,,,,checked,68533,"February 19, 2026",
54241 - FEEDLOT,26-02-06-131337,140,Male,Simmentaler,Batch 1015 - SVC Farming,,,,checked,68533,"February 19, 2026",
54241 - FEEDLOT,26-02-06-149852,183,Male,Brahman,Batch 1015 - SVC Farming,,,,checked,68533,"February 19, 2026",
54241 - FEEDLOT,26-02-06-184332,234,Male,Brahman,Batch 1015 - SVC Farming,,,,checked,68533,"February 19, 2026",
54241 - FEEDLOT,26-02-06-186560,210,Male,Brahman,Batch 1015 - SVC Farming,,,,checked,68533,"February 19, 2026",
54241 - FEEDLOT,26-02-06-121697,169,Male,Brahman,Batch 1015 - SVC Farming,,,,checked,68533,"February 19, 2026",
54241 - FEEDLOT,26-02-06-186589,163,Male,Brahman,Batch 1015 - SVC Farming,,,,checked,68533,"February 19, 2026",
54241 - FEEDLOT,26-02-06-189362,180,Male,Brahman,Batch 1015 - SVC Farming,,,,checked,68533,"February 19, 2026",
54241 - FEEDLOT,26-02-06-183743,150,Male,Brahman,Batch 1015 - SVC Farming,,,,checked,68533,"February 19, 2026",
54241 - FEEDLOT,26-02-06-186254,174,Male,Brahman,Batch 1015 - SVC Farming,,,,checked,68533,"February 19, 2026",
54241 - FEEDLOT,26-02-06-173116,162,Male,Brahman,Batch 1015 - SVC Farming,,,,checked,68533,"February 19, 2026",
54241 - FEEDLOT,26-02-06-182354,153,Male,Brahman,Batch 1015 - SVC Farming,,,,checked,68533,"February 19, 2026",
54241 - FEEDLOT,26-02-06-182192,191,Male,Brahman,Batch 1015 - SVC Farming,,,,checked,68533,"February 19, 2026",
54241 - FEEDLOT,26-02-06-185006,202,Male,Brahman,Batch 1015 - SVC Farming,,,,checked,68533,"February 19, 2026",
54241 - FEEDLOT,26-02-06-186581,154,Male,Brahman,Batch 1015 - SVC Farming,,,,checked,68533,"February 19, 2026",
54241 - FEEDLOT,26-02-06-178688,158,Male,Brahman,Batch 1015 - SVC Farming,,,,checked,68533,"February 19, 2026",
54241 - FEEDLOT,26-02-06-123226,137,Male,Brahman,Batch 1015 - SVC Farming,,,,checked,68533,"February 19, 2026",
54241 - FEEDLOT,26-02-06-171341,181,Male,Brahman,Batch 1015 - SVC Farming,,,,checked,68533,"February 19, 2026",
54241 - FEEDLOT,26-02-06-171485,158,Male,Brahman,Batch 1015 - SVC Farming,,,,checked,68533,"February 19, 2026",
54241 - FEEDLOT,26-02-06-170867,152,Male,Brahman,Batch 1015 - SVC Farming,,,,checked,68533,"February 19, 2026",
54241 - FEEDLOT,26-02-06-178886,163,Male,Brahman,Batch 1015 - SVC Farming,,,,checked,68533,"February 19, 2026",
54241 - FEEDLOT,26-02-06-180202,117,Male,Brahman,Batch 1015 - SVC Farming,,,,checked,68533,"February 19, 2026",
54241 - FEEDLOT,26-02-06-117107,201,Male,Brahman,Batch 1015 - SVC Farming,,,,checked,68533,"February 19, 2026",
54241 - FEEDLOT,26-02-06-180007,294,Male,Brahman,Batch 1015 - SVC Farming,,,,checked,68533,"February 19, 2026",
54241 - FEEDLOT,26-02-06-182158,182,Female,Brahman,Batch 1015 - SVC Farming,,,,checked,68533,"February 19, 2026",
54241 - FEEDLOT,26-02-06-174348,159,Male,Brahman,Batch 1015 - SVC Farming,,,,checked,68533,"February 19, 2026",
54241 - FEEDLOT,26-02-06-160157,195,Male,Brahman,Batch 1015 - SVC Farming,,,,checked,68533,"February 19, 2026",
54241 - FEEDLOT,26-02-06-183110,161,Male,Brahman,Batch 1015 - SVC Farming,,,,checked,68533,"February 19, 2026",
54241 - FEEDLOT,26-02-06-182129,217,Male,Braunvieh,Batch 1015 - SVC Farming,,,,checked,68533,"February 19, 2026",
54241 - FEEDLOT,26-02-06-128163,159,Male,Simmentaler,Batch 1015 - SVC Farming,,,,checked,68533,"February 19, 2026",
54241 - FEEDLOT,26-02-06-184997,145,Male,Brahman,Batch 1015 - SVC Farming,,,,checked,68533,"February 19, 2026",
54241 - FEEDLOT,26-02-06-172362,172,Male,Brahman,Batch 1015 - SVC Farming,,,,checked,68533,"February 19, 2026",
54241 - FEEDLOT,26-02-06-172191,143,Male,Brahman,Batch 1015 - SVC Farming,,,,checked,68533,"February 19, 2026",
54241 - FEEDLOT,26-02-06-178507,188,Male,Brahman,Batch 1015 - SVC Farming,,,,checked,68533,"February 19, 2026",
54241 - FEEDLOT,26-02-06-187578,187,Male,Brahman,Batch 1015 - SVC Farming,,,,checked,68533,"February 19, 2026",
54241 - FEEDLOT,26-02-06-184883,176,Male,Brahman,Batch 1015 - SVC Farming,,,,checked,68533,"February 19, 2026",
54241 - FEEDLOT,26-02-06-186561,162,Male,Nguni,Batch 1015 - SVC Farming,,,,checked,68533,"February 19, 2026",
54241 - FEEDLOT,26-02-06-179727,243,Male,Brahman,Batch 1015 - SVC Farming,,,,checked,68533,"February 19, 2026",
54241 - FEEDLOT,26-02-06-170931,158,Male,Brahman,Batch 1015 - SVC Farming,,,,checked,68533,"February 19, 2026",
54242 - FEEDLOT,26-02-06-176161,229,Male,Nguni,Batch 1016 - SVC Farming,,,,checked,68535,"February 19, 2026",
54242 - FEEDLOT,26-02-06-173136,243,Male,Brahman,Batch 1016 - SVC Farming,,,,checked,68535,"February 19, 2026",
54242 - FEEDLOT,26-02-06-174255,200,Male,Brahman Cross,Batch 1016 - SVC Farming,,,,checked,68535,"February 19, 2026",
54242 - FEEDLOT,26-02-06-178032,202,Female,Bonsmara,Batch 1016 - SVC Farming,,,,checked,68535,"February 19, 2026",
54242 - FEEDLOT,26-02-06-171879,158,Female,Bonsmara,Batch 1016 - SVC Farming,,,,checked,68535,"February 19, 2026",
54242 - FEEDLOT,26-02-06-133001,189,Male,Simmentaler,Batch 1016 - SVC Farming,,,,checked,68535,"February 19, 2026",
54242 - FEEDLOT,26-02-06-178039,188,Male,Brahman,Batch 1016 - SVC Farming,,,,checked,68535,"February 19, 2026",
54242 - FEEDLOT,26-02-06-183049,213,Male,Brahman,Batch 1016 - SVC Farming,,,,checked,68535,"February 19, 2026",
54242 - FEEDLOT,26-02-06-186821,222,Male,Brahman,Batch 1016 - SVC Farming,,,,checked,68535,"February 19, 2026",
54242 - FEEDLOT,26-02-06-187845,275,Male,Brahman,Batch 1016 - SVC Farming,,,,checked,68535,"February 19, 2026",
54242 - FEEDLOT,26-02-06-182285,249,Female,Ayrshire,Batch 1016 - SVC Farming,,,,checked,68535,"February 19, 2026",
54242 - FEEDLOT,26-02-06-134363,166,Male,Brahman,Batch 1016 - SVC Farming,,,,checked,68535,"February 19, 2026",
54242 - FEEDLOT,26-02-06-147972,190,Male,Brahman,Batch 1016 - SVC Farming,,,,checked,68535,"February 19, 2026",
54242 - FEEDLOT,26-02-06-172600,173,Male,Brahman,Batch 1016 - SVC Farming,,,,checked,68535,"February 19, 2026",
54242 - FEEDLOT,26-02-06-120381,316,Male,Afrikaner,Batch 1016 - SVC Farming,,,,checked,68535,"February 19, 2026",
54242 - FEEDLOT,26-02-06-184367,154,Male,Brahman,Batch 1016 - SVC Farming,,,,checked,68535,"February 19, 2026",
54242 - FEEDLOT,26-02-06-121536,157,Male,Brahman,Batch 1016 - SVC Farming,,,,checked,68535,"February 19, 2026",
54242 - FEEDLOT,26-02-06-184843,205,Male,Nguni,Batch 1016 - SVC Farming,,,,checked,68535,"February 19, 2026",
54242 - FEEDLOT,26-02-06-184272,180,Female,Bonsmara,Batch 1016 - SVC Farming,,,,checked,68535,"February 19, 2026",
54242 - FEEDLOT,26-02-06-173482,171,Male,Simmentaler,Batch 1016 - SVC Farming,,,,checked,68535,"February 19, 2026",
54242 - FEEDLOT,26-02-06-180435,204,Male,Brahman,Batch 1016 - SVC Farming,,,,checked,68535,"February 19, 2026",
54242 - FEEDLOT,26-02-06-187770,249,Male,Brahman,Batch 1016 - SVC Farming,,,,checked,68535,"February 19, 2026",
54242 - FEEDLOT,26-02-06-150144,166,Male,Brahman,Batch 1016 - SVC Farming,,,,checked,68535,"February 19, 2026",
54242 - FEEDLOT,26-02-06-174163,182,Female,Brahman Cross,Batch 1016 - SVC Farming,,,,checked,68535,"February 19, 2026",
54242 - FEEDLOT,26-02-06-182292,209,Male,Brahman,Batch 1016 - SVC Farming,,,,checked,68535,"February 19, 2026",
54242 - FEEDLOT,26-02-06-172608,198,Male,Brahman,Batch 1016 - SVC Farming,,,,checked,68535,"February 19, 2026",
54242 - FEEDLOT,26-02-06-187719,173,Male,Brahman,Batch 1016 - SVC Farming,,,,checked,68535,"February 19, 2026",
54242 - FEEDLOT,26-02-06-170317,197,Male,Brahman,Batch 1016 - SVC Farming,,,,checked,68535,"February 19, 2026",
54242 - FEEDLOT,26-02-06-186380,197,Male,Brahman,Batch 1016 - SVC Farming,,,,checked,68535,"February 19, 2026",
54242 - FEEDLOT,26-02-06-184779,205,Female,Bonsmara,Batch 1016 - SVC Farming,,,,checked,68535,"February 19, 2026",
54242 - FEEDLOT,26-02-06-137276,143,Male,Bonsmara,Batch 1016 - SVC Farming,,,,checked,68535,"February 19, 2026",
54242 - FEEDLOT,26-02-06-144534,125,Male,Brahman,Batch 1016 - SVC Farming,,,,checked,68535,"February 19, 2026",
54242 - FEEDLOT,26-02-06-128721,213,Female,Brahman,Batch 1016 - SVC Farming,,,,checked,68535,"February 19, 2026",
54242 - FEEDLOT,26-02-06-172240,294,Male,Ayrshire,Batch 1016 - SVC Farming,,,,checked,68535,"February 19, 2026",
54242 - FEEDLOT,26-02-06-147451,192,Male,Brahman,Batch 1016 - SVC Farming,,,,checked,68535,"February 19, 2026",
54242 - FEEDLOT,26-02-06-175713,153,Male,Brahman,Batch 1016 - SVC Farming,,,,checked,68535,"February 19, 2026",
54242 - FEEDLOT,26-02-06-125285,247,Female,Brahman Cross,Batch 1016 - SVC Farming,,,,checked,68535,"February 19, 2026",
54242 - FEEDLOT,26-02-06-171130,237,Male,Bonsmara,Batch 1016 - SVC Farming,,,,checked,68535,"February 19, 2026",
54242 - FEEDLOT,26-02-06-123953,263,Male,Braford,Batch 1016 - SVC Farming,,,,checked,68535,"February 19, 2026",
54242 - FEEDLOT,26-02-06-175769,199,Male,Brahman,Batch 1016 - SVC Farming,,,,checked,68535,"February 19, 2026",
54242 - FEEDLOT,26-02-06-171694,195,Male,Brahman,Batch 1016 - SVC Farming,,,,checked,68535,"February 19, 2026",
54242 - FEEDLOT,26-02-06-175898,153,Female,Braunvieh,Batch 1016 - SVC Farming,,,,checked,68535,"February 19, 2026",
54242 - FEEDLOT,26-02-06-174032,188,Male,Brahman,Batch 1016 - SVC Farming,,,,checked,68535,"February 19, 2026",
54242 - FEEDLOT,26-02-06-125360,180,Male,Braford,Batch 1016 - SVC Farming,,,,checked,68535,"February 19, 2026",
54242 - FEEDLOT,26-02-06-178730,176,Male,Bonsmara,Batch 1016 - SVC Farming,,,,checked,68535,"February 19, 2026",
54242 - FEEDLOT,26-02-06-175670,184,Female,Bonsmara,Batch 1016 - SVC Farming,,,,checked,68535,"February 19, 2026",
54242 - FEEDLOT,26-02-06-156082,189,Female,Brahman,Batch 1016 - SVC Farming,,,,checked,68535,"February 19, 2026",
54242 - FEEDLOT,26-02-06-149670,302,Male,Simmentaler,Batch 1016 - SVC Farming,,,,checked,68535,"February 19, 2026",
54242 - FEEDLOT,26-02-06-175506,221,Male,Bonsmara,Batch 1016 - SVC Farming,,,,checked,68535,"February 19, 2026",
54242 - FEEDLOT,26-02-06-176840,251,Female,Brahman,Batch 1016 - SVC Farming,,,,checked,68535,"February 19, 2026",
54242 - FEEDLOT,26-02-06-126704,163,Male,Brahman,Batch 1016 - SVC Farming,,,,checked,68535,"February 19, 2026",
54242 - FEEDLOT,26-02-06-154880,244,Male,Brahman,Batch 1016 - SVC Farming,,,,checked,68535,"February 19, 2026",
54242 - FEEDLOT,26-02-06-149726,261,Female,Braford,Batch 1016 - SVC Farming,,,,checked,68535,"February 19, 2026",
54242 - FEEDLOT,26-02-06-118723,211,Male,Brahman,Batch 1016 - SVC Farming,,,,checked,68535,"February 19, 2026",
54242 - FEEDLOT,26-02-06-175764,198,Male,Brahman,Batch 1016 - SVC Farming,,,,checked,68535,"February 19, 2026",
54242 - FEEDLOT,26-02-06-175388,157,Female,Bonsmara,Batch 1016 - SVC Farming,,,,checked,68535,"February 19, 2026",
54242 - FEEDLOT,26-02-06-177056,207,Male,Brahman,Batch 1016 - SVC Farming,,,,checked,68535,"February 19, 2026",
54242 - FEEDLOT,26-02-06-177028,230,Male,Bonsmara,Batch 1016 - SVC Farming,,,,checked,68535,"February 19, 2026",
54242 - FEEDLOT,26-02-06-173251,184,Male,Brahman,Batch 1016 - SVC Farming,,,,checked,68535,"February 19, 2026",
54242 - FEEDLOT,26-02-06-112811,201,Female,Brahman,Batch 1016 - SVC Farming,,,,checked,68535,"February 19, 2026",
54242 - FEEDLOT,26-02-06-160361,307,Male,Brahman,Batch 1016 - SVC Farming,,,,checked,68535,"February 19, 2026",
54242 - FEEDLOT,26-02-06-180631,167,Male,Brahman,Batch 1016 - SVC Farming,,,,checked,68535,"February 19, 2026",
54242 - FEEDLOT,26-02-06-121890,178,Male,Brahman,Batch 1016 - SVC Farming,,,,checked,68535,"February 19, 2026",
54242 - FEEDLOT,26-02-06-174842,220,Female,Brahman,Batch 1016 - SVC Farming,,,,checked,68535,"February 19, 2026",
54242 - FEEDLOT,26-02-06-170357,231,Male,Brahman,Batch 1016 - SVC Farming,,,,checked,68535,"February 19, 2026",
54242 - FEEDLOT,26-02-06-184616,281,Female,Brahman Cross,Batch 1016 - SVC Farming,,,,checked,68535,"February 19, 2026",
54242 - FEEDLOT,26-02-06-117532,259,Male,Braford,Batch 1016 - SVC Farming,,,,checked,68535,"February 19, 2026",
54242 - FEEDLOT,26-02-06-177714,202,Male,Brahman,Batch 1016 - SVC Farming,,,,checked,68535,"February 19, 2026",
54242 - FEEDLOT,26-02-06-177837,261,Male,Wagyu,Batch 1016 - SVC Farming,,,,checked,68535,"February 19, 2026",
54242 - FEEDLOT,26-02-06-156883,208,Male,Brahman,Batch 1016 - SVC Farming,,,,checked,68535,"February 19, 2026",
54242 - FEEDLOT,26-02-06-174139,213,Male,Drakensberger,Batch 1016 - SVC Farming,,,,checked,68535,"February 19, 2026",
54242 - FEEDLOT,26-02-06-174201,229,Male,Brahman,Batch 1016 - SVC Farming,,,,checked,68535,"February 19, 2026",
54242 - FEEDLOT,26-02-06-189369,217,Male,Brahman,Batch 1016 - SVC Farming,,,,checked,68535,"February 19, 2026",
54242 - FEEDLOT,26-02-06-177993,263,Male,Brahman,Batch 1016 - SVC Farming,,,,checked,68535,"February 19, 2026",
54242 - FEEDLOT,26-02-06-174008,195,Male,Brahman,Batch 1016 - SVC Farming,,,,checked,68535,"February 19, 2026",
54242 - FEEDLOT,26-02-06-124041,222,Male,Brahman,Batch 1016 - SVC Farming,,,,checked,68535,"February 19, 2026",
54242 - FEEDLOT,26-02-06-156944,162,Male,Brahman,Batch 1016 - SVC Farming,,,,checked,68535,"February 19, 2026",
54242 - FEEDLOT,26-02-06-175021,231,Male,Brahman Cross,Batch 1016 - SVC Farming,,,,checked,68535,"February 19, 2026",
54242 - FEEDLOT,26-02-06-129093,258,Female,Bonsmara,Batch 1016 - SVC Farming,,,,checked,68535,"February 19, 2026",
54242 - FEEDLOT,26-02-06-127054,217,Male,Drakensberger,Batch 1016 - SVC Farming,,,,checked,68535,"February 19, 2026",
54242 - FEEDLOT,26-02-06-176887,227,Female,Brahman,Batch 1016 - SVC Farming,,,,checked,68535,"February 19, 2026",
54242 - FEEDLOT,26-02-06-174023,270,Male,Bovelder,Batch 1016 - SVC Farming,,,,checked,68535,"February 19, 2026",
54242 - FEEDLOT,26-02-06-132695,246,Female,Brahman,Batch 1016 - SVC Farming,,,,checked,68535,"February 19, 2026",
54242 - FEEDLOT,26-02-06-175949,200,Male,Brahman,Batch 1016 - SVC Farming,,,,checked,68535,"February 19, 2026",
54242 - FEEDLOT,26-02-06-187906,169,Female,Drakensberger,Batch 1016 - SVC Farming,,,,checked,68535,"February 19, 2026",
54242 - FEEDLOT,26-02-06-123575,192,Female,Gelbvieh,Batch 1016 - SVC Farming,,,,checked,68535,"February 19, 2026",
54242 - FEEDLOT,26-02-06-174685,247,Male,Brahman,Batch 1016 - SVC Farming,,,,checked,68535,"February 19, 2026",
54242 - FEEDLOT,26-02-06-170425,233,Male,Brahman Cross,Batch 1016 - SVC Farming,,,,checked,68535,"February 19, 2026",
54242 - FEEDLOT,26-02-06-180550,237,Female,Brahman,Batch 1016 - SVC Farming,,,,checked,68535,"February 19, 2026",
54242 - FEEDLOT,26-02-06-152464,285,Male,Brahman,Batch 1016 - SVC Farming,,,,checked,68535,"February 19, 2026",
54242 - FEEDLOT,26-02-06-175932,208,Male,Charolais,Batch 1016 - SVC Farming,,,,checked,68535,"February 19, 2026",
54242 - FEEDLOT,26-02-06-150158,187,Male,Brahman,Batch 1016 - SVC Farming,,,,checked,68535,"February 19, 2026",
54242 - FEEDLOT,26-02-06-182234,255,Male,Afrikaner,Batch 1016 - SVC Farming,,,,checked,68535,"February 19, 2026",
54242 - FEEDLOT,26-02-06-152243,232,Female,Brahman,Batch 1016 - SVC Farming,,,,checked,68535,"February 19, 2026",
54242 - FEEDLOT,26-02-06-183815,272,Male,Brahman,Batch 1016 - SVC Farming,,,,checked,68535,"February 19, 2026",
54242 - FEEDLOT,26-02-06-160901,142,Male,Simmentaler,Batch 1016 - SVC Farming,,,,checked,68535,"February 19, 2026",
54242 - FEEDLOT,26-02-06-160675,258,Male,Brahman,Batch 1016 - SVC Farming,,,,checked,68535,"February 19, 2026",
54242 - FEEDLOT,26-02-06-155044,145,Female,Brahman,Batch 1016 - SVC Farming,,,,checked,68535,"February 19, 2026",
54242 - FEEDLOT,26-02-06-175700,221,Female,Brahman,Batch 1016 - SVC Farming,,,,checked,68535,"February 19, 2026",
54242 - FEEDLOT,26-02-06-122526,181,Female,Brahman,Batch 1016 - SVC Farming,,,,checked,68535,"February 19, 2026",
54242 - FEEDLOT,26-02-06-174487,208,Female,Bonsmara,Batch 1016 - SVC Farming,,,,checked,68535,"February 19, 2026",
54242 - FEEDLOT,26-02-06-173419,245,Male,Nguni,Batch 1016 - SVC Farming,,,,checked,68535,"February 19, 2026",
54242 - FEEDLOT,26-02-06-121014,215,Female,Ayrshire,Batch 1016 - SVC Farming,,,,checked,68535,"February 19, 2026",
54242 - FEEDLOT,26-02-06-174575,146,Female,Brahman,Batch 1016 - SVC Farming,,,,checked,68535,"February 19, 2026",
54242 - FEEDLOT,26-02-06-189360,190,Male,Brahman,Batch 1016 - SVC Farming,,,,checked,68535,"February 19, 2026",
54243 - FEEDLOT ,26-02-06-186719,165,Male,Brahman,Batch 1017 - SVC Farming,,,,checked,68534,"February 19, 2026",
54243 - FEEDLOT ,26-02-06-156467,222,Male,Brahman,Batch 1017 - SVC Farming,,,,checked,68534,"February 19, 2026",
54243 - FEEDLOT ,26-02-06-175420,210,Male,Brahman,Batch 1017 - SVC Farming,,,,checked,68534,"February 19, 2026",
54243 - FEEDLOT ,26-02-06-147160,168,Male,Brahman,Batch 1017 - SVC Farming,,,,checked,68534,"February 19, 2026",
54243 - FEEDLOT ,26-02-06-184488,171,Male,Bonsmara,Batch 1017 - SVC Farming,,,,checked,68534,"February 19, 2026",
54243 - FEEDLOT ,26-02-06-180201,176,Male,Brahman,Batch 1017 - SVC Farming,,,,checked,68534,"February 19, 2026",
54243 - FEEDLOT ,26-02-06-174897,209,Female,Brahman,Batch 1017 - SVC Farming,,,,checked,68534,"February 19, 2026",
54243 - FEEDLOT ,26-02-06-178033,192,Female,Simmentaler,Batch 1017 - SVC Farming,,,,checked,68534,"February 19, 2026",
54243 - FEEDLOT ,26-02-06-187879,208,Female,Simmentaler,Batch 1017 - SVC Farming,,,,checked,68534,"February 19, 2026",
54243 - FEEDLOT ,26-02-06-173277,205,Male,Brahman,Batch 1017 - SVC Farming,,,,checked,68534,"February 19, 2026",
54243 - FEEDLOT ,26-02-06-186642,195,Female,Bovelder,Batch 1017 - SVC Farming,,,,checked,68534,"February 19, 2026",
54243 - FEEDLOT ,26-02-06-176846,168,Male,Bonsmara,Batch 1017 - SVC Farming,,,,checked,68534,"February 19, 2026",
54243 - FEEDLOT ,26-02-06-184587,148,Female,Simmentaler,Batch 1017 - SVC Farming,,,,checked,68534,"February 19, 2026",
54243 - FEEDLOT ,26-02-06-157317,200,Male,Brahman,Batch 1017 - SVC Farming,,,,checked,68534,"February 19, 2026",
54243 - FEEDLOT ,26-02-06-158254,165,Male,Bonsmara,Batch 1017 - SVC Farming,,,,checked,68534,"February 19, 2026",
54243 - FEEDLOT ,26-02-06-172582,210,Male,Bonsmara,Batch 1017 - SVC Farming,,,,checked,68534,"February 19, 2026",
54243 - FEEDLOT ,26-02-06-175793,177,Female,Brahman,Batch 1017 - SVC Farming,,,,checked,68534,"February 19, 2026",
54243 - FEEDLOT ,26-02-06-119250,170,Male,Charolais,Batch 1017 - SVC Farming,,,,checked,68534,"February 19, 2026",
54243 - FEEDLOT ,26-02-06-170472,198,Male,Bonsmara,Batch 1017 - SVC Farming,,,,checked,68534,"February 19, 2026",
54243 - FEEDLOT ,26-02-06-160803,186,Female,Brahman,Batch 1017 - SVC Farming,,,,checked,68534,"February 19, 2026",
54243 - FEEDLOT ,26-02-06-175040,155,Male,Brahman,Batch 1017 - SVC Farming,,,,checked,68534,"February 19, 2026",
54243 - FEEDLOT ,26-02-06-174301,143,Male,Brahman,Batch 1017 - SVC Farming,,,,checked,68534,"February 19, 2026",
54243 - FEEDLOT ,26-02-06-171785,212,Male,Brahman,Batch 1017 - SVC Farming,,,,checked,68534,"February 19, 2026",
54243 - FEEDLOT ,26-02-06-160166,228,Male,Brahman,Batch 1017 - SVC Farming,,,,checked,68534,"February 19, 2026",
54243 - FEEDLOT ,26-02-06-157254,164,Male,Nguni,Batch 1017 - SVC Farming,,,,checked,68534,"February 19, 2026",
54243 - FEEDLOT ,26-02-06-187805,166,Male,Brahman,Batch 1017 - SVC Farming,,,,checked,68534,"February 19, 2026",
54243 - FEEDLOT ,26-02-06-148092,201,Male,Bonsmara,Batch 1017 - SVC Farming,,,,checked,68534,"February 19, 2026",
54243 - FEEDLOT ,26-02-06-174218,220,Male,Bonsmara,Batch 1017 - SVC Farming,,,,checked,68534,"February 19, 2026",
54243 - FEEDLOT ,26-02-06-175988,183,Male,Charolais,Batch 1017 - SVC Farming,,,,checked,68534,"February 19, 2026",
54243 - FEEDLOT ,26-02-06-184862,214,Male,Bonsmara,Batch 1017 - SVC Farming,,,,checked,68534,"February 19, 2026",
54243 - FEEDLOT ,26-02-06-148520,168,Male,Brahman,Batch 1017 - SVC Farming,,,,checked,68534,"February 19, 2026",
54243 - FEEDLOT ,26-02-06-187648,155,Male,Brahman,Batch 1017 - SVC Farming,,,,checked,68534,"February 19, 2026",
54243 - FEEDLOT ,26-02-06-153201,254,Male,Brahman,Batch 1017 - SVC Farming,,,,checked,68534,"February 19, 2026",
54243 - FEEDLOT ,26-02-06-186261,252,Male,Brahman,Batch 1017 - SVC Farming,,,,checked,68534,"February 19, 2026",
54243 - FEEDLOT ,26-02-06-182112,177,Male,Brahman,Batch 1017 - SVC Farming,,,,checked,68534,"February 19, 2026",
54243 - FEEDLOT ,26-02-06-174158,193,Male,Simmentaler,Batch 1017 - SVC Farming,,,,checked,68534,"February 19, 2026",
54243 - FEEDLOT ,26-02-06-149207,242,Male,Brahman,Batch 1017 - SVC Farming,,,,checked,68534,"February 19, 2026",
54243 - FEEDLOT ,26-02-06-187888,182,Male,South Devon,Batch 1017 - SVC Farming,,,,checked,68534,"February 19, 2026",
54243 - FEEDLOT ,26-02-06-183094,242,Female,Brahman,Batch 1017 - SVC Farming,,,,checked,68534,"February 19, 2026",
54243 - FEEDLOT ,26-02-06-121286,242,Female,Bonsmara,Batch 1017 - SVC Farming,,,,checked,68534,"February 19, 2026",
54243 - FEEDLOT ,26-02-06-184347,271,Male,Brahman,Batch 1017 - SVC Farming,,,,checked,68534,"February 19, 2026",
54243 - FEEDLOT ,26-02-06-182151,221,Male,Brahman,Batch 1017 - SVC Farming,,,,checked,68534,"February 19, 2026",
54243 - FEEDLOT ,26-02-06-145936,168,Male,Brahman,Batch 1017 - SVC Farming,,,,checked,68534,"February 19, 2026",
54243 - FEEDLOT ,26-02-06-180107,186,Female,Brahman,Batch 1017 - SVC Farming,,,,checked,68534,"February 19, 2026",
54243 - FEEDLOT ,26-02-06-157175,247,Male,Bonsmara,Batch 1017 - SVC Farming,,,,checked,68534,"February 19, 2026",
54243 - FEEDLOT ,26-02-06-174793,209,Female,Brahman,Batch 1017 - SVC Farming,,,,checked,68534,"February 19, 2026",
54243 - FEEDLOT ,26-02-06-147922,222,Male,Simmentaler,Batch 1017 - SVC Farming,,,,checked,68534,"February 19, 2026",
54243 - FEEDLOT ,26-02-06-183052,176,Female,Brahman,Batch 1017 - SVC Farming,,,,checked,68534,"February 19, 2026",
54243 - FEEDLOT ,26-02-06-156030,184,Male,Bonsmara,Batch 1017 - SVC Farming,,,,checked,68534,"February 19, 2026",
54243 - FEEDLOT ,26-02-06-149234,220,Male,Braunvieh,Batch 1017 - SVC Farming,,,,checked,68534,"February 19, 2026",
54243 - FEEDLOT ,26-02-06-182238,192,Male,Simbra,Batch 1017 - SVC Farming,,,,checked,68534,"February 19, 2026",
54243 - FEEDLOT ,26-02-06-173484,212,Male,Brahman,Batch 1017 - SVC Farming,,,,checked,68534,"February 19, 2026",
54243 - FEEDLOT ,26-02-06-174608,223,Female,Bonsmara,Batch 1017 - SVC Farming,,,,checked,68534,"February 19, 2026",
54243 - FEEDLOT ,26-02-06-182265,207,Female,Bonsmara,Batch 1017 - SVC Farming,,,,checked,68534,"February 19, 2026",
54243 - FEEDLOT ,26-02-06-180981,181,Male,Brahman,Batch 1017 - SVC Farming,,,,checked,68534,"February 19, 2026",
54243 - FEEDLOT ,26-02-06-158128,198,Male,Brahman,Batch 1017 - SVC Farming,,,,checked,68534,"February 19, 2026",
54243 - FEEDLOT ,26-02-06-122123,171,Male,Brahman,Batch 1017 - SVC Farming,,,,checked,68534,"February 19, 2026",
54243 - FEEDLOT ,26-02-06-157680,148,Male,Brahman,Batch 1017 - SVC Farming,,,,checked,68534,"February 19, 2026",
54243 - FEEDLOT ,26-02-06-176800,204,Male,Brahman,Batch 1017 - SVC Farming,,,,checked,68534,"February 19, 2026",
54243 - FEEDLOT ,26-02-06-179890,213,Female,Simmentaler,Batch 1017 - SVC Farming,,,,checked,68534,"February 19, 2026",
54243 - FEEDLOT ,26-02-06-175658,172,Male,Bonsmara,Batch 1017 - SVC Farming,,,,checked,68534,"February 19, 2026",
54243 - FEEDLOT ,26-02-06-173322,198,Male,Brahman,Batch 1017 - SVC Farming,,,,checked,68534,"February 19, 2026",
54243 - FEEDLOT ,26-02-06-183242,195,Male,Brahman,Batch 1017 - SVC Farming,,,,checked,68534,"February 19, 2026",
54243 - FEEDLOT ,26-02-06-177860,186,Male,Brahman,Batch 1017 - SVC Farming,,,,checked,68534,"February 19, 2026",
54243 - FEEDLOT ,26-02-06-128304,193,Male,Beefmaster,Batch 1017 - SVC Farming,,,,checked,68534,"February 19, 2026",
54243 - FEEDLOT ,26-02-06-176182,236,Male,Bonsmara,Batch 1017 - SVC Farming,,,,checked,68534,"February 19, 2026",
54243 - FEEDLOT ,26-02-06-176971,144,Male,Brahman,Batch 1017 - SVC Farming,,,,checked,68534,"February 19, 2026",
54243 - FEEDLOT ,26-02-06-176117,198,Female,Bonsmara,Batch 1017 - SVC Farming,,,,checked,68534,"February 19, 2026",
54243 - FEEDLOT ,26-02-06-175541,182,Male,Brahman,Batch 1017 - SVC Farming,,,,checked,68534,"February 19, 2026",
54243 - FEEDLOT ,26-02-06-149899,193,Male,Brahman,Batch 1017 - SVC Farming,,,,checked,68534,"February 19, 2026",
54243 - FEEDLOT ,26-02-06-171263,169,Female,Simmentaler,Batch 1017 - SVC Farming,,,,checked,68534,"February 19, 2026",
54243 - FEEDLOT ,26-02-06-117200,220,Male,Brahman,Batch 1017 - SVC Farming,,,,checked,68534,"February 19, 2026",
54243 - FEEDLOT ,26-02-06-175722,159,Male,Brahman,Batch 1017 - SVC Farming,,,,checked,68534,"February 19, 2026",
54243 - FEEDLOT ,26-02-06-172515,150,Male,Bonsmara,Batch 1017 - SVC Farming,,,,checked,68534,"February 19, 2026",
54243 - FEEDLOT ,26-02-06-158286,228,Male,Brahman,Batch 1017 - SVC Farming,,,,checked,68534,"February 19, 2026",
54243 - FEEDLOT ,26-02-06-170881,200,Male,Bonsmara,Batch 1017 - SVC Farming,,,,checked,68534,"February 19, 2026",
54243 - FEEDLOT ,26-02-06-173114,188,Male,Brahman,Batch 1017 - SVC Farming,,,,checked,68534,"February 19, 2026",
54243 - FEEDLOT ,26-02-06-173231,188,Male,Brahman,Batch 1017 - SVC Farming,,,,checked,68534,"February 19, 2026",
54243 - FEEDLOT ,26-02-06-182429,229,Female,Brahman,Batch 1017 - SVC Farming,,,,checked,68534,"February 19, 2026",
54243 - FEEDLOT ,26-02-06-144474,168,Male,Brahman,Batch 1017 - SVC Farming,,,,checked,68534,"February 19, 2026",
54243 - FEEDLOT ,26-02-06-187542,157,Male,Gelbvieh,Batch 1017 - SVC Farming,,,,checked,68534,"February 19, 2026",
54243 - FEEDLOT ,26-02-06-171083,190,Male,Brahman,Batch 1017 - SVC Farming,,,,checked,68534,"February 19, 2026",
54243 - FEEDLOT ,26-02-06-174090,179,Male,Bonsmara,Batch 1017 - SVC Farming,,,,checked,68534,"February 19, 2026",
54243 - FEEDLOT ,26-02-06-186998,203,Male,Bonsmara,Batch 1017 - SVC Farming,,,,checked,68534,"February 19, 2026",
54243 - FEEDLOT ,26-02-06-129968,217,Male,Brangus,Batch 1017 - SVC Farming,,,,checked,68534,"February 19, 2026",
54243 - FEEDLOT ,26-02-06-177666,178,Male,Brahman,Batch 1017 - SVC Farming,,,,checked,68534,"February 19, 2026",
54243 - FEEDLOT ,26-02-06-712864,200,Male,Brahman,Batch 1017 - SVC Farming,,,,checked,68534,"February 19, 2026",
54243 - FEEDLOT ,26-02-06-180847,229,Male,Bonsmara,Batch 1017 - SVC Farming,,,,checked,68534,"February 19, 2026",
54243 - FEEDLOT ,26-02-06-184364,204,Male,Brahman Cross,Batch 1017 - SVC Farming,,,,checked,68534,"February 19, 2026",
54243 - FEEDLOT ,26-02-06-170518,166,Male,Brahman,Batch 1017 - SVC Farming,,,,checked,68534,"February 19, 2026",
54243 - FEEDLOT ,26-02-06-118351,175,Male,Simmentaler,Batch 1017 - SVC Farming,,,,checked,68534,"February 19, 2026",
54243 - FEEDLOT ,26-02-06-174482,173,Male,Brahman,Batch 1017 - SVC Farming,,,,checked,68534,"February 19, 2026",
54243 - FEEDLOT ,26-02-06-183112,179,Male,Brahman,Batch 1017 - SVC Farming,,,,checked,68534,"February 19, 2026",
54243 - FEEDLOT ,26-02-06-176967,211,Male,Brahman,Batch 1017 - SVC Farming,,,,checked,68534,"February 19, 2026",
54243 - FEEDLOT ,26-02-06-172418,187,Male,Brahman,Batch 1017 - SVC Farming,,,,checked,68534,"February 19, 2026",
54243 - FEEDLOT ,26-02-06-158639,220,Male,Brahman,Batch 1017 - SVC Farming,,,,checked,68534,"February 19, 2026",
54243 - FEEDLOT ,26-02-06-149994,257,Male,Bonsmara,Batch 1017 - SVC Farming,,,,checked,68534,"February 19, 2026",
54243 - FEEDLOT ,26-02-06-119997,222,Male,Brahman,Batch 1017 - SVC Farming,,,,checked,68534,"February 19, 2026",
54243 - FEEDLOT ,26-02-06-175606,200,Male,Bonsmara,Batch 1017 - SVC Farming,,,,checked,68534,"February 19, 2026",
54243 - FEEDLOT ,26-02-06-183611,155,Male,Brahman,Batch 1017 - SVC Farming,,,,checked,68534,"February 19, 2026",
54243 - FEEDLOT ,26-02-06-173121,167,Male,Brahman,Batch 1017 - SVC Farming,,,,checked,68534,"February 19, 2026",
54243 - FEEDLOT ,26-02-06-187828,176,Female,Brahman,Batch 1017 - SVC Farming,,,,checked,68534,"February 19, 2026",
54243 - FEEDLOT ,26-02-06-178496,186,Male,Braford,Batch 1017 - SVC Farming,,,,checked,68534,"February 19, 2026",
54243 - FEEDLOT ,26-02-06-178693,163,Male,Brahman,Batch 1017 - SVC Farming,,,,checked,68534,"February 19, 2026",
54243 - FEEDLOT ,26-02-06-157272,194,Male,Brahman,Batch 1017 - SVC Farming,,,,checked,68534,"February 19, 2026",
54243 - FEEDLOT ,26-02-06-174597,169,Male,Bonsmara,Batch 1017 - SVC Farming,,,,checked,68534,"February 19, 2026",
54243 - FEEDLOT ,26-02-06-189543,203,Male,Brahman,Batch 1017 - SVC Farming,,,,checked,68534,"February 19, 2026",
54243 - FEEDLOT ,26-02-06-175405,175,Male,Brahman,Batch 1017 - SVC Farming,,,,checked,68534,"February 19, 2026",
54243 - FEEDLOT ,26-02-06-173308,202,Male,Brahman,Batch 1017 - SVC Farming,,,,checked,68534,"February 19, 2026",
54243 - FEEDLOT ,26-02-06-173323,204,Female,Simmentaler,Batch 1017 - SVC Farming,,,,checked,68534,"February 19, 2026",
54243 - FEEDLOT ,26-02-06-176741,189,Male,Brahman,Batch 1017 - SVC Farming,,,,checked,68534,"February 19, 2026",
54243 - FEEDLOT ,26-02-06-125226,193,Male,Nguni,Batch 1017 - SVC Farming,,,,checked,68534,"February 19, 2026",
54243 - FEEDLOT ,26-02-06-116336,190,Male,Brahman,Batch 1017 - SVC Farming,,,,checked,68534,"February 19, 2026",
54243 - FEEDLOT ,26-02-06-180314,231,Male,Brahman,Batch 1017 - SVC Farming,,,,checked,68534,"February 19, 2026",
54243 - FEEDLOT ,26-02-06-129688,211,Female,Brahman,Batch 1017 - SVC Farming,,,,checked,68534,"February 19, 2026",
54243 - FEEDLOT ,26-02-06-173445,149,Male,Brahman Cross,Batch 1017 - SVC Farming,,,,checked,68534,"February 19, 2026",
54243 - FEEDLOT ,26-02-06-175685,195,Male,Brahman,Batch 1017 - SVC Farming,,,,checked,68534,"February 19, 2026",
54243 - FEEDLOT ,26-02-06-175829,207,Male,Brahman,Batch 1017 - SVC Farming,,,,checked,68534,"February 19, 2026",
54243 - FEEDLOT ,26-02-06-129379,244,Female,Braford,Batch 1017 - SVC Farming,,,,checked,68534,"February 19, 2026",
54243 - FEEDLOT ,26-02-06-186973,179,Male,Brahman,Batch 1017 - SVC Farming,,,,checked,68534,"February 19, 2026",
54243 - FEEDLOT ,26-02-06-150146,167,Male,Brahman,Batch 1017 - SVC Farming,,,,checked,68534,"February 19, 2026",
54243 - FEEDLOT ,26-02-06-149900,216,Male,Brahman Cross,Batch 1017 - SVC Farming,,,,checked,68534,"February 19, 2026",
54243 - FEEDLOT ,26-02-06-156780,218,Male,Brahman,Batch 1017 - SVC Farming,,,,checked,68534,"February 19, 2026",
54243 - FEEDLOT ,26-02-06-172718,165,Male,Brahman,Batch 1017 - SVC Farming,,,,checked,68534,"February 19, 2026",
54243 - FEEDLOT ,26-02-06-175600,187,Male,Brahman Cross,Batch 1017 - SVC Farming,,,,checked,68534,"February 19, 2026",
54243 - FEEDLOT ,26-02-06-176425,203,Female,Bonsmara,Batch 1017 - SVC Farming,,,,checked,68534,"February 19, 2026",
54243 - FEEDLOT ,26-02-06-171030,180,Male,Bonsmara,Batch 1017 - SVC Farming,,,,checked,68534,"February 19, 2026",
54243 - FEEDLOT ,26-02-06-120644,183,Male,Brahman,Batch 1017 - SVC Farming,,,,checked,68534,"February 19, 2026",
54243 - FEEDLOT ,26-02-06-146444,192,Male,Brahman,Batch 1017 - SVC Farming,,,,checked,68534,"February 19, 2026",
54243 - FEEDLOT ,26-02-06-157732,236,Female,Brahman,Batch 1017 - SVC Farming,,,,checked,68534,"February 19, 2026",
54247 A- FEEDLOT,26-02-07-193939,165,Male,Brahman,Batch 1018 - SVC Farming,,,,checked,68536,"February 19, 2026",
54247 A- FEEDLOT,26-02-07-193985,285,Male,Brahman,Batch 1018 - SVC Farming,,,,checked,68536,"February 19, 2026",
54247 A- FEEDLOT,26-02-07-193938,231,Male,Brahman,Batch 1018 - SVC Farming,,,,checked,68536,"February 19, 2026",
54247 A- FEEDLOT,26-02-07-193992,204,Male,Gelbvieh,Batch 1018 - SVC Farming,,,,checked,68536,"February 19, 2026",
54247 A- FEEDLOT,26-02-07-193978,198,Male,Braunvieh,Batch 1018 - SVC Farming,,,,checked,68536,"February 19, 2026",
54247 A- FEEDLOT,26-02-07-193941,181,Male,Brahman,Batch 1018 - SVC Farming,,,,checked,68536,"February 19, 2026",
54247 A- FEEDLOT,26-02-07-193999,192,Male,Brahman,Batch 1018 - SVC Farming,,,,checked,68536,"February 19, 2026",
54247 A- FEEDLOT,26-02-07-194129,254,Male,Brahman,Batch 1018 - SVC Farming,,,,checked,68536,"February 19, 2026",
54247 A- FEEDLOT,26-02-07-194070,215,Male,Bonsmara,Batch 1018 - SVC Farming,,,,checked,68536,"February 19, 2026",
54247 A- FEEDLOT,26-02-07-193957,192,Male,Brahman,Batch 1018 - SVC Farming,,,,checked,68536,"February 19, 2026",
54247 A- FEEDLOT,26-02-07-194009,242,Male,Brahman,Batch 1018 - SVC Farming,,,,checked,68536,"February 19, 2026",
54247 A- FEEDLOT,26-02-07-193943,202,Male,Brahman,Batch 1018 - SVC Farming,,,,checked,68536,"February 19, 2026",
54247 A- FEEDLOT,26-02-07-193979,233,Male,Brahman,Batch 1018 - SVC Farming,,,,checked,68536,"February 19, 2026",
54247 A- FEEDLOT,26-02-07-193971,225,Male,Brahman,Batch 1018 - SVC Farming,,,,checked,68536,"February 19, 2026",
54247 A- FEEDLOT,26-02-07-194030,218,Female,Brahman,Batch 1018 - SVC Farming,,,,checked,68536,"February 19, 2026",
54247 A- FEEDLOT,26-02-07-194130,191,Male,Brahman,Batch 1018 - SVC Farming,,,,checked,68536,"February 19, 2026",
54247 A- FEEDLOT,26-02-07-194038,176,Male,Brahman,Batch 1018 - SVC Farming,,,,checked,68536,"February 19, 2026",
54247 A- FEEDLOT,26-02-07-194005,243,Male,Brahman,Batch 1018 - SVC Farming,,,,checked,68536,"February 19, 2026",
54247 A- FEEDLOT,26-02-07-193962,250,Male,Brahman Cross,Batch 1018 - SVC Farming,,,,checked,68536,"February 19, 2026",
54247 A- FEEDLOT,26-02-07-194018,244,Male,Brahman,Batch 1018 - SVC Farming,,,,checked,68536,"February 19, 2026",
54247 A- FEEDLOT,26-02-07-193972,179,Male,Brahman,Batch 1018 - SVC Farming,,,,checked,68536,"February 19, 2026",
54247 A- FEEDLOT,26-02-07-193968,145,Male,Brahman,Batch 1018 - SVC Farming,,,,checked,68536,"February 19, 2026",
54247 A- FEEDLOT,26-02-07-194021,185,Male,Brahman,Batch 1018 - SVC Farming,,,,checked,68536,"February 19, 2026",
54247 A- FEEDLOT,26-02-07-193988,220,Male,Braford,Batch 1018 - SVC Farming,,,,checked,68536,"February 19, 2026",
54247 A- FEEDLOT,26-02-07-194131,201,Male,Bonsmara,Batch 1018 - SVC Farming,,,,checked,68536,"February 19, 2026",
54247 A- FEEDLOT,26-02-07-193977,168,Male,Brahman,Batch 1018 - SVC Farming,,,,checked,68536,"February 19, 2026",
54247 A- FEEDLOT,26-02-07-193926,193,Male,Brahman,Batch 1018 - SVC Farming,,,,checked,68536,"February 19, 2026",
54247 A- FEEDLOT,26-02-07-193991,200,Male,Brahman,Batch 1018 - SVC Farming,,,,checked,68536,"February 19, 2026",
54247 A- FEEDLOT,26-02-07-194034,242,Male,Simmentaler,Batch 1018 - SVC Farming,,,,checked,68536,"February 19, 2026",
54247 A- FEEDLOT,26-02-07-193925,250,Male,Bonsmara,Batch 1018 - SVC Farming,,,,checked,68536,"February 19, 2026",
54247 A- FEEDLOT,26-02-07-193930,245,Male,Brahman,Batch 1018 - SVC Farming,,,,checked,68536,"February 19, 2026",
54247 A- FEEDLOT,26-02-07-194014,221,Male,Brahman,Batch 1018 - SVC Farming,,,,checked,68536,"February 19, 2026",
54247 A- FEEDLOT,26-02-07-194019,203,Male,Bonsmara,Batch 1018 - SVC Farming,,,,checked,68536,"February 19, 2026",
54247 A- FEEDLOT,26-02-07-194147,208,Male,Brahman,Batch 1018 - SVC Farming,,,,checked,68536,"February 19, 2026",
54247 A- FEEDLOT,26-02-07-193975,234,Male,Brahman,Batch 1018 - SVC Farming,,,,checked,68536,"February 19, 2026",
54247 A- FEEDLOT,26-02-07-193986,191,Male,Brahman,Batch 1018 - SVC Farming,,,,checked,68536,"February 19, 2026",
54247 A- FEEDLOT,26-02-07-193993,224,Male,Brahman,Batch 1018 - SVC Farming,,,,checked,68536,"February 19, 2026",
54247 A- FEEDLOT,26-02-07-193997,203,Female,Braunvieh,Batch 1018 - SVC Farming,,,,checked,68536,"February 19, 2026",
54247 A- FEEDLOT,26-02-07-193959,250,Male,Brahman,Batch 1018 - SVC Farming,,,,checked,68536,"February 19, 2026",
54247 A- FEEDLOT,26-02-07-193937,169,Male,Brahman Cross,Batch 1018 - SVC Farming,,,,checked,68536,"February 19, 2026",
54247 A- FEEDLOT,26-02-07-194003,200,Male,Brahman Cross,Batch 1018 - SVC Farming,,,,checked,68536,"February 19, 2026",
54247 A- FEEDLOT,26-02-07-193969,202,Male,Brahman,Batch 1018 - SVC Farming,,,,checked,68536,"February 19, 2026",
54247 A- FEEDLOT,26-02-07-194011,202,Male,Brahman,Batch 1018 - SVC Farming,,,,checked,68536,"February 19, 2026",
54247 A- FEEDLOT,26-02-07-193922,177,Male,Brahman,Batch 1018 - SVC Farming,,,,checked,68536,"February 19, 2026",
54247 A- FEEDLOT,26-02-07-194023,236,Male,Bonsmara,Batch 1018 - SVC Farming,,,,checked,68536,"February 19, 2026",
54247 A- FEEDLOT,26-02-07-193958,227,Male,Simmentaler,Batch 1018 - SVC Farming,,,,checked,68536,"February 19, 2026",
54247 A- FEEDLOT,26-02-07-194031,206,Male,Brahman,Batch 1018 - SVC Farming,,,,checked,68536,"February 19, 2026",
54247 A- FEEDLOT,26-02-07-193970,190,Male,Brahman,Batch 1018 - SVC Farming,,,,checked,68536,"February 19, 2026",
54247 A- FEEDLOT,26-02-07-193952,207,Male,Brahman,Batch 1018 - SVC Farming,,,,checked,68536,"February 19, 2026",
54247 A- FEEDLOT,26-02-07-194039,222,Male,Bonsmara,Batch 1018 - SVC Farming,,,,checked,68536,"February 19, 2026",
54247 A- FEEDLOT,26-02-07-194000,178,Male,Brahman,Batch 1018 - SVC Farming,,,,checked,68536,"February 19, 2026",
54247 A- FEEDLOT,26-02-07-193927,238,Male,Brahman Cross,Batch 1018 - SVC Farming,,,,checked,68536,"February 19, 2026",
54247 A- FEEDLOT,26-02-07-193929,225,Male,Braunvieh,Batch 1018 - SVC Farming,,,,checked,68536,"February 19, 2026",
54247 A- FEEDLOT,26-02-07-193963,210,Male,Brahman,Batch 1018 - SVC Farming,,,,checked,68536,"February 19, 2026",
54247 A- FEEDLOT,26-02-07-193933,202,Male,Brahman,Batch 1018 - SVC Farming,,,,checked,68536,"February 19, 2026",
54247 A- FEEDLOT,26-02-07-193998,235,Male,Brahman,Batch 1018 - SVC Farming,,,,checked,68536,"February 19, 2026",
54247 A- FEEDLOT,26-02-07-194040,164,Male,Brahman,Batch 1018 - SVC Farming,,,,checked,68536,"February 19, 2026",
54247 A- FEEDLOT,26-02-07-193950,171,Male,Brahman,Batch 1018 - SVC Farming,,,,checked,68536,"February 19, 2026",
54247 A- FEEDLOT,26-02-07-194006,256,Male,Brangus,Batch 1018 - SVC Farming,,,,checked,68536,"February 19, 2026",
54247 A- FEEDLOT,26-02-07-194097,170,Male,Brahman,Batch 1018 - SVC Farming,,,,checked,68536,"February 19, 2026",
54247 A- FEEDLOT,26-02-07-193924,178,Male,Brahman,Batch 1018 - SVC Farming,,,,checked,68536,"February 19, 2026",
54247 A- FEEDLOT,26-02-07-193967,154,Male,Bonsmara,Batch 1018 - SVC Farming,,,,checked,68536,"February 19, 2026",
54247 A- FEEDLOT,26-02-07-194036,253,Male,Brahman,Batch 1018 - SVC Farming,,,,checked,68536,"February 19, 2026",
54247 A- FEEDLOT,26-02-07-193928,267,Male,Brahman,Batch 1018 - SVC Farming,,,,checked,68536,"February 19, 2026",
54247 A- FEEDLOT,26-02-07-193954,206,Male,Brahman,Batch 1018 - SVC Farming,,,,checked,68536,"February 19, 2026",
54247 A- FEEDLOT,26-02-07-194042,185,Female,Brahman,Batch 1018 - SVC Farming,,,,checked,68536,"February 19, 2026",
54247 A- FEEDLOT,26-02-07-193931,241,Male,Brahman,Batch 1018 - SVC Farming,,,,checked,68536,"February 19, 2026",
54247 A- FEEDLOT,26-02-07-193953,183,Male,Brahman Cross,Batch 1018 - SVC Farming,,,,checked,68536,"February 19, 2026",
54247 A- FEEDLOT,26-02-07-194010,213,Male,Brahman,Batch 1018 - SVC Farming,,,,checked,68536,"February 19, 2026",
54247 A- FEEDLOT,26-02-07-193984,209,Male,Brahman,Batch 1018 - SVC Farming,,,,checked,68536,"February 19, 2026",
54247 A- FEEDLOT,26-02-07-193987,196,Male,Brahman,Batch 1018 - SVC Farming,,,,checked,68536,"February 19, 2026",
54247 A- FEEDLOT,26-02-07-194016,233,Male,Brahman,Batch 1018 - SVC Farming,,,,checked,68536,"February 19, 2026",
54247 A- FEEDLOT,26-02-07-193989,148,Male,Brahman,Batch 1018 - SVC Farming,,,,checked,68536,"February 19, 2026",
54247 A- FEEDLOT,26-02-07-194025,173,Male,Brahman,Batch 1018 - SVC Farming,,,,checked,68536,"February 19, 2026",
54247 A- FEEDLOT,26-02-07-194033,199,Male,Brahman,Batch 1018 - SVC Farming,,,,checked,68536,"February 19, 2026",
54247 A- FEEDLOT,26-02-07-194035,125,Male,Brahman,Batch 1018 - SVC Farming,,,,checked,68536,"February 19, 2026",
54247 A- FEEDLOT,26-02-07-193934,168,Male,Charolais,Batch 1018 - SVC Farming,,,,checked,68536,"February 19, 2026",
54247 A- FEEDLOT,26-02-07-193982,222,Male,Brahman,Batch 1018 - SVC Farming,,,,checked,68536,"February 19, 2026",
54247 A- FEEDLOT,26-02-07-194012,236,Female,Brahman,Batch 1018 - SVC Farming,,,,checked,68536,"February 19, 2026",
54247 A- FEEDLOT,26-02-07-194029,224,Male,Brahman,Batch 1018 - SVC Farming,,,,checked,68536,"February 19, 2026",
54247 A- FEEDLOT,26-02-07-194024,228,Male,Brahman,Batch 1018 - SVC Farming,,,,checked,68536,"February 19, 2026",
54247 A- FEEDLOT,26-02-07-193960,256,Male,Brahman,Batch 1018 - SVC Farming,,,,checked,68536,"February 19, 2026",
54247 A- FEEDLOT,26-02-07-194027,205,Male,Brahman,Batch 1018 - SVC Farming,,,,checked,68536,"February 19, 2026",
54247 A- FEEDLOT,26-02-07-193983,205,Male,Brahman,Batch 1018 - SVC Farming,,,,checked,68536,"February 19, 2026",
54247 A- FEEDLOT,26-02-07-194041,213,Female,Simmentaler,Batch 1018 - SVC Farming,,,,checked,68536,"February 19, 2026",
54247 A- FEEDLOT,26-02-07-193974,194,Male,Brahman,Batch 1018 - SVC Farming,,,,checked,68536,"February 19, 2026",
54247 A- FEEDLOT,26-02-07-193951,236,Male,Simbra,Batch 1018 - SVC Farming,,,,checked,68536,"February 19, 2026",
54247 A- FEEDLOT,26-02-07-193994,212,Male,Brahman,Batch 1018 - SVC Farming,,,,checked,68536,"February 19, 2026",
54247 A- FEEDLOT,26-02-07-193964,154,Male,Brahman,Batch 1018 - SVC Farming,,,,checked,68536,"February 19, 2026",
54247 A- FEEDLOT,26-02-07-193996,184,Male,Brahman,Batch 1018 - SVC Farming,,,,checked,68536,"February 19, 2026",
54247 A- FEEDLOT,26-02-07-194001,201,Male,Bonsmara,Batch 1018 - SVC Farming,,,,checked,68536,"February 19, 2026",
54247 A- FEEDLOT,26-02-07-193961,167,Male,Brahman,Batch 1018 - SVC Farming,,,,checked,68536,"February 19, 2026",
54247 A- FEEDLOT,26-02-07-194151,195,Male,Brahman,Batch 1018 - SVC Farming,,,,checked,68536,"February 19, 2026",
54247 A- FEEDLOT,26-02-07-194099,197,Male,Brahman,Batch 1018 - SVC Farming,,,,checked,68536,"February 19, 2026",
54247 A- FEEDLOT,26-02-07-194037,234,Male,Brahman,Batch 1018 - SVC Farming,,,,checked,68536,"February 19, 2026",
54247 A- FEEDLOT,26-02-07-194149,246,Female,Brahman,Batch 1018 - SVC Farming,,,,checked,68536,"February 19, 2026",
54247 A- FEEDLOT,26-02-07-194032,242,Male,Brahman Cross,Batch 1018 - SVC Farming,,,,checked,68536,"February 19, 2026",
54247 A- FEEDLOT,26-02-07-193940,172,Male,Brahman,Batch 1018 - SVC Farming,,,,checked,68536,"February 19, 2026",
54247 A- FEEDLOT,26-02-07-194148,197,Male,Brahman,Batch 1018 - SVC Farming,,,,checked,68536,"February 19, 2026",
54247 A- FEEDLOT,26-02-07-194022,207,Male,Brahman,Batch 1018 - SVC Farming,,,,checked,68536,"February 19, 2026",
54247 A- FEEDLOT,26-02-07-193956,194,Male,Brahman,Batch 1018 - SVC Farming,,,,checked,68536,"February 19, 2026",
54247 A- FEEDLOT,26-02-07-193981,158,Male,Brahman,Batch 1018 - SVC Farming,,,,checked,68536,"February 19, 2026",
54247 A- FEEDLOT,26-02-07-194013,249,Male,Braford,Batch 1018 - SVC Farming,,,,checked,68536,"February 19, 2026",
54247 A- FEEDLOT,26-02-07-193973,190,Male,Brahman,Batch 1018 - SVC Farming,,,,checked,68536,"February 19, 2026",
54247 A- FEEDLOT,26-02-07-193965,219,Male,Brahman,Batch 1018 - SVC Farming,,,,checked,68536,"February 19, 2026",
54247 A- FEEDLOT,26-02-07-194008,188,Male,Brahman Cross,Batch 1018 - SVC Farming,,,,checked,68536,"February 19, 2026",
54247 A- FEEDLOT,26-02-07-193932,131,Male,Brahman,Batch 1018 - SVC Farming,,,,checked,68536,"February 19, 2026",
54247 A- FEEDLOT,26-02-07-194028,172,Male,Brahman,Batch 1018 - SVC Farming,,,,checked,68536,"February 19, 2026",
54247 A- FEEDLOT,26-02-07-194004,219,Male,Brahman,Batch 1018 - SVC Farming,,,,checked,68536,"February 19, 2026",
54247 A- FEEDLOT,26-02-07-193990,234,Female,Brahman,Batch 1018 - SVC Farming,,,,checked,68536,"February 19, 2026",
54247 A- FEEDLOT,26-02-07-194154,235,Male,Brahman,Batch 1018 - SVC Farming,,,,checked,68536,"February 19, 2026",
54247 A- FEEDLOT,26-02-07-194043,198,Female,Brahman,Batch 1018 - SVC Farming,,,,checked,68536,"February 19, 2026",
54247 A- FEEDLOT,26-02-07-193942,224,Male,Brahman,Batch 1018 - SVC Farming,,,,checked,68536,"February 19, 2026",
54247 A- FEEDLOT,26-02-07-194015,201,Female,Brahman,Batch 1018 - SVC Farming,,,,checked,68536,"February 19, 2026",
54247 A- FEEDLOT,26-02-07-194017,205,Male,Brahman,Batch 1018 - SVC Farming,,,,checked,68536,"February 19, 2026",
54247 A- FEEDLOT,26-02-07-194002,238,Male,Brahman,Batch 1018 - SVC Farming,,,,checked,68536,"February 19, 2026",
54247 A- FEEDLOT,26-02-07-194020,235,Male,Brahman,Batch 1018 - SVC Farming,,,,checked,68536,"February 19, 2026",
54247 A- FEEDLOT,26-02-07-193955,219,Male,Brahman,Batch 1018 - SVC Farming,,,,checked,68536,"February 19, 2026",
54247 A- FEEDLOT,26-02-07-193980,212,Male,Brahman,Batch 1018 - SVC Farming,,,,checked,68536,"February 19, 2026",
54247 A- FEEDLOT,26-02-07-194026,183,Male,Brahman,Batch 1018 - SVC Farming,,,,checked,68536,"February 19, 2026",
54247 A- FEEDLOT,26-02-07-193923,193,Male,Brahman,Batch 1018 - SVC Farming,,,,checked,68536,"February 19, 2026",
54247 A- FEEDLOT,26-02-07-194150,229,Male,Brahman,Batch 1018 - SVC Farming,,,,checked,68536,"February 19, 2026",
54247 A- FEEDLOT,26-02-07-194007,279,Male,Bonsmara,Batch 1018 - SVC Farming,,,,checked,68536,"February 19, 2026",
54247 A- FEEDLOT,26-02-07-193995,185,Female,Brahman,Batch 1018 - SVC Farming,,,,checked,68536,"February 19, 2026",
54247 A- FEEDLOT,26-02-07-193966,138,Male,Brahman,Batch 1018 - SVC Farming,,,,checked,68536,"February 19, 2026",
54247 A- FEEDLOT,26-02-07-193935,160,Male,Brahman,Batch 1018 - SVC Farming,,,,checked,68536,"February 19, 2026",
54247 A- FEEDLOT,26-02-07-193936,248,Male,Brahman,Batch 1018 - SVC Farming,,,,checked,68536,"February 19, 2026",
54247 A- FEEDLOT,26-02-07-193976,199,Male,Brahman,Batch 1018 - SVC Farming,,,,checked,68536,"February 19, 2026",
54247 A- FEEDLOT,26-02-07-194098,249,Male,Brahman,Batch 1018 - SVC Farming,,,,checked,68536,"February 19, 2026",
54410 - ROODEKOPPIES,25-08-34-192918,233,Male,Bonsmara,Batch 1019 - SVC Farming,,,,,,,
54410 - ROODEKOPPIES,25-08-34-192931,241,Male,Brahman,Batch 1019 - SVC Farming,,,,,,,
54410 - ROODEKOPPIES,25-08-34-192929,228,Male,Brahman,Batch 1019 - SVC Farming,,,,,,,
54410 - ROODEKOPPIES,25-08-34-192962,234,Male,Brahman Cross,Batch 1019 - SVC Farming,,,,,,,
54410 - ROODEKOPPIES,25-08-34-192952,233,Male,Hugenot,Batch 1019 - SVC Farming,,,,,,,
54410 - ROODEKOPPIES,25-08-34-192899,207,Male,Brahman,Batch 1019 - SVC Farming,,,,,,,
54410 - ROODEKOPPIES,25-08-34-192909,208,Female,Brahman Cross,Batch 1019 - SVC Farming,,,,,,,
54410 - ROODEKOPPIES,25-08-34-192950,230,Male,Brahman Cross,Batch 1019 - SVC Farming,,,,,,,
54410 - ROODEKOPPIES,25-08-34-192951,222,Male,Brahman,Batch 1019 - SVC Farming,,,,,,,
54410 - ROODEKOPPIES,25-08-34-192860,222,Male,Brahman,Batch 1019 - SVC Farming,,,,,,,
54410 - ROODEKOPPIES,25-08-34-192961,244,Male,Brahman,Batch 1019 - SVC Farming,,,,,,,
54410 - ROODEKOPPIES,25-08-34-192964,236,Female,Brahman,Batch 1019 - SVC Farming,,,,,,,
54410 - ROODEKOPPIES,25-08-34-192849,240,Female,Brahman Cross,Batch 1019 - SVC Farming,,,,,,,
54410 - ROODEKOPPIES,25-08-34-192945,262,Male,Brahman Cross,Batch 1019 - SVC Farming,,,,,,,
54410 - ROODEKOPPIES,25-08-34-192882,224,Male,Bonsmara,Batch 1019 - SVC Farming,,,,,,,
54410 - ROODEKOPPIES,25-08-34-192914,233,Male,Simmentaler,Batch 1019 - SVC Farming,,,,,,,
54410 - ROODEKOPPIES,25-08-34-192928,248,Female,Brahman Cross,Batch 1019 - SVC Farming,,,,,,,
54410 - ROODEKOPPIES,25-08-34-192915,251,Male,Brahman Cross,Batch 1019 - SVC Farming,,,,,,,
54410 - ROODEKOPPIES,25-08-34-192937,215,Female,Brahman Cross,Batch 1019 - SVC Farming,,,,,,,
54410 - ROODEKOPPIES,25-08-34-192852,278,Male,Brahman Cross,Batch 1019 - SVC Farming,,,,,,,
54410 - ROODEKOPPIES,25-08-34-192963,232,Male,Hugenot,Batch 1019 - SVC Farming,,,,,,,
54410 - ROODEKOPPIES,25-08-34-192885,222,Male,Brahman,Batch 1019 - SVC Farming,,,,,,,
54410 - ROODEKOPPIES,25-08-34-192864,228,Male,Brahman,Batch 1019 - SVC Farming,,,,,,,
54410 - ROODEKOPPIES,25-08-34-192960,225,Female,Brahman Cross,Batch 1019 - SVC Farming,,,,,,,
54410 - ROODEKOPPIES,25-08-34-192907,216,Male,Hugenot,Batch 1019 - SVC Farming,,,,,,,
54410 - ROODEKOPPIES,25-08-34-192892,234,Male,Brahman,Batch 1019 - SVC Farming,,,,,,,
54410 - ROODEKOPPIES,25-08-34-192949,230,Male,Brahman,Batch 1019 - SVC Farming,,,,,,,
54410 - ROODEKOPPIES,25-08-34-192926,224,Male,Brahman Cross,Batch 1019 - SVC Farming,,,,,,,
54410 - ROODEKOPPIES,25-08-34-192872,256,Male,Brahman,Batch 1019 - SVC Farming,,,,,,,
54410 - ROODEKOPPIES,25-08-34-192932,267,Male,Hereford,Batch 1019 - SVC Farming,,,,,,,
54410 - ROODEKOPPIES,25-08-34-192924,228,Male,Brahman,Batch 1019 - SVC Farming,,,,,,,
54410 - ROODEKOPPIES,25-08-34-192898,220,Male,Simmentaler,Batch 1019 - SVC Farming,,,,,,,
54410 - ROODEKOPPIES,25-08-34-192920,244,Male,Brahman Cross,Batch 1019 - SVC Farming,,,,,,,
54410 - ROODEKOPPIES,25-08-34-192878,225,Male,Brahman,Batch 1019 - SVC Farming,,,,,,,
54410 - ROODEKOPPIES,25-08-34-192953,189,Male,Brahman,Batch 1019 - SVC Farming,,,,,,,
54410 - ROODEKOPPIES,25-08-34-192906,249,Male,Brahman,Batch 1019 - SVC Farming,,,,,,,
54410 - ROODEKOPPIES,25-08-34-192917,229,Male,Brahman,Batch 1019 - SVC Farming,,,,,,,
54410 - ROODEKOPPIES,25-08-34-192940,250,Male,Brahman,Batch 1019 - SVC Farming,,,,,,,
54410 - ROODEKOPPIES,25-08-34-192959,214,Male,Hugenot,Batch 1019 - SVC Farming,,,,,,,
54410 - ROODEKOPPIES,25-08-34-192933,196,Male,Brahman Cross,Batch 1019 - SVC Farming,,,,,,,
54410 - ROODEKOPPIES,25-08-34-192948,202,Male,Hugenot,Batch 1019 - SVC Farming,,,,,,,
54410 - ROODEKOPPIES,25-08-34-192859,223,Male,Bonsmara,Batch 1019 - SVC Farming,,,,,,,
54410 - ROODEKOPPIES,25-08-34-192886,213,Male,Brahman,Batch 1019 - SVC Farming,,,,,,,
54410 - ROODEKOPPIES,25-08-34-192965,235,Male,Brahman,Batch 1019 - SVC Farming,,,,,,,
54410 - ROODEKOPPIES,25-08-34-192869,227,Female,Brahman,Batch 1019 - SVC Farming,,,,,,,
54410 - ROODEKOPPIES,25-08-34-192944,235,Female,Brahman Cross,Batch 1019 - SVC Farming,,,,,,,
54410 - ROODEKOPPIES,25-08-34-192922,209,Male,Brahman,Batch 1019 - SVC Farming,,,,,,,
54410 - ROODEKOPPIES,25-08-34-192897,232,Male,Brahman,Batch 1019 - SVC Farming,,,,,,,
54410 - ROODEKOPPIES,25-08-34-192881,219,Female,Brahman,Batch 1019 - SVC Farming,,,,,,,
54410 - ROODEKOPPIES,25-08-34-192880,293,Male,Brahman,Batch 1019 - SVC Farming,,,,,,,
54410 - ROODEKOPPIES,25-08-34-192895,221,Male,Brahman,Batch 1019 - SVC Farming,,,,,,,
54410 - ROODEKOPPIES,25-08-34-192938,229,Male,Simmentaler,Batch 1019 - SVC Farming,,,,,,,
54410 - ROODEKOPPIES,25-08-34-192856,235,Male,Hugenot,Batch 1019 - SVC Farming,,,,,,,
54410 - ROODEKOPPIES,25-08-34-192910,250,Male,Brahman,Batch 1019 - SVC Farming,,,,,,,
54410 - ROODEKOPPIES,25-08-34-192930,242,Male,Brahman,Batch 1019 - SVC Farming,,,,,,,
54410 - ROODEKOPPIES,25-08-34-192877,220,Female,Brahman,Batch 1019 - SVC Farming,,,,,,,
54410 - ROODEKOPPIES,25-08-34-192956,227,Male,Hereford,Batch 1019 - SVC Farming,,,,,,,
54410 - ROODEKOPPIES,25-08-34-192868,250,Male,Hereford,Batch 1019 - SVC Farming,,,,,,,
54410 - ROODEKOPPIES,25-08-34-192889,208,Female,Brahman,Batch 1019 - SVC Farming,,,,,,,
54410 - ROODEKOPPIES,25-08-34-192903,242,Male,Hereford,Batch 1019 - SVC Farming,,,,,,,
54410 - ROODEKOPPIES,25-08-34-192874,228,Male,Hugenot,Batch 1019 - SVC Farming,,,,,,,
54410 - ROODEKOPPIES,25-08-34-192888,217,Male,Brahman,Batch 1019 - SVC Farming,,,,,,,
54410 - ROODEKOPPIES,25-08-34-192904,206,Female,Hugenot,Batch 1019 - SVC Farming,,,,,,,
54410 - ROODEKOPPIES,25-08-34-192876,230,Female,Brahman,Batch 1019 - SVC Farming,,,,,,,
54410 - ROODEKOPPIES,25-08-34-192942,188,Male,Bonsmara,Batch 1019 - SVC Farming,,,,,,,
54410 - ROODEKOPPIES,25-08-34-192893,252,Male,Simmentaler,Batch 1019 - SVC Farming,,,,,,,
54410 - ROODEKOPPIES,25-08-34-192916,277,Male,Brahman Cross,Batch 1019 - SVC Farming,,,,,,,
54410 - ROODEKOPPIES,25-08-34-192863,275,Male,Hugenot,Batch 1019 - SVC Farming,,,,,,,
54410 - ROODEKOPPIES,25-08-34-192900,238,Male,Brahman,Batch 1019 - SVC Farming,,,,,,,
54410 - ROODEKOPPIES,25-08-34-192854,220,Male,Brahman,Batch 1019 - SVC Farming,,,,,,,
54410 - ROODEKOPPIES,25-08-34-192927,263,Female,Brahman,Batch 1019 - SVC Farming,,,,,,,
54410 - ROODEKOPPIES,25-08-34-192887,222,Male,Hugenot,Batch 1019 - SVC Farming,,,,,,,
54410 - ROODEKOPPIES,25-08-34-192883,244,Male,Brahman,Batch 1019 - SVC Farming,,,,,,,
54410 - ROODEKOPPIES,25-08-34-192884,248,Male,Brahman,Batch 1019 - SVC Farming,,,,,,,
54410 - ROODEKOPPIES,25-08-34-192861,237,Male,Brahman,Batch 1019 - SVC Farming,,,,,,,
54410 - ROODEKOPPIES,25-08-34-192955,228,Male,Hugenot,Batch 1019 - SVC Farming,,,,,,,
54410 - ROODEKOPPIES,25-08-34-192919,178,Male,Bonsmara,Batch 1019 - SVC Farming,,,,,,,
54410 - ROODEKOPPIES,25-08-34-192879,238,Male,Brahman,Batch 1019 - SVC Farming,,,,,,,
54410 - ROODEKOPPIES,25-08-34-192946,227,Female,Hugenot,Batch 1019 - SVC Farming,,,,,,,
54410 - ROODEKOPPIES,25-08-34-192870,217,Male,Bonsmara,Batch 1019 - SVC Farming,,,,,,,
54410 - ROODEKOPPIES,25-08-34-192891,221,Male,Bonsmara,Batch 1019 - SVC Farming,,,,,,,
54410 - ROODEKOPPIES,25-08-34-192941,217,Male,Brahman,Batch 1019 - SVC Farming,,,,,,,
54410 - ROODEKOPPIES,25-08-34-192855,239,Male,Simbra,Batch 1019 - SVC Farming,,,,,,,
54410 - ROODEKOPPIES,25-08-34-192902,191,Female,Brahman,Batch 1019 - SVC Farming,,,,,,,
54410 - ROODEKOPPIES,25-08-34-192853,228,Male,Brahman,Batch 1019 - SVC Farming,,,,,,,
54410 - ROODEKOPPIES,25-08-34-192925,241,Male,Brahman Cross,Batch 1019 - SVC Farming,,,,,,,
54410 - ROODEKOPPIES,25-08-34-192923,237,Male,Brahman Cross,Batch 1019 - SVC Farming,,,,,,,
54410 - ROODEKOPPIES,25-08-34-192905,262,Male,Brahman,Batch 1019 - SVC Farming,,,,,,,
54410 - ROODEKOPPIES,25-08-34-192851,222,Female,Brahman,Batch 1019 - SVC Farming,,,,,,,
54410 - ROODEKOPPIES,25-08-34-192954,204,Male,Bonsmara,Batch 1019 - SVC Farming,,,,,,,
54410 - ROODEKOPPIES,25-08-34-192943,217,Female,Brahman,Batch 1019 - SVC Farming,,,,,,,
54410 - ROODEKOPPIES,25-08-34-192871,248,Male,Brahman,Batch 1019 - SVC Farming,,,,,,,
54410 - ROODEKOPPIES,25-08-34-192921,246,Male,Brahman,Batch 1019 - SVC Farming,,,,,,,
54410 - ROODEKOPPIES,25-08-34-192939,246,Male,Brahman,Batch 1019 - SVC Farming,,,,,,,
54410 - ROODEKOPPIES,25-08-34-192934,228,Male,Bonsmara,Batch 1019 - SVC Farming,,,,,,,
54410 - ROODEKOPPIES,25-08-34-192936,198,Female,Brahman Cross,Batch 1019 - SVC Farming,,,,,,,
54410 - ROODEKOPPIES,25-08-34-192873,220,Male,Brahman,Batch 1019 - SVC Farming,,,,,,,
54410 - ROODEKOPPIES,25-08-34-192857,243,Female,Bonsmara,Batch 1019 - SVC Farming,,,,,,,
54410 - ROODEKOPPIES,25-08-34-192865,227,Male,Brahman,Batch 1019 - SVC Farming,,,,,,,
54410 - ROODEKOPPIES,25-08-34-192858,226,Female,Brahman,Batch 1019 - SVC Farming,,,,,,,
54410 - ROODEKOPPIES,25-08-34-192957,214,Male,Brahman Cross,Batch 1019 - SVC Farming,,,,,,,
54410 - ROODEKOPPIES,25-08-34-192912,221,Female,Brahman,Batch 1019 - SVC Farming,,,,,,,
54410 - ROODEKOPPIES,25-08-34-192866,279,Male,Brahman,Batch 1019 - SVC Farming,,,,,,,
54410 - ROODEKOPPIES,25-08-34-192875,248,Female,Bonsmara,Batch 1019 - SVC Farming,,,,,,,
54410 - ROODEKOPPIES,25-08-34-192935,259,Male,Bonsmara,Batch 1019 - SVC Farming,,,,,,,
54410 - ROODEKOPPIES,25-08-34-192958,220,Male,Brahman Cross,Batch 1019 - SVC Farming,,,,,,,
54410 - ROODEKOPPIES,25-08-34-192908,250,Female,Brahman,Batch 1019 - SVC Farming,,,,,,,
54410 - ROODEKOPPIES,25-08-34-193079,231,Male,Brahman,Batch 1019 - SVC Farming,,,,,,,
54410 - ROODEKOPPIES,25-08-34-192894,302,Male,Hugenot,Batch 1019 - SVC Farming,,,,,,,
54410 - ROODEKOPPIES,25-08-34-192901,265,Female,Brahman,Batch 1019 - SVC Farming,,,,,,,
54410 - ROODEKOPPIES,25-08-34-192890,226,Female,Brahman Cross,Batch 1019 - SVC Farming,,,,,,,
54410 - ROODEKOPPIES,25-08-34-192850,207,Male,Brahman,Batch 1019 - SVC Farming,,,,,,,
54410 - ROODEKOPPIES,25-08-34-192947,208,Male,Bonsmara,Batch 1019 - SVC Farming,,,,,,,
54410 - ROODEKOPPIES,25-08-34-192911,224,Male,Brahman Cross,Batch 1019 - SVC Farming,,,,,,,
54410 - ROODEKOPPIES,25-08-34-192867,214,Male,Brahman,Batch 1019 - SVC Farming,,,,,,,
54410 - ROODEKOPPIES,25-08-34-192913,236,Male,Brahman,Batch 1019 - SVC Farming,,,,,,,
54410 - ROODEKOPPIES,25-08-34-192896,240,Male,Brahman,Batch 1019 - SVC Farming,,,,,,,
54410 - ROODEKOPPIES,25-08-34-192862,236,Female,Brahman,Batch 1019 - SVC Farming,,,,,,,
54411 - ROODEKOPPIES,25-08-34-193073,239,Female,Cross Breed,Batch 1020 - SVC Farming,,,,,,,
54411 - ROODEKOPPIES,25-08-34-192997,217,Male,Brahman,Batch 1020 - SVC Farming,,,,,,,
54411 - ROODEKOPPIES,25-08-34-193057,237,Male,Bonsmara,Batch 1020 - SVC Farming,,,,,,,
54411 - ROODEKOPPIES,25-08-34-192974,210,Male,Brahman,Batch 1020 - SVC Farming,,,,,,,
54411 - ROODEKOPPIES,25-08-34-193045,229,Male,Brahman,Batch 1020 - SVC Farming,,,,,,,
54411 - ROODEKOPPIES,25-08-34-192983,239,Male,Brahman Cross,Batch 1020 - SVC Farming,,,,,,,
54411 - ROODEKOPPIES,25-08-34-193031,229,Male,Brahman Cross,Batch 1020 - SVC Farming,,,,,,,
54411 - ROODEKOPPIES,25-08-34-193040,272,Male,Brahman,Batch 1020 - SVC Farming,,,,,,,
54411 - ROODEKOPPIES,25-08-34-193065,273,Male,Bonsmara,Batch 1020 - SVC Farming,,,,,,,
54411 - ROODEKOPPIES,25-08-34-193036,206,Male,Brahman,Batch 1020 - SVC Farming,,,,,,,
54411 - ROODEKOPPIES,25-08-34-193015,255,Male,Brahman,Batch 1020 - SVC Farming,,,,,,,
54411 - ROODEKOPPIES,25-08-34-193017,269,Male,Brahman,Batch 1020 - SVC Farming,,,,,,,
54411 - ROODEKOPPIES,25-08-34-192971,258,Male,Brahman,Batch 1020 - SVC Farming,,,,,,,
54411 - ROODEKOPPIES,25-08-34-193041,262,Male,Bonsmara,Batch 1020 - SVC Farming,,,,,,,
54411 - ROODEKOPPIES,25-08-34-192998,267,Male,Brahman Cross,Batch 1020 - SVC Farming,,,,,,,
54411 - ROODEKOPPIES,25-08-34-193069,249,Male,Brahman,Batch 1020 - SVC Farming,,,,,,,
54411 - ROODEKOPPIES,25-08-34-193075,225,Female,Bonsmara,Batch 1020 - SVC Farming,,,,,,,
54411 - ROODEKOPPIES,25-08-34-193076,289,Male,Bonsmara,Batch 1020 - SVC Farming,,,,,,,
54411 - ROODEKOPPIES,25-08-34-193032,309,Male,Brahman Cross,Batch 1020 - SVC Farming,,,,,,,
54411 - ROODEKOPPIES,25-08-34-193009,224,Female,Brahman Cross,Batch 1020 - SVC Farming,,,,,,,
54411 - ROODEKOPPIES,25-08-34-193002,274,Male,Bonsmara,Batch 1020 - SVC Farming,,,,,,,
54411 - ROODEKOPPIES,25-08-34-193028,231,Male,Brahman Cross,Batch 1020 - SVC Farming,,,,,,,
54411 - ROODEKOPPIES,25-08-34-193054,237,Male,Brahman Cross,Batch 1020 - SVC Farming,,,,,,,
54411 - ROODEKOPPIES,25-08-34-192985,247,Male,Brahman,Batch 1020 - SVC Farming,,,,,,,
54411 - ROODEKOPPIES,25-08-34-193016,192,Female,Brahman,Batch 1020 - SVC Farming,,,,,,,
54411 - ROODEKOPPIES,25-08-34-193038,239,Male,Brahman,Batch 1020 - SVC Farming,,,,,,,
54411 - ROODEKOPPIES,25-08-34-193077,238,Male,Brahman,Batch 1020 - SVC Farming,,,,,,,
54411 - ROODEKOPPIES,25-08-34-193010,278,Male,Brahman Cross,Batch 1020 - SVC Farming,,,,,,,
54411 - ROODEKOPPIES,25-08-34-193044,222,Male,Brahman,Batch 1020 - SVC Farming,,,,,,,
54411 - ROODEKOPPIES,25-08-34-192987,234,Male,Brahman,Batch 1020 - SVC Farming,,,,,,,
54411 - ROODEKOPPIES,25-08-34-193008,223,Male,Brahman Cross,Batch 1020 - SVC Farming,,,,,,,
54411 - ROODEKOPPIES,25-08-34-193047,253,Male,Brahman Cross,Batch 1020 - SVC Farming,,,,,,,
54411 - ROODEKOPPIES,25-08-34-193051,263,Male,Cross Breed,Batch 1020 - SVC Farming,,,,,,,
54411 - ROODEKOPPIES,25-08-34-193024,224,Male,Brahman,Batch 1020 - SVC Farming,,,,,,,
54411 - ROODEKOPPIES,25-08-34-192994,237,Male,Cross Breed,Batch 1020 - SVC Farming,,,,,,,
54411 - ROODEKOPPIES,25-08-34-193013,243,Male,Cross Breed,Batch 1020 - SVC Farming,,,,,,,
54411 - ROODEKOPPIES,25-08-34-192978,209,Male,Brahman,Batch 1020 - SVC Farming,,,,,,,
54411 - ROODEKOPPIES,25-08-34-192999,220,Male,Beefmaster,Batch 1020 - SVC Farming,,,,,,,
54411 - ROODEKOPPIES,25-08-34-192976,201,Male,Brahman,Batch 1020 - SVC Farming,,,,,,,
54411 - ROODEKOPPIES,25-08-34-193018,198,Male,Brahman Cross,Batch 1020 - SVC Farming,,,,,,,
54411 - ROODEKOPPIES,25-08-34-193020,286,Male,Brahman Cross,Batch 1020 - SVC Farming,,,,,,,
54411 - ROODEKOPPIES,25-08-34-193059,228,Male,Bonsmara,Batch 1020 - SVC Farming,,,,,,,
54411 - ROODEKOPPIES,25-08-34-193063,259,Male,Brahman Cross,Batch 1020 - SVC Farming,,,,,,,
54411 - ROODEKOPPIES,25-08-34-193019,249,Female,Bonsmara,Batch 1020 - SVC Farming,,,,,,,
54411 - ROODEKOPPIES,25-08-34-193025,252,Male,Brahman,Batch 1020 - SVC Farming,,,,,,,
54411 - ROODEKOPPIES,25-08-34-193062,258,Male,Brahman Cross,Batch 1020 - SVC Farming,,,,,,,
54411 - ROODEKOPPIES,25-08-34-193021,217,Male,Brahman Cross,Batch 1020 - SVC Farming,,,,,,,
54411 - ROODEKOPPIES,25-08-34-193014,223,Female,Brahman Cross,Batch 1020 - SVC Farming,,,,,,,
54411 - ROODEKOPPIES,25-08-34-193068,177,Male,Bonsmara,Batch 1020 - SVC Farming,,,,,,,
54411 - ROODEKOPPIES,25-08-34-193001,214,Male,Brahman,Batch 1020 - SVC Farming,,,,,,,
54411 - ROODEKOPPIES,25-08-34-192993,220,Male,Brahman,Batch 1020 - SVC Farming,,,,,,,
54411 - ROODEKOPPIES,25-08-34-193033,200,Male,Brahman Cross,Batch 1020 - SVC Farming,,,,,,,
54411 - ROODEKOPPIES,25-08-34-193066,203,Male,Brahman Cross,Batch 1020 - SVC Farming,,,,,,,
54411 - ROODEKOPPIES,25-08-34-193012,269,Male,Brahman Cross,Batch 1020 - SVC Farming,,,,,,,
54411 - ROODEKOPPIES,25-08-34-192973,224,Male,Hugenot,Batch 1020 - SVC Farming,,,,,,,
54411 - ROODEKOPPIES,25-08-34-192968,295,Male,Brahman,Batch 1020 - SVC Farming,,,,,,,
54411 - ROODEKOPPIES,25-08-34-192981,235,Male,Bonsmara,Batch 1020 - SVC Farming,,,,,,,
54411 - ROODEKOPPIES,25-08-34-193043,268,Male,Brahman,Batch 1020 - SVC Farming,,,,,,,
54411 - ROODEKOPPIES,25-08-34-192966,298,Male,Brahman,Batch 1020 - SVC Farming,,,,,,,
54411 - ROODEKOPPIES,25-08-34-192986,211,Male,Bonsmara,Batch 1020 - SVC Farming,,,,,,,
54411 - ROODEKOPPIES,25-08-34-192992,230,Male,Bonsmara,Batch 1020 - SVC Farming,,,,,,,
54411 - ROODEKOPPIES,25-08-34-193034,224,Male,Brahman Cross,Batch 1020 - SVC Farming,,,,,,,
54411 - ROODEKOPPIES,25-08-34-193048,233,Male,Bonsmara,Batch 1020 - SVC Farming,,,,,,,
54411 - ROODEKOPPIES,25-08-34-193039,216,Male,Brahman,Batch 1020 - SVC Farming,,,,,,,
54411 - ROODEKOPPIES,25-08-34-193078,248,Male,Brahman Cross,Batch 1020 - SVC Farming,,,,,,,
54411 - ROODEKOPPIES,25-08-34-193049,249,Male,Bonsmara,Batch 1020 - SVC Farming,,,,,,,
54411 - ROODEKOPPIES,25-08-34-193007,200,Male,Brahman,Batch 1020 - SVC Farming,,,,,,,
54411 - ROODEKOPPIES,25-08-34-193046,214,Female,Bonsmara,Batch 1020 - SVC Farming,,,,,,,
54411 - ROODEKOPPIES,25-08-34-193067,233,Male,Bonsmara,Batch 1020 - SVC Farming,,,,,,,
54411 - ROODEKOPPIES,25-08-34-193035,276,Male,Bonsmara,Batch 1020 - SVC Farming,,,,,,,
54411 - ROODEKOPPIES,25-08-34-192975,244,Male,Brahman Cross,Batch 1020 - SVC Farming,,,,,,,
54411 - ROODEKOPPIES,25-08-34-192982,212,Male,Brahman,Batch 1020 - SVC Farming,,,,,,,
54411 - ROODEKOPPIES,25-08-34-192980,280,Male,Brahman Cross,Batch 1020 - SVC Farming,,,,,,,
54411 - ROODEKOPPIES,25-08-34-192991,215,Male,Bonsmara,Batch 1020 - SVC Farming,,,,,,,
54411 - ROODEKOPPIES,25-08-34-192996,211,Female,Limousine,Batch 1020 - SVC Farming,,,,,,,
54411 - ROODEKOPPIES,25-08-34-192969,224,Male,Brahman,Batch 1020 - SVC Farming,,,,,,,
54411 - ROODEKOPPIES,25-08-34-193027,233,Male,Brahman Cross,Batch 1020 - SVC Farming,,,,,,,
54411 - ROODEKOPPIES,25-08-34-193071,232,Male,Nguni Cross,Batch 1020 - SVC Farming,,,,,,,
54411 - ROODEKOPPIES,25-08-34-193026,197,Male,Brahman,Batch 1020 - SVC Farming,,,,,,,
54411 - ROODEKOPPIES,25-08-34-192967,286,Female,Brahman,Batch 1020 - SVC Farming,,,,,,,
54411 - ROODEKOPPIES,25-08-34-192984,187,Male,Brahman,Batch 1020 - SVC Farming,,,,,,,
54411 - ROODEKOPPIES,25-08-34-192970,265,Male,Brahman,Batch 1020 - SVC Farming,,,,,,,
54411 - ROODEKOPPIES,25-08-34-193070,236,Male,Brahman,Batch 1020 - SVC Farming,,,,,,,
54411 - ROODEKOPPIES,25-08-34-193074,249,Male,Brahman Cross,Batch 1020 - SVC Farming,,,,,,,
54411 - ROODEKOPPIES,25-08-34-193037,270,Male,Cross Breed,Batch 1020 - SVC Farming,,,,,,,
54411 - ROODEKOPPIES,25-08-34-192995,234,Male,Bonsmara,Batch 1020 - SVC Farming,,,,,,,
54411 - ROODEKOPPIES,25-08-34-193000,253,Male,Bonsmara,Batch 1020 - SVC Farming,,,,,,,
54411 - ROODEKOPPIES,25-08-34-193004,249,Male,Brahman,Batch 1020 - SVC Farming,,,,,,,
54411 - ROODEKOPPIES,25-08-34-192979,250,Male,Simbra,Batch 1020 - SVC Farming,,,,,,,
54411 - ROODEKOPPIES,25-08-34-193052,238,Female,Brahman Cross,Batch 1020 - SVC Farming,,,,,,,
54411 - ROODEKOPPIES,25-08-34-193029,261,Male,Brahman Cross,Batch 1020 - SVC Farming,,,,,,,
54411 - ROODEKOPPIES,25-08-34-193060,188,Female,Brahman,Batch 1020 - SVC Farming,,,,,,,
54411 - ROODEKOPPIES,25-08-34-192990,216,Male,Brahman,Batch 1020 - SVC Farming,,,,,,,
54411 - ROODEKOPPIES,25-08-34-192977,212,Male,Cross Breed,Batch 1020 - SVC Farming,,,,,,,
54411 - ROODEKOPPIES,25-08-34-193006,240,Male,Charolais,Batch 1020 - SVC Farming,,,,,,,
54411 - ROODEKOPPIES,25-08-34-193055,239,Male,Bonsmara,Batch 1020 - SVC Farming,,,,,,,
54411 - ROODEKOPPIES,25-08-34-192972,289,Male,Brahman,Batch 1020 - SVC Farming,,,,,,,
54411 - ROODEKOPPIES,25-08-34-193058,228,Male,Brahman,Batch 1020 - SVC Farming,,,,,,,
54411 - ROODEKOPPIES,25-08-34-192988,210,Male,Brahman,Batch 1020 - SVC Farming,,,,,,,
54411 - ROODEKOPPIES,25-08-34-193011,187,Male,Brahman Cross,Batch 1020 - SVC Farming,,,,,,,
54411 - ROODEKOPPIES,25-08-34-192989,311,Female,Brahman,Batch 1020 - SVC Farming,,,,,,,
54411 - ROODEKOPPIES,25-08-34-193005,248,Male,Cross Breed,Batch 1020 - SVC Farming,,,,,,,
54411 - ROODEKOPPIES,25-08-34-193022,227,Male,Brahman Cross,Batch 1020 - SVC Farming,,,,,,,
54411 - ROODEKOPPIES,25-08-34-193061,218,Male,Bonsmara,Batch 1020 - SVC Farming,,,,,,,
54411 - ROODEKOPPIES,25-08-34-193030,230,Male,Brahman,Batch 1020 - SVC Farming,,,,,,,
54411 - ROODEKOPPIES,25-08-34-193072,252,Male,Bonsmara,Batch 1020 - SVC Farming,,,,,,,
54411 - ROODEKOPPIES,25-08-34-193064,240,Male,Cross Breed,Batch 1020 - SVC Farming,,,,,,,
54411 - ROODEKOPPIES,25-08-34-193056,272,Male,Bonsmara,Batch 1020 - SVC Farming,,,,,,,
54411 - ROODEKOPPIES,25-08-34-193023,238,Male,Brahman Cross,Batch 1020 - SVC Farming,,,,,,,
54411 - ROODEKOPPIES,25-08-34-193050,259,Male,Brahman Cross,Batch 1020 - SVC Farming,,,,,,,
54411 - ROODEKOPPIES,25-08-34-193003,228,Male,Beefmaster,Batch 1020 - SVC Farming,,,,,,,
54411 - ROODEKOPPIES,25-08-34-193053,220,Female,Brahman Cross,Batch 1020 - SVC Farming,,,,,,,
54411 - ROODEKOPPIES,25-08-34-193042,220,Male,Bonsmara,Batch 1020 - SVC Farming,,,,,,,
54412 - ROODEKOPPIES,25-08-34-193109,248,Male,Brahman Cross,Batch 1021 - SVC Farming,,,,,,,
54412 - ROODEKOPPIES,25-08-34-193117,287,Male,Brahman Cross,Batch 1021 - SVC Farming,,,,,,,
54412 - ROODEKOPPIES,25-08-34-193105,241,Male,Brahman Cross,Batch 1021 - SVC Farming,,,,,,,
54412 - ROODEKOPPIES,25-08-34-193136,248,Female,Angus Black,Batch 1021 - SVC Farming,,,,,,,
54412 - ROODEKOPPIES,25-08-34-193080,226,Male,Brahman,Batch 1021 - SVC Farming,,,,,,,
54412 - ROODEKOPPIES,25-08-34-193194,233,Male,Brahman Cross,Batch 1021 - SVC Farming,,,,,,,
54412 - ROODEKOPPIES,25-08-34-193186,207,Male,Brahman,Batch 1021 - SVC Farming,,,,,,,
54412 - ROODEKOPPIES,25-08-34-193127,231,Male,Brahman,Batch 1021 - SVC Farming,,,,,,,
54412 - ROODEKOPPIES,25-08-34-193195,252,Male,Simmentaler,Batch 1021 - SVC Farming,,,,,,,
54412 - ROODEKOPPIES,25-08-34-193156,215,Male,Brahman Cross,Batch 1021 - SVC Farming,,,,,,,
54412 - ROODEKOPPIES,25-08-34-193152,305,Female,Brahman Cross,Batch 1021 - SVC Farming,,,,,,,
54412 - ROODEKOPPIES,25-08-34-193187,257,Female,Cross Breed,Batch 1021 - SVC Farming,,,,,,,
54412 - ROODEKOPPIES,25-08-34-193126,259,Male,Bonsmara,Batch 1021 - SVC Farming,,,,,,,
54412 - ROODEKOPPIES,25-08-34-193102,239,Male,Brahman Cross,Batch 1021 - SVC Farming,,,,,,,
54412 - ROODEKOPPIES,25-08-34-193081,256,Male,Brahman,Batch 1021 - SVC Farming,,,,,,,
54412 - ROODEKOPPIES,25-08-34-193149,246,Male,Brahman Cross,Batch 1021 - SVC Farming,,,,,,,
54412 - ROODEKOPPIES,25-08-34-193112,208,Male,Brahman,Batch 1021 - SVC Farming,,,,,,,
54412 - ROODEKOPPIES,25-08-34-193100,279,Male,Bonsmara,Batch 1021 - SVC Farming,,,,,,,
54412 - ROODEKOPPIES,25-08-34-193090,268,Male,Brahman Cross,Batch 1021 - SVC Farming,,,,,,,
54412 - ROODEKOPPIES,25-08-34-193153,208,Male,Bonsmara,Batch 1021 - SVC Farming,,,,,,,
54412 - ROODEKOPPIES,25-08-34-193111,208,Male,Brahman,Batch 1021 - SVC Farming,,,,,,,
54412 - ROODEKOPPIES,25-08-34-193107,217,Male,Bonsmara,Batch 1021 - SVC Farming,,,,,,,
54412 - ROODEKOPPIES,25-08-34-193119,213,Female,Brahman Cross,Batch 1021 - SVC Farming,,,,,,,
54412 - ROODEKOPPIES,25-08-34-193178,269,Male,Brahman Cross,Batch 1021 - SVC Farming,,,,,,,
54412 - ROODEKOPPIES,25-08-34-193103,232,Male,Brahman,Batch 1021 - SVC Farming,,,,,,,
54412 - ROODEKOPPIES,25-08-34-193089,295,Male,Brahman Cross,Batch 1021 - SVC Farming,,,,,,,
54412 - ROODEKOPPIES,25-08-34-193192,212,Male,Bonsmara,Batch 1021 - SVC Farming,,,,,,,
54412 - ROODEKOPPIES,25-08-34-193098,205,Female,Brahman Cross,Batch 1021 - SVC Farming,,,,,,,
54412 - ROODEKOPPIES,25-08-34-193120,261,Male,Brahman,Batch 1021 - SVC Farming,,,,,,,
54412 - ROODEKOPPIES,25-08-34-193143,247,Male,Brahman Cross,Batch 1021 - SVC Farming,,,,,,,
54412 - ROODEKOPPIES,25-08-34-193175,246,Male,Brahman,Batch 1021 - SVC Farming,,,,,,,
54412 - ROODEKOPPIES,25-08-34-193165,181,Male,Brahman Cross,Batch 1021 - SVC Farming,,,,,,,
54412 - ROODEKOPPIES,25-08-34-193093,290,Male,Brahman Cross,Batch 1021 - SVC Farming,,,,,,,
54412 - ROODEKOPPIES,25-08-34-193179,316,Male,Bonsmara,Batch 1021 - SVC Farming,,,,,,,
54412 - ROODEKOPPIES,25-08-34-193155,244,Female,Cross Breed,Batch 1021 - SVC Farming,,,,,,,
54412 - ROODEKOPPIES,25-08-34-193114,249,Male,Brahman Cross,Batch 1021 - SVC Farming,,,,,,,
54412 - ROODEKOPPIES,25-08-34-193160,263,Female,Brahman Cross,Batch 1021 - SVC Farming,,,,,,,
54412 - ROODEKOPPIES,25-08-34-193159,231,Male,Bonsmara,Batch 1021 - SVC Farming,,,,,,,
54412 - ROODEKOPPIES,25-08-34-193113,239,Female,Bonsmara,Batch 1021 - SVC Farming,,,,,,,
54412 - ROODEKOPPIES,25-08-34-193158,253,Male,Brahman Cross,Batch 1021 - SVC Farming,,,,,,,
54412 - ROODEKOPPIES,25-08-34-193106,251,Male,Brahman Cross,Batch 1021 - SVC Farming,,,,,,,
54412 - ROODEKOPPIES,25-08-34-193130,235,Male,Brahman,Batch 1021 - SVC Farming,,,,,,,
54412 - ROODEKOPPIES,25-08-34-193182,232,Male,Cross Breed,Batch 1021 - SVC Farming,,,,,,,
54412 - ROODEKOPPIES,25-08-34-193140,250,Male,Cross Breed,Batch 1021 - SVC Farming,,,,,,,
54412 - ROODEKOPPIES,25-08-34-193168,228,Male,Brahman Cross,Batch 1021 - SVC Farming,,,,,,,
54412 - ROODEKOPPIES,25-08-34-193142,173,Male,Brahman Cross,Batch 1021 - SVC Farming,,,,,,,
54412 - ROODEKOPPIES,25-08-34-193083,269,Male,Brahman,Batch 1021 - SVC Farming,,,,,,,
54412 - ROODEKOPPIES,25-08-34-193162,329,Male,Brahman Cross,Batch 1021 - SVC Farming,,,,,,,
54412 - ROODEKOPPIES,25-08-34-193170,221,Male,Brahman Cross,Batch 1021 - SVC Farming,,,,,,,
54412 - ROODEKOPPIES,25-08-34-193188,216,Male,Brahman Cross,Batch 1021 - SVC Farming,,,,,,,
54412 - ROODEKOPPIES,25-08-34-193138,243,Male,Brahman Cross,Batch 1021 - SVC Farming,,,,,,,
54412 - ROODEKOPPIES,25-08-34-193151,223,Male,Brahman Cross,Batch 1021 - SVC Farming,,,,,,,
54412 - ROODEKOPPIES,25-08-34-193118,194,Male,Brahman Cross,Batch 1021 - SVC Farming,,,,,,,
54412 - ROODEKOPPIES,25-08-34-193169,243,Male,Cross Breed,Batch 1021 - SVC Farming,,,,,,,
54412 - ROODEKOPPIES,25-08-34-193085,217,Male,Brahman Cross,Batch 1021 - SVC Farming,,,,,,,
54412 - ROODEKOPPIES,25-08-34-193147,244,Female,Brahman Cross,Batch 1021 - SVC Farming,,,,,,,
54412 - ROODEKOPPIES,25-08-34-193171,299,Male,Brahman Cross,Batch 1021 - SVC Farming,,,,,,,
54412 - ROODEKOPPIES,25-08-34-193084,307,Female,Brahman,Batch 1021 - SVC Farming,,,,,,,
54412 - ROODEKOPPIES,25-08-34-193131,235,Female,Brahman,Batch 1021 - SVC Farming,,,,,,,
54412 - ROODEKOPPIES,25-08-34-193189,249,Male,Bonsmara,Batch 1021 - SVC Farming,,,,,,,
54412 - ROODEKOPPIES,25-08-34-193139,236,Male,Brahman Cross,Batch 1021 - SVC Farming,,,,,,,
54412 - ROODEKOPPIES,25-08-34-193110,264,Male,Brahman,Batch 1021 - SVC Farming,,,,,,,
54412 - ROODEKOPPIES,25-08-34-193167,225,Male,Bonsmara,Batch 1021 - SVC Farming,,,,,,,
54412 - ROODEKOPPIES,25-08-34-193133,261,Male,Bonsmara,Batch 1021 - SVC Farming,,,,,,,
54412 - ROODEKOPPIES,25-08-34-193134,199,Male,Bonsmara,Batch 1021 - SVC Farming,,,,,,,
54412 - ROODEKOPPIES,25-08-34-193176,231,Male,Brahman,Batch 1021 - SVC Farming,,,,,,,
54412 - ROODEKOPPIES,25-08-34-193091,203,Female,Brahman,Batch 1021 - SVC Farming,,,,,,,
54412 - ROODEKOPPIES,25-08-34-193095,223,Male,Hugenot,Batch 1021 - SVC Farming,,,,,,,
54412 - ROODEKOPPIES,25-08-34-193172,233,Male,Brahman Cross,Batch 1021 - SVC Farming,,,,,,,
54412 - ROODEKOPPIES,25-08-34-193193,224,Male,Brahman,Batch 1021 - SVC Farming,,,,,,,
54412 - ROODEKOPPIES,25-08-34-193150,183,Male,Brahman Cross,Batch 1021 - SVC Farming,,,,,,,
54412 - ROODEKOPPIES,25-08-34-193087,286,Male,Brahman Cross,Batch 1021 - SVC Farming,,,,,,,
54412 - ROODEKOPPIES,25-08-34-193137,211,Female,Cross Breed,Batch 1021 - SVC Farming,,,,,,,
54412 - ROODEKOPPIES,25-08-34-193190,275,Male,Brahman,Batch 1021 - SVC Farming,,,,,,,
54412 - ROODEKOPPIES,25-08-34-193145,248,Male,Angus Black,Batch 1021 - SVC Farming,,,,,,,
54412 - ROODEKOPPIES,25-08-34-193141,328,Male,Cross Breed,Batch 1021 - SVC Farming,,,,,,,
54412 - ROODEKOPPIES,25-08-34-193121,225,Male,Brahman,Batch 1021 - SVC Farming,,,,,,,
54412 - ROODEKOPPIES,25-08-34-193094,271,Male,Brahman,Batch 1021 - SVC Farming,,,,,,,
54412 - ROODEKOPPIES,25-08-34-193104,246,Male,Brahman Cross,Batch 1021 - SVC Farming,,,,,,,
54412 - ROODEKOPPIES,25-08-34-193146,270,Female,Brahman,Batch 1021 - SVC Farming,,,,,,,
54412 - ROODEKOPPIES,25-08-34-193123,205,Female,Brahman,Batch 1021 - SVC Farming,,,,,,,
54412 - ROODEKOPPIES,25-08-34-193154,291,Male,Brahman,Batch 1021 - SVC Farming,,,,,,,
54412 - ROODEKOPPIES,25-08-34-193148,265,Female,Bonsmara,Batch 1021 - SVC Farming,,,,,,,
54412 - ROODEKOPPIES,25-08-34-193157,249,Male,Brahman Cross,Batch 1021 - SVC Farming,,,,,,,
54412 - ROODEKOPPIES,25-08-34-193082,253,Male,Brahman Cross,Batch 1021 - SVC Farming,,,,,,,
54412 - ROODEKOPPIES,25-08-34-193164,233,Female,Brahman Cross,Batch 1021 - SVC Farming,,,,,,,
54412 - ROODEKOPPIES,25-08-34-193180,222,Male,Brahman Cross,Batch 1021 - SVC Farming,,,,,,,
54412 - ROODEKOPPIES,25-08-34-193181,309,Male,Brahman Cross,Batch 1021 - SVC Farming,,,,,,,
54412 - ROODEKOPPIES,25-08-34-193108,218,Male,Brahman,Batch 1021 - SVC Farming,,,,,,,
54412 - ROODEKOPPIES,25-08-34-193129,231,Male,Brahman,Batch 1021 - SVC Farming,,,,,,,
54412 - ROODEKOPPIES,25-08-34-193092,229,Male,Bonsmara,Batch 1021 - SVC Farming,,,,,,,
54412 - ROODEKOPPIES,25-08-34-193099,208,Female,Brahman Cross,Batch 1021 - SVC Farming,,,,,,,
54412 - ROODEKOPPIES,25-08-34-193086,251,Female,Bonsmara,Batch 1021 - SVC Farming,,,,,,,
54412 - ROODEKOPPIES,25-08-34-193166,201,Female,Brahman,Batch 1021 - SVC Farming,,,,,,,
54412 - ROODEKOPPIES,25-08-34-193184,196,Male,Brahman Cross,Batch 1021 - SVC Farming,,,,,,,
54412 - ROODEKOPPIES,25-08-34-193124,218,Male,Bonsmara,Batch 1021 - SVC Farming,,,,,,,
54412 - ROODEKOPPIES,25-08-34-193185,298,Female,Cross Breed,Batch 1021 - SVC Farming,,,,,,,
54412 - ROODEKOPPIES,25-08-34-193088,278,Male,Brahman,Batch 1021 - SVC Farming,,,,,,,
54412 - ROODEKOPPIES,25-08-34-193183,237,Female,Bonsmara,Batch 1021 - SVC Farming,,,,,,,
54412 - ROODEKOPPIES,25-08-34-193163,223,Male,Brahman Cross,Batch 1021 - SVC Farming,,,,,,,
54412 - ROODEKOPPIES,25-08-34-193122,254,Male,Brahman Cross,Batch 1021 - SVC Farming,,,,,,,
54412 - ROODEKOPPIES,25-08-34-193116,218,Male,Brahman Cross,Batch 1021 - SVC Farming,,,,,,,
54412 - ROODEKOPPIES,25-08-34-193132,264,Female,Charolais,Batch 1021 - SVC Farming,,,,,,,
54412 - ROODEKOPPIES,25-08-34-193097,256,Male,Brahman,Batch 1021 - SVC Farming,,,,,,,
54412 - ROODEKOPPIES,25-08-34-193101,182,Female,Brahman,Batch 1021 - SVC Farming,,,,,,,
54412 - ROODEKOPPIES,25-08-34-193144,238,Male,Brahman Cross,Batch 1021 - SVC Farming,,,,,,,
54412 - ROODEKOPPIES,25-08-34-193173,231,Male,Brahman,Batch 1021 - SVC Farming,,,,,,,
54412 - ROODEKOPPIES,25-08-34-193177,227,Male,Cross Breed,Batch 1021 - SVC Farming,,,,,,,
54412 - ROODEKOPPIES,25-08-34-193096,250,Male,Brahman Cross,Batch 1021 - SVC Farming,,,,,,,
54412 - ROODEKOPPIES,25-08-34-193191,270,Male,Brahman,Batch 1021 - SVC Farming,,,,,,,
54412 - ROODEKOPPIES,25-08-34-193125,247,Male,Brahman Cross,Batch 1021 - SVC Farming,,,,,,,
54412 - ROODEKOPPIES,25-08-34-193128,289,Male,Brahman Cross,Batch 1021 - SVC Farming,,,,,,,
54412 - ROODEKOPPIES,25-08-34-193174,232,Male,Brahman,Batch 1021 - SVC Farming,,,,,,,
54412 - ROODEKOPPIES,25-08-34-193161,227,Female,Brahman Cross,Batch 1021 - SVC Farming,,,,,,,
54412 - ROODEKOPPIES,25-08-34-193135,194,Female,Brahman,Batch 1021 - SVC Farming,,,,,,,
54412 - ROODEKOPPIES,25-08-34-193115,234,Male,Brahman Cross,Batch 1021 - SVC Farming,,,,,,,
54419 - FEEDLOT,25-08-35-180608,234,Male,Brahman Cross,Batch 1024 - SVC Farming,,,,,,,
54419 - FEEDLOT,25-08-35-170618,238,Male,Brahman Cross,Batch 1024 - SVC Farming,,,,,,,
54419 - FEEDLOT,25-08-35-078537,220,Male,Brahman Cross,Batch 1024 - SVC Farming,,,,,,,
54419 - FEEDLOT,25-08-35-113967,221,Male,Brahman Cross,Batch 1024 - SVC Farming,,,,,,,
54419 - FEEDLOT,25-08-35-104303,179,Male,Brahman Cross,Batch 1024 - SVC Farming,,,,,,,
54419 - FEEDLOT,25-08-35-084077,248,Male,Brahman Cross,Batch 1024 - SVC Farming,,,,,,,
54419 - FEEDLOT,25-08-35-179440,169,Male,Cross Breed,Batch 1024 - SVC Farming,,,,,,,
54419 - FEEDLOT,25-08-35-099772,218,Male,Simmentaler,Batch 1024 - SVC Farming,,,,,,,
54419 - FEEDLOT,25-08-35-138020,212,Male,Brahman,Batch 1024 - SVC Farming,,,,,,,
54419 - FEEDLOT,25-08-35-090067,227,Male,Brahman,Batch 1024 - SVC Farming,,,,,,,
54419 - FEEDLOT,25-08-35-151964,227,Male,Brahman Cross,Batch 1024 - SVC Farming,,,,,,,
54419 - FEEDLOT,25-08-35-183876,204,Male,Brahman Cross,Batch 1024 - SVC Farming,,,,,,,
54419 - FEEDLOT,25-08-35-125289,230,Male,Cross Breed,Batch 1024 - SVC Farming,,,,,,,
54419 - FEEDLOT,25-08-35-170239,193,Male,Brahman Cross,Batch 1024 - SVC Farming,,,,,,,
54419 - FEEDLOT,25-08-35-133112,226,Male,Cross Breed,Batch 1024 - SVC Farming,,,,,,,
54419 - FEEDLOT,25-08-35-088863,229,Male,Cross Breed,Batch 1024 - SVC Farming,,,,,,,
54419 - FEEDLOT,25-08-35-105355,223,Male,Cross Breed,Batch 1024 - SVC Farming,,,,,,,
54419 - FEEDLOT,25-08-35-068854,182,Male,Brahman,Batch 1024 - SVC Farming,,,,,,,
54419 - FEEDLOT,25-08-35-133228,230,Male,Simmentaler,Batch 1024 - SVC Farming,,,,,,,
54419 - FEEDLOT,25-08-35-009221,210,Male,Brahman Cross,Batch 1024 - SVC Farming,,,,,,,
54419 - FEEDLOT,25-08-35-079126,218,Male,Brahman Cross,Batch 1024 - SVC Farming,,,,,,,
54419 - FEEDLOT,25-08-35-173239,229,Male,Cross Breed,Batch 1024 - SVC Farming,,,,,,,
54419 - FEEDLOT,25-08-35-064010,198,Male,Brahman,Batch 1024 - SVC Farming,,,,,,,
54419 - FEEDLOT,25-08-35-145482,228,Male,Cross Breed,Batch 1024 - SVC Farming,,,,,,,
54419 - FEEDLOT,25-08-35-183181,195,Male,Brahman Cross,Batch 1024 - SVC Farming,,,,,,,
54419 - FEEDLOT,25-08-35-113870,215,Male,Brahman Cross,Batch 1024 - SVC Farming,,,,,,,
54419 - FEEDLOT,25-08-35-112408,231,Male,Brahman,Batch 1024 - SVC Farming,,,,,,,
54419 - FEEDLOT,25-08-35-062051,208,Male,Brahman Cross,Batch 1024 - SVC Farming,,,,,,,
54419 - FEEDLOT,25-08-35-079895,201,Male,Brahman Cross,Batch 1024 - SVC Farming,,,,,,,
54419 - FEEDLOT,25-08-35-086696,201,Male,Simbra,Batch 1024 - SVC Farming,,,,,,,
54419 - FEEDLOT,25-08-35-173228,202,Male,Brahman Cross,Batch 1024 - SVC Farming,,,,,,,
54419 - FEEDLOT,25-08-35-174741,178,Male,Cross Breed,Batch 1024 - SVC Farming,,,,,,,
54419 - FEEDLOT,25-08-35-114743,198,Male,Brahman,Batch 1024 - SVC Farming,,,,,,,
54419 - FEEDLOT,25-08-35-172120,234,Male,Brahman Cross,Batch 1024 - SVC Farming,,,,,,,
54419 - FEEDLOT,25-08-35-160290,232,Male,Cross Breed,Batch 1024 - SVC Farming,,,,,,,
54419 - FEEDLOT,25-08-35-068729,213,Male,Cross Breed,Batch 1024 - SVC Farming,,,,,,,
54419 - FEEDLOT,25-08-35-116156,239,Male,Brahman Cross,Batch 1024 - SVC Farming,,,,,,,
54419 - FEEDLOT,25-08-35-145229,194,Male,Brahman Cross,Batch 1024 - SVC Farming,,,,,,,
54419 - FEEDLOT,25-08-35-127345,210,Male,Bonsmara,Batch 1024 - SVC Farming,,,,,,,
54419 - FEEDLOT,25-08-35-127377,195,Male,Simmentaler,Batch 1024 - SVC Farming,,,,,,,
54419 - FEEDLOT,25-08-35-068374,225,Male,Brahman Cross,Batch 1024 - SVC Farming,,,,,,,
54419 - FEEDLOT,25-08-35-112875,261,Male,Brahman Cross,Batch 1024 - SVC Farming,,,,,,,
54419 - FEEDLOT,25-08-35-095220,217,Male,Brahman Cross,Batch 1024 - SVC Farming,,,,,,,
54419 - FEEDLOT,25-08-35-151016,193,Male,Brahman,Batch 1024 - SVC Farming,,,,,,,
54419 - FEEDLOT,25-08-35-100338,202,Male,Brahman Cross,Batch 1024 - SVC Farming,,,,,,,
54419 - FEEDLOT,25-08-35-115088,209,Male,Cross Breed,Batch 1024 - SVC Farming,,,,,,,
54419 - FEEDLOT,25-08-35-063327,220,Male,Brahman Cross,Batch 1024 - SVC Farming,,,,,,,
54419 - FEEDLOT,25-08-35-113038,215,Male,Cross Breed,Batch 1024 - SVC Farming,,,,,,,
54419 - FEEDLOT,25-08-35-160145,226,Male,Brahman Cross,Batch 1024 - SVC Farming,,,,,,,
54419 - FEEDLOT,25-08-35-049241,220,Male,Brahman Cross,Batch 1024 - SVC Farming,,,,,,,
54419 - FEEDLOT,25-08-35-109605,204,Male,Brahman Cross,Batch 1024 - SVC Farming,,,,,,,
54419 - FEEDLOT,25-08-35-173520,242,Male,Brahman,Batch 1024 - SVC Farming,,,,,,,
54419 - FEEDLOT,25-08-35-183791,213,Male,Brahman,Batch 1024 - SVC Farming,,,,,,,
54419 - FEEDLOT,25-08-35-115674,198,Male,Brahman,Batch 1024 - SVC Farming,,,,,,,
54419 - FEEDLOT,25-08-35-115525,243,Male,Brahman Cross,Batch 1024 - SVC Farming,,,,,,,
54419 - FEEDLOT,25-08-35-050971,202,Male,Brahman Cross,Batch 1024 - SVC Farming,,,,,,,
54419 - FEEDLOT,25-08-35-172585,175,Male,Brahman Cross,Batch 1024 - SVC Farming,,,,,,,
54419 - FEEDLOT,25-08-35-062020,216,Male,Brahman Cross,Batch 1024 - SVC Farming,,,,,,,
54419 - FEEDLOT,25-08-35-173299,206,Male,Brahman,Batch 1024 - SVC Farming,,,,,,,
54419 - FEEDLOT,25-08-35-175491,217,Male,Brahman Cross,Batch 1024 - SVC Farming,,,,,,,
54419 - FEEDLOT,25-08-35-129161,203,Male,Brahman Cross,Batch 1024 - SVC Farming,,,,,,,
54419 - FEEDLOT,25-08-35-176177,192,Male,Brahman,Batch 1024 - SVC Farming,,,,,,,
54419 - FEEDLOT,25-08-35-153392,183,Male,Cross Breed,Batch 1024 - SVC Farming,,,,,,,
54419 - FEEDLOT,25-08-35-115889,227,Male,Boran,Batch 1024 - SVC Farming,,,,,,,
54419 - FEEDLOT,25-08-35-177673,218,Male,Bonsmara,Batch 1024 - SVC Farming,,,,,,,
54419 - FEEDLOT,25-08-35-114850,191,Male,Cross Breed,Batch 1024 - SVC Farming,,,,,,,
54419 - FEEDLOT,25-08-35-070077,208,Male,Brahman Cross,Batch 1024 - SVC Farming,,,,,,,
54419 - FEEDLOT,25-08-35-174067,217,Male,Brahman Cross,Batch 1024 - SVC Farming,,,,,,,
54419 - FEEDLOT,25-08-35-184716,219,Male,Cross Breed,Batch 1024 - SVC Farming,,,,,,,
54419 - FEEDLOT,25-08-35-174803,251,Male,Brahman Cross,Batch 1024 - SVC Farming,,,,,,,
54419 - FEEDLOT,25-08-35-114721,207,Male,Brahman Cross,Batch 1024 - SVC Farming,,,,,,,
54419 - FEEDLOT,25-08-35-109612,201,Male,Brahman Cross,Batch 1024 - SVC Farming,,,,,,,
54419 - FEEDLOT,25-08-35-127187,218,Male,Cross Breed,Batch 1024 - SVC Farming,,,,,,,
54419 - FEEDLOT,25-08-35-173150,205,Male,Brahman Cross,Batch 1024 - SVC Farming,,,,,,,
54419 - FEEDLOT,25-08-35-145980,227,Male,Brahman Cross,Batch 1024 - SVC Farming,,,,,,,
54419 - FEEDLOT,25-08-35-175643,214,Male,Cross Breed,Batch 1024 - SVC Farming,,,,,,,
54419 - FEEDLOT,25-08-35-113857,238,Male,Brahman Cross,Batch 1024 - SVC Farming,,,,,,,
54419 - FEEDLOT,25-08-35-144528,226,Male,Bonsmara,Batch 1024 - SVC Farming,,,,,,,
54419 - FEEDLOT,25-08-35-003541,183,Male,Brahman Cross,Batch 1024 - SVC Farming,,,,,,,
54419 - FEEDLOT,25-08-35-103646,198,Male,Cross Breed,Batch 1024 - SVC Farming,,,,,,,
54419 - FEEDLOT,25-08-35-172730,211,Male,Bonsmara,Batch 1024 - SVC Farming,,,,,,,
54419 - FEEDLOT,25-08-35-116616,196,Male,Brahman,Batch 1024 - SVC Farming,,,,,,,
54419 - FEEDLOT,25-08-35-135322,179,Male,Brahman Cross,Batch 1024 - SVC Farming,,,,,,,
54419 - FEEDLOT,25-08-35-128341,216,Male,Brahman Cross,Batch 1024 - SVC Farming,,,,,,,
54419 - FEEDLOT,25-08-35-130859,217,Male,Brahman Cross,Batch 1024 - SVC Farming,,,,,,,
54419 - FEEDLOT,25-08-35-075290,207,Male,Brahman Cross,Batch 1024 - SVC Farming,,,,,,,
54419 - FEEDLOT,25-08-35-089756,207,Male,Brahman Cross,Batch 1024 - SVC Farming,,,,,,,
54419 - FEEDLOT,25-08-35-068497,212,Male,Brahman Cross,Batch 1024 - SVC Farming,,,,,,,
54419 - FEEDLOT,25-08-35-069500,228,Male,Brahman Cross,Batch 1024 - SVC Farming,,,,,,,
54419 - FEEDLOT,25-08-35-108404,215,Male,Brahman Cross,Batch 1024 - SVC Farming,,,,,,,
54419 - FEEDLOT,25-08-35-147978,245,Male,Brahman Cross,Batch 1024 - SVC Farming,,,,,,,
54419 - FEEDLOT,25-08-35-137603,208,Male,Brahman Cross,Batch 1024 - SVC Farming,,,,,,,
54419 - FEEDLOT,25-08-35-174031,185,Male,Brahman,Batch 1024 - SVC Farming,,,,,,,
54419 - FEEDLOT,25-08-35-134978,236,Male,Cross Breed,Batch 1024 - SVC Farming,,,,,,,
54419 - FEEDLOT,25-08-35-124929,198,Male,Brahman,Batch 1024 - SVC Farming,,,,,,,
54419 - FEEDLOT,25-08-35-174735,206,Male,Brahman Cross,Batch 1024 - SVC Farming,,,,,,,
54419 - FEEDLOT,25-08-35-183226,171,Male,Cross Breed,Batch 1024 - SVC Farming,,,,,,,
54419 - FEEDLOT,25-08-35-141524,200,Male,Brahman Cross,Batch 1024 - SVC Farming,,,,,,,
54419 - FEEDLOT,25-08-35-111634,245,Male,Cross Breed,Batch 1024 - SVC Farming,,,,,,,
54419 - FEEDLOT,25-08-35-183385,181,Male,Brahman,Batch 1024 - SVC Farming,,,,,,,
54419 - FEEDLOT,25-08-35-143620,239,Male,Brahman Cross,Batch 1024 - SVC Farming,,,,,,,
54419 - FEEDLOT,25-08-35-154316,200,Male,Brahman Cross,Batch 1024 - SVC Farming,,,,,,,
54419 - FEEDLOT,25-08-35-180281,228,Male,Brahman Cross,Batch 1024 - SVC Farming,,,,,,,
54419 - FEEDLOT,25-08-35-063176,195,Male,Brahman Cross,Batch 1024 - SVC Farming,,,,,,,
54419 - FEEDLOT,25-08-35-183667,211,Male,Brahman Cross,Batch 1024 - SVC Farming,,,,,,,
54419 - FEEDLOT,25-08-35-180361,215,Male,Cross Breed,Batch 1024 - SVC Farming,,,,,,,
54419 - FEEDLOT,25-08-35-183332,186,Male,Brahman,Batch 1024 - SVC Farming,,,,,,,
54419 - FEEDLOT,25-08-35-131994,202,Male,Brahman Cross,Batch 1024 - SVC Farming,,,,,,,
54419 - FEEDLOT,25-08-35-174880,238,Male,Brahman Cross,Batch 1024 - SVC Farming,,,,,,,
54419 - FEEDLOT,25-08-35-097834,210,Male,Brahman Cross,Batch 1024 - SVC Farming,,,,,,,
54419 - FEEDLOT,25-08-35-109706,185,Male,Cross Breed,Batch 1024 - SVC Farming,,,,,,,
54419 - FEEDLOT,25-08-35-136239,214,Male,Brahman,Batch 1024 - SVC Farming,,,,,,,
54419 - FEEDLOT,25-08-35-105445,211,Male,Brahman Cross,Batch 1024 - SVC Farming,,,,,,,
54419 - FEEDLOT,25-08-35-070258,227,Male,Brahman,Batch 1024 - SVC Farming,,,,,,,
54419 - FEEDLOT,25-08-35-061805,224,Male,Brahman,Batch 1024 - SVC Farming,,,,,,,
54419 - FEEDLOT,25-08-35-179325,224,Male,Brahman Cross,Batch 1024 - SVC Farming,,,,,,,
54419 - FEEDLOT,25-08-35-112990,209,Male,Brahman Cross,Batch 1024 - SVC Farming,,,,,,,
54419 - FEEDLOT,25-08-35-155417,202,Male,Brahman Cross,Batch 1024 - SVC Farming,,,,,,,
54419 - FEEDLOT,25-08-35-157672,210,Male,Brahman Cross,Batch 1024 - SVC Farming,,,,,,,
54419 - FEEDLOT,25-08-35-097901,222,Male,Simmentaler,Batch 1024 - SVC Farming,,,,,,,
54419 - FEEDLOT,25-08-35-108485,205,Male,Brahman,Batch 1024 - SVC Farming,,,,,,,
54419 - FEEDLOT,25-08-35-177833,207,Male,Cross Breed,Batch 1024 - SVC Farming,,,,,,,
54418 - FEEDLOT,25-08-35-116878,211,Male,Cross Breed,Batch 1023 - SVC Farming,,,,,,,
54418 - FEEDLOT,25-08-35-176056,266,Male,Bonsmara,Batch 1023 - SVC Farming,,,,,,,
54418 - FEEDLOT,25-08-35-050792,201,Male,Bonsmara,Batch 1023 - SVC Farming,,,,,,,
54418 - FEEDLOT,25-08-35-076350,149,Female,Bonsmara,Batch 1023 - SVC Farming,,,,,,,
54418 - FEEDLOT,25-08-35-111971,185,Male,Brahman Cross,Batch 1023 - SVC Farming,,,,,,,
54418 - FEEDLOT,25-08-35-174123,227,Male,Bonsmara,Batch 1023 - SVC Farming,,,,,,,
54418 - FEEDLOT,25-08-35-152468,211,Female,Cross Breed,Batch 1023 - SVC Farming,,,,,,,
54418 - FEEDLOT,25-08-35-175875,193,Female,Cross Breed,Batch 1023 - SVC Farming,,,,,,,
54418 - FEEDLOT,25-08-35-174751,198,Female,Bonsmara,Batch 1023 - SVC Farming,,,,,,,
54418 - FEEDLOT,25-08-35-116511,212,Male,Cross Breed,Batch 1023 - SVC Farming,,,,,,,
54418 - FEEDLOT,25-08-35-080162,186,Male,Cross Breed,Batch 1023 - SVC Farming,,,,,,,
54418 - FEEDLOT,25-08-35-122486,162,Male,Bonsmara,Batch 1023 - SVC Farming,,,,,,,
54418 - FEEDLOT,25-08-35-088720,249,Male,Bonsmara,Batch 1023 - SVC Farming,,,,,,,
54418 - FEEDLOT,25-08-35-114648,191,Male,Bonsmara,Batch 1023 - SVC Farming,,,,,,,
54418 - FEEDLOT,25-08-35-127307,174,Female,Bonsmara,Batch 1023 - SVC Farming,,,,,,,
54418 - FEEDLOT,25-08-35-155890,214,Male,Cross Breed,Batch 1023 - SVC Farming,,,,,,,
54418 - FEEDLOT,25-08-35-184420,179,Female,Bonsmara,Batch 1023 - SVC Farming,,,,,,,
54418 - FEEDLOT,25-08-35-128383,226,Male,Bonsmara,Batch 1023 - SVC Farming,,,,,,,
54418 - FEEDLOT,25-08-35-147120,226,Female,Cross Breed,Batch 1023 - SVC Farming,,,,,,,
54418 - FEEDLOT,25-08-35-074811,194,Male,Brahman Cross,Batch 1023 - SVC Farming,,,,,,,
54418 - FEEDLOT,25-08-35-124100,251,Male,Bonsmara,Batch 1023 - SVC Farming,,,,,,,
54418 - FEEDLOT,25-08-35-154993,201,Male,Braunvieh,Batch 1023 - SVC Farming,,,,,,,
54418 - FEEDLOT,25-08-35-154960,227,Female,Brahman Cross,Batch 1023 - SVC Farming,,,,,,,
54418 - FEEDLOT,25-08-35-113080,147,Male,Brahman,Batch 1023 - SVC Farming,,,,,,,
54418 - FEEDLOT,25-08-35-116284,201,Female,Brahman Cross,Batch 1023 - SVC Farming,,,,,,,
54418 - FEEDLOT,25-08-35-067663,207,Male,Cross Breed,Batch 1023 - SVC Farming,,,,,,,
54418 - FEEDLOT,25-08-35-110330,175,Male,Bonsmara,Batch 1023 - SVC Farming,,,,,,,
54418 - FEEDLOT,25-08-35-160893,228,Female,Bonsmara,Batch 1023 - SVC Farming,,,,,,,
54418 - FEEDLOT,25-08-35-183692,201,Male,Simmentaler,Batch 1023 - SVC Farming,,,,,,,
54418 - FEEDLOT,25-08-35-173216,159,Male,Cross Breed,Batch 1023 - SVC Farming,,,,,,,
54418 - FEEDLOT,25-08-35-124337,193,Female,Bonsmara,Batch 1023 - SVC Farming,,,,,,,
54418 - FEEDLOT,25-08-35-113773,197,Female,Brahman Cross,Batch 1023 - SVC Farming,,,,,,,
54418 - FEEDLOT,25-08-35-172253,176,Female,Cross Breed,Batch 1023 - SVC Farming,,,,,,,
54418 - FEEDLOT,25-08-35-180518,196,Female,Cross Breed,Batch 1023 - SVC Farming,,,,,,,
54418 - FEEDLOT,25-08-35-116777,159,Male,Brahman Cross,Batch 1023 - SVC Farming,,,,,,,
54418 - FEEDLOT,25-08-35-081806,204,Male,Brahman Cross,Batch 1023 - SVC Farming,,,,,,,
54418 - FEEDLOT,25-08-35-175543,166,Male,Brahman,Batch 1023 - SVC Farming,,,,,,,
54418 - FEEDLOT,25-08-35-183188,237,Male,Cross Breed,Batch 1023 - SVC Farming,,,,,,,
54418 - FEEDLOT,25-08-35-066657,265,Male,Cross Breed,Batch 1023 - SVC Farming,,,,,,,
54418 - FEEDLOT,25-08-35-154425,231,Male,Brahman Cross,Batch 1023 - SVC Farming,,,,,,,
54418 - FEEDLOT,25-08-35-151291,227,Male,Bonsmara,Batch 1023 - SVC Farming,,,,,,,
54418 - FEEDLOT,25-08-35-144826,172,Male,Bonsmara,Batch 1023 - SVC Farming,,,,,,,
54418 - FEEDLOT,25-08-35-115040,199,Male,Bonsmara,Batch 1023 - SVC Farming,,,,,,,
54418 - FEEDLOT,25-08-35-110115,226,Male,Simbra,Batch 1023 - SVC Farming,,,,,,,
54418 - FEEDLOT,25-08-35-184541,156,Male,Bonsmara,Batch 1023 - SVC Farming,,,,,,,
54418 - FEEDLOT,25-08-35-184648,221,Female,Cross Breed,Batch 1023 - SVC Farming,,,,,,,
54418 - FEEDLOT,25-08-35-172316,248,Male,Bonsmara,Batch 1023 - SVC Farming,,,,,,,
54418 - FEEDLOT,25-08-35-122136,206,Female,Sussex,Batch 1023 - SVC Farming,,,,,,,
54418 - FEEDLOT,25-08-35-101423,231,Male,Cross Breed,Batch 1023 - SVC Farming,,,,,,,
54418 - FEEDLOT,25-08-35-128702,219,Male,Brahman Cross,Batch 1023 - SVC Farming,,,,,,,
54418 - FEEDLOT,25-08-35-115668,163,Male,Braunvieh,Batch 1023 - SVC Farming,,,,,,,
54418 - FEEDLOT,25-08-35-114837,226,Male,Bonsmara,Batch 1023 - SVC Farming,,,,,,,
54418 - FEEDLOT,25-08-35-184743,194,Male,Brahman Cross,Batch 1023 - SVC Farming,,,,,,,
54418 - FEEDLOT,25-08-35-154978,226,Male,Sussex,Batch 1023 - SVC Farming,,,,,,,
54418 - FEEDLOT,25-08-35-174481,184,Male,Simbra,Batch 1023 - SVC Farming,,,,,,,
54418 - FEEDLOT,25-08-35-117647,222,Male,Bonsmara,Batch 1023 - SVC Farming,,,,,,,
54418 - FEEDLOT,25-08-35-133452,248,Female,Bonsmara,Batch 1023 - SVC Farming,,,,,,,
54418 - FEEDLOT,25-08-35-065389,246,Male,Bonsmara,Batch 1023 - SVC Farming,,,,,,,
54418 - FEEDLOT,25-08-35-174577,187,Male,Cross Breed,Batch 1023 - SVC Farming,,,,,,,
54418 - FEEDLOT,25-08-35-049832,237,Male,Brahman Cross,Batch 1023 - SVC Farming,,,,,,,
54418 - FEEDLOT,25-08-35-155485,195,Male,Bonsmara,Batch 1023 - SVC Farming,,,,,,,
54418 - FEEDLOT,25-08-35-183179,243,Male,Bonsmara,Batch 1023 - SVC Farming,,,,,,,
54418 - FEEDLOT,25-08-35-174773,222,Male,Bonsmara,Batch 1023 - SVC Farming,,,,,,,
54418 - FEEDLOT,25-08-35-172574,193,Female,Brahman Cross,Batch 1023 - SVC Farming,,,,,,,
54418 - FEEDLOT,25-08-35-123690,226,Male,Brahman Cross,Batch 1023 - SVC Farming,,,,,,,
54418 - FEEDLOT,25-08-35-108001,238,Male,Bonsmara,Batch 1023 - SVC Farming,,,,,,,
54418 - FEEDLOT,25-08-35-115719,217,Male,Bonsmara,Batch 1023 - SVC Farming,,,,,,,
54418 - FEEDLOT,25-08-35-144436,245,Male,Cross Breed,Batch 1023 - SVC Farming,,,,,,,
54418 - FEEDLOT,25-08-35-090594,175,Female,Bonsmara,Batch 1023 - SVC Farming,,,,,,,
54418 - FEEDLOT,25-08-35-097238,256,Male,Bonsmara,Batch 1023 - SVC Farming,,,,,,,
54418 - FEEDLOT,25-08-35-072288,213,Female,Brahman Cross,Batch 1023 - SVC Farming,,,,,,,
54418 - FEEDLOT,25-08-35-174898,226,Female,Brahman Cross,Batch 1023 - SVC Farming,,,,,,,
54418 - FEEDLOT,25-08-35-174215,169,Male,Sussex,Batch 1023 - SVC Farming,,,,,,,
54418 - FEEDLOT,25-08-35-144949,187,Female,Bonsmara,Batch 1023 - SVC Farming,,,,,,,
54418 - FEEDLOT,25-08-35-157009,191,Female,Bonsmara,Batch 1023 - SVC Farming,,,,,,,
54418 - FEEDLOT,25-08-35-707531,262,Female,Cross Breed,Batch 1023 - SVC Farming,,,,,,,
54418 - FEEDLOT,25-08-35-090448,148,Male,Brahman Cross,Batch 1023 - SVC Farming,,,,,,,
54418 - FEEDLOT,25-08-35-075220,168,Male,Cross Breed,Batch 1023 - SVC Farming,,,,,,,
54418 - FEEDLOT,25-08-35-109883,226,Female,Bonsmara,Batch 1023 - SVC Farming,,,,,,,
54418 - FEEDLOT,25-08-35-149185,234,Male,Simmentaler,Batch 1023 - SVC Farming,,,,,,,
54418 - FEEDLOT,25-08-35-097424,208,Female,Brahman Cross,Batch 1023 - SVC Farming,,,,,,,
54418 - FEEDLOT,25-08-35-117847,234,Male,Bonsmara,Batch 1023 - SVC Farming,,,,,,,
54418 - FEEDLOT,25-08-35-075657,225,Male,Brahman Cross,Batch 1023 - SVC Farming,,,,,,,
54418 - FEEDLOT,25-08-35-122602,246,Male,Cross Breed,Batch 1023 - SVC Farming,,,,,,,
54418 - FEEDLOT,25-08-35-158555,225,Male,Bonsmara,Batch 1023 - SVC Farming,,,,,,,
54418 - FEEDLOT,25-08-35-184519,229,Male,Bonsmara,Batch 1023 - SVC Farming,,,,,,,
54418 - FEEDLOT,25-08-35-062412,131,Female,Bonsmara,Batch 1023 - SVC Farming,,,,,,,
54418 - FEEDLOT,25-08-35-171791,223,Male,Brahman,Batch 1023 - SVC Farming,,,,,,,
54418 - FEEDLOT,25-08-35-175964,181,Female,Brahman Cross,Batch 1023 - SVC Farming,,,,,,,
54418 - FEEDLOT,25-08-35-150178,182,Male,Brahman Cross,Batch 1023 - SVC Farming,,,,,,,
54418 - FEEDLOT,25-08-35-113761,111,Female,Bonsmara,Batch 1023 - SVC Farming,,,,,,,
54418 - FEEDLOT,25-08-35-047238,239,Female,Bonsmara,Batch 1023 - SVC Farming,,,,,,,
54418 - FEEDLOT,25-08-35-171771,168,Female,Bonsmara,Batch 1023 - SVC Farming,,,,,,,
54418 - FEEDLOT,25-08-35-183786,224,Female,Cross Breed,Batch 1023 - SVC Farming,,,,,,,
54418 - FEEDLOT,25-08-35-176464,256,Male,Bonsmara,Batch 1023 - SVC Farming,,,,,,,
54418 - FEEDLOT,25-08-35-107904,180,Male,Brahman Cross,Batch 1023 - SVC Farming,,,,,,,
54418 - FEEDLOT,25-08-35-172468,153,Female,Bonsmara,Batch 1023 - SVC Farming,,,,,,,
54418 - FEEDLOT,25-08-35-064186,161,Female,Brahman,Batch 1023 - SVC Farming,,,,,,,
54418 - FEEDLOT,25-08-35-085465,200,Male,Brahman,Batch 1023 - SVC Farming,,,,,,,
54418 - FEEDLOT,25-08-35-129265,151,Female,Bonsmara,Batch 1023 - SVC Farming,,,,,,,
54418 - FEEDLOT,25-08-35-143233,196,Female,Brahman,Batch 1023 - SVC Farming,,,,,,,
54418 - FEEDLOT,25-08-35-145642,238,Female,Bonsmara,Batch 1023 - SVC Farming,,,,,,,
54418 - FEEDLOT,25-08-35-113454,261,Male,Bonsmara,Batch 1023 - SVC Farming,,,,,,,
54418 - FEEDLOT,25-08-35-146982,218,Male,Cross Breed,Batch 1023 - SVC Farming,,,,,,,
54418 - FEEDLOT,25-08-35-172140,211,Male,Simbra,Batch 1023 - SVC Farming,,,,,,,
54418 - FEEDLOT,25-08-35-174093,209,Male,Cross Breed,Batch 1023 - SVC Farming,,,,,,,
54418 - FEEDLOT,25-08-35-157993,196,Male,Bonsmara,Batch 1023 - SVC Farming,,,,,,,
54418 - FEEDLOT,25-08-35-116142,208,Female,Brahman Cross,Batch 1023 - SVC Farming,,,,,,,
54418 - FEEDLOT,25-08-35-171653,181,Female,Bonsmara,Batch 1023 - SVC Farming,,,,,,,
54418 - FEEDLOT,25-08-35-100792,192,Male,Brahman,Batch 1023 - SVC Farming,,,,,,,
54418 - FEEDLOT,25-08-35-156817,209,Male,Cross Breed,Batch 1023 - SVC Farming,,,,,,,
54418 - FEEDLOT,25-08-35-081330,193,Female,Simmentaler,Batch 1023 - SVC Farming,,,,,,,
54418 - FEEDLOT,25-08-35-174835,173,Female,Sussex,Batch 1023 - SVC Farming,,,,,,,
54417 - ROODEKOPPIES,25-08-35-193243,203,Female,Brahman Cross,Batch 1022 - SVC Farming,,,,,,,
54417 - ROODEKOPPIES,25-08-35-193246,227,Male,Brahman,Batch 1022 - SVC Farming,,,,,,,
54417 - ROODEKOPPIES,25-08-35-193254,220,Female,Cross Breed,Batch 1022 - SVC Farming,,,,,,,
54417 - ROODEKOPPIES,25-08-35-119504,243,Male,Brahman Cross,Batch 1022 - SVC Farming,,,,,,,
54417 - ROODEKOPPIES,25-08-35-091857,192,Female,Braunvieh,Batch 1022 - SVC Farming,,,,,,,
54417 - ROODEKOPPIES,25-08-35-193221,222,Female,Bonsmara,Batch 1022 - SVC Farming,,,,,,,
54417 - ROODEKOPPIES,25-08-35-193237,186,Male,Cross Breed,Batch 1022 - SVC Farming,,,,,,,
54417 - ROODEKOPPIES,25-08-35-193259,185,Male,Sussex,Batch 1022 - SVC Farming,,,,,,,
54417 - ROODEKOPPIES,25-08-35-077122,194,Male,Brahman Cross,Batch 1022 - SVC Farming,,,,,,,
54417 - ROODEKOPPIES,25-08-35-193219,219,Female,Simbra,Batch 1022 - SVC Farming,,,,,,,
54417 - ROODEKOPPIES,25-08-35-119769,212,Male,Bonsmara,Batch 1022 - SVC Farming,,,,,,,
54417 - ROODEKOPPIES,25-08-35-060446,223,Female,Braunvieh,Batch 1022 - SVC Farming,,,,,,,
54417 - ROODEKOPPIES,25-08-35-153920,273,Female,Sussex,Batch 1022 - SVC Farming,,,,,,,
54417 - ROODEKOPPIES,25-08-35-157406,181,Female,Brahman Cross,Batch 1022 - SVC Farming,,,,,,,
54417 - ROODEKOPPIES,25-08-35-193239,232,Female,Brahman Cross,Batch 1022 - SVC Farming,,,,,,,
54417 - ROODEKOPPIES,25-08-35-063003,195,Male,Bonsmara,Batch 1022 - SVC Farming,,,,,,,
54417 - ROODEKOPPIES,25-08-35-108500,260,Female,Cross Breed,Batch 1022 - SVC Farming,,,,,,,
54417 - ROODEKOPPIES,25-08-35-193229,189,Male,Bonsmara,Batch 1022 - SVC Farming,,,,,,,
54417 - ROODEKOPPIES,25-08-35-193249,206,Male,Simmentaler,Batch 1022 - SVC Farming,,,,,,,
54417 - ROODEKOPPIES,25-08-35-126536,201,Female,Cross Breed,Batch 1022 - SVC Farming,,,,,,,
54417 - ROODEKOPPIES,25-08-35-124147,223,Male,Bonsmara,Batch 1022 - SVC Farming,,,,,,,
54417 - ROODEKOPPIES,25-08-35-115646,180,Male,Brahman Cross,Batch 1022 - SVC Farming,,,,,,,
54417 - ROODEKOPPIES,25-08-35-193250,176,Male,Simmentaler,Batch 1022 - SVC Farming,,,,,,,
54417 - ROODEKOPPIES,25-08-35-193242,231,Female,Simmentaler,Batch 1022 - SVC Farming,,,,,,,
54417 - ROODEKOPPIES,25-08-35-172524,212,Male,Brahman Cross,Batch 1022 - SVC Farming,,,,,,,
54417 - ROODEKOPPIES,25-08-35-193228,208,Male,Bonsmara,Batch 1022 - SVC Farming,,,,,,,
54417 - ROODEKOPPIES,25-08-35-193213,255,Female,Cross Breed,Batch 1022 - SVC Farming,,,,,,,
54417 - ROODEKOPPIES,25-08-35-193214,225,Female,Sussex,Batch 1022 - SVC Farming,,,,,,,
54417 - ROODEKOPPIES,25-08-35-078244,209,Male,Bonsmara,Batch 1022 - SVC Farming,,,,,,,
54417 - ROODEKOPPIES,25-08-35-193211,202,Male,Brahman,Batch 1022 - SVC Farming,,,,,,,
54417 - ROODEKOPPIES,25-08-35-193236,269,Female,Cross Breed,Batch 1022 - SVC Farming,,,,,,,
54417 - ROODEKOPPIES,25-08-35-047091,257,Female,Simmentaler,Batch 1022 - SVC Farming,,,,,,,
54417 - ROODEKOPPIES,25-08-35-102562,206,Male,Brahman Cross,Batch 1022 - SVC Farming,,,,,,,
54417 - ROODEKOPPIES,25-08-35-184544,212,Female,Simmentaler,Batch 1022 - SVC Farming,,,,,,,
54417 - ROODEKOPPIES,25-08-35-086159,278,Female,Bonsmara,Batch 1022 - SVC Farming,,,,,,,
54417 - ROODEKOPPIES,25-08-35-193230,214,Male,Brahman Cross,Batch 1022 - SVC Farming,,,,,,,
54417 - ROODEKOPPIES,25-08-35-072825,218,Male,Simbra,Batch 1022 - SVC Farming,,,,,,,
54417 - ROODEKOPPIES,25-08-35-045773,184,Male,Brahman Cross,Batch 1022 - SVC Farming,,,,,,,
54417 - ROODEKOPPIES,25-08-35-193207,220,Female,Braunvieh,Batch 1022 - SVC Farming,,,,,,,
54417 - ROODEKOPPIES,25-08-35-084219,296,Male,Simmentaler,Batch 1022 - SVC Farming,,,,,,,
54417 - ROODEKOPPIES,25-08-35-125296,227,Female,Cross Breed,Batch 1022 - SVC Farming,,,,,,,
54417 - ROODEKOPPIES,25-08-35-122058,241,Female,Brahman Cross,Batch 1022 - SVC Farming,,,,,,,
54417 - ROODEKOPPIES,25-08-35-157416,224,Male,Cross Breed,Batch 1022 - SVC Farming,,,,,,,
54417 - ROODEKOPPIES,25-08-35-148878,224,Female,Simmentaler,Batch 1022 - SVC Farming,,,,,,,
54417 - ROODEKOPPIES,25-08-35-193253,223,Male,Bonsmara,Batch 1022 - SVC Farming,,,,,,,
54417 - ROODEKOPPIES,25-08-35-114177,245,Male,Bonsmara,Batch 1022 - SVC Farming,,,,,,,
54417 - ROODEKOPPIES,25-08-35-089650,180,Male,Bonsmara,Batch 1022 - SVC Farming,,,,,,,
54417 - ROODEKOPPIES,25-08-35-193251,199,Female,Bonsmara,Batch 1022 - SVC Farming,,,,,,,
54417 - ROODEKOPPIES,25-08-35-193235,174,Male,Brahman Cross,Batch 1022 - SVC Farming,,,,,,,
54417 - ROODEKOPPIES,25-08-35-193248,212,Female,Bonsmara,Batch 1022 - SVC Farming,,,,,,,
54417 - ROODEKOPPIES,25-08-35-095119,201,Male,Bonsmara,Batch 1022 - SVC Farming,,,,,,,
54417 - ROODEKOPPIES,25-08-35-130826,206,Female,Sussex,Batch 1022 - SVC Farming,,,,,,,
54417 - ROODEKOPPIES,25-08-35-122007,208,Male,Cross Breed,Batch 1022 - SVC Farming,,,,,,,
54417 - ROODEKOPPIES,25-08-35-095722,236,Male,Cross Breed,Batch 1022 - SVC Farming,,,,,,,
54417 - ROODEKOPPIES,25-08-35-166651,247,Female,Sussex,Batch 1022 - SVC Farming,,,,,,,
54417 - ROODEKOPPIES,25-08-35-193238,187,Male,Braunvieh,Batch 1022 - SVC Farming,,,,,,,
54417 - ROODEKOPPIES,25-08-35-193258,219,Female,Cross Breed,Batch 1022 - SVC Farming,,,,,,,
54417 - ROODEKOPPIES,25-08-35-193226,242,Male,Bonsmara,Batch 1022 - SVC Farming,,,,,,,
54417 - ROODEKOPPIES,25-08-35-193204,162,Male,Sussex,Batch 1022 - SVC Farming,,,,,,,
54417 - ROODEKOPPIES,25-08-35-193240,182,Male,Cross Breed,Batch 1022 - SVC Farming,,,,,,,
54417 - ROODEKOPPIES,25-08-35-183197,225,Female,Bonsmara,Batch 1022 - SVC Farming,,,,,,,
54417 - ROODEKOPPIES,25-08-35-139141,217,Male,Brahman Cross,Batch 1022 - SVC Farming,,,,,,,
54417 - ROODEKOPPIES,25-08-35-193199,224,Female,Braunvieh,Batch 1022 - SVC Farming,,,,,,,
54417 - ROODEKOPPIES,25-08-35-150172,236,Male,Bonsmara,Batch 1022 - SVC Farming,,,,,,,
54417 - ROODEKOPPIES,25-08-35-111866,169,Male,Brahman Cross,Batch 1022 - SVC Farming,,,,,,,
54417 - ROODEKOPPIES,25-08-35-193206,212,Male,Brahman Cross,Batch 1022 - SVC Farming,,,,,,,
54417 - ROODEKOPPIES,25-08-35-193223,199,Male,Simmentaler,Batch 1022 - SVC Farming,,,,,,,
54417 - ROODEKOPPIES,25-08-35-122453,224,Male,Bonsmara,Batch 1022 - SVC Farming,,,,,,,
54417 - ROODEKOPPIES,25-08-35-193224,189,Male,Brahman Cross,Batch 1022 - SVC Farming,,,,,,,
54417 - ROODEKOPPIES,25-08-35-193227,197,Male,Brahman Cross,Batch 1022 - SVC Farming,,,,,,,
54417 - ROODEKOPPIES,25-08-35-112369,190,Female,Brahman,Batch 1022 - SVC Farming,,,,,,,
54417 - ROODEKOPPIES,25-08-35-156921,218,Male,Sussex,Batch 1022 - SVC Farming,,,,,,,
54417 - ROODEKOPPIES,25-08-35-160331,254,Female,Cross Breed,Batch 1022 - SVC Farming,,,,,,,
54417 - ROODEKOPPIES,25-08-35-193209,239,Female,Bonsmara,Batch 1022 - SVC Farming,,,,,,,
54417 - ROODEKOPPIES,25-08-35-193197,200,Female,Brahman Cross,Batch 1022 - SVC Farming,,,,,,,
54417 - ROODEKOPPIES,25-08-35-193245,155,Male,Cross Breed,Batch 1022 - SVC Farming,,,,,,,
54417 - ROODEKOPPIES,25-08-35-193200,202,Male,Boran,Batch 1022 - SVC Farming,,,,,,,
54417 - ROODEKOPPIES,25-08-35-193257,209,Male,Brahman,Batch 1022 - SVC Farming,,,,,,,
54417 - ROODEKOPPIES,25-08-35-193231,189,Male,Brahman,Batch 1022 - SVC Farming,,,,,,,
54417 - ROODEKOPPIES,25-08-35-193255,194,Female,Bonsmara,Batch 1022 - SVC Farming,,,,,,,
54417 - ROODEKOPPIES,25-08-35-193215,224,Female,Cross Breed,Batch 1022 - SVC Farming,,,,,,,
54417 - ROODEKOPPIES,25-08-35-193256,246,Female,Simmentaler,Batch 1022 - SVC Farming,,,,,,,
54417 - ROODEKOPPIES,25-08-35-070385,218,Male,Brahman Cross,Batch 1022 - SVC Farming,,,,,,,
54417 - ROODEKOPPIES,25-08-35-193244,238,Female,Cross Breed,Batch 1022 - SVC Farming,,,,,,,
54417 - ROODEKOPPIES,25-08-35-193212,230,Male,Bonsmara,Batch 1022 - SVC Farming,,,,,,,
54417 - ROODEKOPPIES,25-08-35-193198,203,Male,Brahman Cross,Batch 1022 - SVC Farming,,,,,,,
54417 - ROODEKOPPIES,25-08-35-193220,204,Male,Brahman Cross,Batch 1022 - SVC Farming,,,,,,,
54417 - ROODEKOPPIES,25-08-35-193225,192,Male,Sussex,Batch 1022 - SVC Farming,,,,,,,
54417 - ROODEKOPPIES,25-08-35-193222,237,Female,Braunvieh,Batch 1022 - SVC Farming,,,,,,,
54417 - ROODEKOPPIES,25-08-35-193232,246,Female,Simmentaler,Batch 1022 - SVC Farming,,,,,,,
54417 - ROODEKOPPIES,25-08-35-193252,257,Male,Bonsmara,Batch 1022 - SVC Farming,,,,,,,
54417 - ROODEKOPPIES,25-08-35-115742,220,Female,Sussex,Batch 1022 - SVC Farming,,,,,,,
54417 - ROODEKOPPIES,25-08-35-193205,232,Male,Simmentaler,Batch 1022 - SVC Farming,,,,,,,
54417 - ROODEKOPPIES,25-08-35-193210,262,Male,Brahman Cross,Batch 1022 - SVC Farming,,,,,,,
54417 - ROODEKOPPIES,25-08-35-193233,242,Female,Braunvieh,Batch 1022 - SVC Farming,,,,,,,
54417 - ROODEKOPPIES,25-08-35-184321,251,Female,Cross Breed,Batch 1022 - SVC Farming,,,,,,,
54417 - ROODEKOPPIES,25-08-35-193201,206,Male,Brahman Cross,Batch 1022 - SVC Farming,,,,,,,
54417 - ROODEKOPPIES,25-08-35-173244,206,Male,Bonsmara,Batch 1022 - SVC Farming,,,,,,,
54417 - ROODEKOPPIES,25-08-35-193196,212,Male,Simmentaler,Batch 1022 - SVC Farming,,,,,,,
54417 - ROODEKOPPIES,25-08-35-125061,245,Male,Bonsmara,Batch 1022 - SVC Farming,,,,,,,
54417 - ROODEKOPPIES,25-08-35-193203,260,Male,Cross Breed,Batch 1022 - SVC Farming,,,,,,,
54417 - ROODEKOPPIES,25-08-35-026646,235,Male,Simbra,Batch 1022 - SVC Farming,,,,,,,
54417 - ROODEKOPPIES,25-08-35-069504,238,Female,Cross Breed,Batch 1022 - SVC Farming,,,,,,,
54417 - ROODEKOPPIES,25-08-35-193217,201,Female,Cross Breed,Batch 1022 - SVC Farming,,,,,,,
54417 - ROODEKOPPIES,25-08-35-193241,233,Female,Braunvieh,Batch 1022 - SVC Farming,,,,,,,
54417 - ROODEKOPPIES,25-08-35-110971,239,Male,Bonsmara,Batch 1022 - SVC Farming,,,,,,,
54417 - ROODEKOPPIES,25-08-35-193234,258,Male,Bonsmara,Batch 1022 - SVC Farming,,,,,,,
54417 - ROODEKOPPIES,25-08-35-078829,228,Male,Brahman Cross,Batch 1022 - SVC Farming,,,,,,,
54417 - ROODEKOPPIES,25-08-35-074197,217,Male,Brahman,Batch 1022 - SVC Farming,,,,,,,
54417 - ROODEKOPPIES,25-08-35-193216,207,Female,Brahman,Batch 1022 - SVC Farming,,,,,,,
54417 - ROODEKOPPIES,25-08-35-138882,204,Female,Sussex,Batch 1022 - SVC Farming,,,,,,,
54417 - ROODEKOPPIES,25-08-35-138432,200,Male,Bonsmara,Batch 1022 - SVC Farming,,,,,,,
54417 - ROODEKOPPIES,25-08-35-079179,245,Female,Brahman Cross,Batch 1022 - SVC Farming,,,,,,,
54417 - ROODEKOPPIES,25-08-35-193247,240,Male,Cross Breed,Batch 1022 - SVC Farming,,,,,,,
54417 - ROODEKOPPIES,25-08-35-193208,220,Male,Bonsmara,Batch 1022 - SVC Farming,,,,,,,
54417 - ROODEKOPPIES,25-08-35-079724,191,Female,Bonsmara,Batch 1022 - SVC Farming,,,,,,,
54417 - ROODEKOPPIES,25-08-35-128599,247,Female,Simmentaler,Batch 1022 - SVC Farming,,,,,,,
54417 - ROODEKOPPIES,25-08-35-193218,224,Female,Cross Breed,Batch 1022 - SVC Farming,,,,,,,
54418 - ROODEKOPPIES,25-08-35-193219,218,Female,Cross Breed,Batch 1022 - SVC Farming,,,,,,,
54426 - ROODEKOPPIES,25-08-35-146488,309,Male,Simbra,Batch 1025 - SVC Farming,,,,,,,
54426 - ROODEKOPPIES,25-08-35-115666,243,Male,Brangus,Batch 1025 - SVC Farming,,,,,,,
54426 - ROODEKOPPIES,25-08-35-103783,265,Male,Brahman Cross,Batch 1025 - SVC Farming,,,,,,,
54426 - ROODEKOPPIES,25-08-35-145153,228,Male,Brahman Cross,Batch 1025 - SVC Farming,,,,,,,
54426 - ROODEKOPPIES,25-08-35-091012,234,Male,Brahman Cross,Batch 1025 - SVC Farming,,,,,,,
54426 - ROODEKOPPIES,25-08-35-118878,266,Male,Brahman,Batch 1025 - SVC Farming,,,,,,,
54426 - ROODEKOPPIES,25-08-35-156590,242,Male,Brahman Cross,Batch 1025 - SVC Farming,,,,,,,
54426 - ROODEKOPPIES,25-08-35-113903,217,Female,Brahman Cross,Batch 1025 - SVC Farming,,,,,,,
54426 - ROODEKOPPIES,25-08-35-069198,224,Male,Tuli,Batch 1025 - SVC Farming,,,,,,,
54426 - ROODEKOPPIES,25-08-35-144673,218,Male,Brahman,Batch 1025 - SVC Farming,,,,,,,
54426 - ROODEKOPPIES,25-08-35-108291,236,Male,Brahman,Batch 1025 - SVC Farming,,,,,,,
54426 - ROODEKOPPIES,25-08-35-115157,275,Male,Brahman Cross,Batch 1025 - SVC Farming,,,,,,,
54426 - ROODEKOPPIES,25-08-35-146357,277,Male,Brahman,Batch 1025 - SVC Farming,,,,,,,
54426 - ROODEKOPPIES,25-08-35-113532,197,Male,Brahman Cross,Batch 1025 - SVC Farming,,,,,,,
54426 - ROODEKOPPIES,25-08-35-133662,245,Male,Brahman Cross,Batch 1025 - SVC Farming,,,,,,,
54426 - ROODEKOPPIES,25-08-35-158537,206,Female,Brahman,Batch 1025 - SVC Farming,,,,,,,
54426 - ROODEKOPPIES,25-08-35-130877,242,Male,Brahman Cross,Batch 1025 - SVC Farming,,,,,,,
54426 - ROODEKOPPIES,25-08-35-135004,232,Female,Simbra,Batch 1025 - SVC Farming,,,,,,,
54426 - ROODEKOPPIES,25-08-35-134744,236,Male,Brahman Cross,Batch 1025 - SVC Farming,,,,,,,
54426 - ROODEKOPPIES,25-08-35-132630,230,Male,Boran,Batch 1025 - SVC Farming,,,,,,,
54426 - ROODEKOPPIES,25-08-35-141116,217,Male,Brahman Cross,Batch 1025 - SVC Farming,,,,,,,
54426 - ROODEKOPPIES,25-08-35-092536,278,Female,Bonsmara,Batch 1025 - SVC Farming,,,,,,,
54426 - ROODEKOPPIES,25-08-35-116112,185,Male,Brahman Cross,Batch 1025 - SVC Farming,,,,,,,
54426 - ROODEKOPPIES,25-08-35-073333,230,Male,Braunvieh,Batch 1025 - SVC Farming,,,,,,,
54426 - ROODEKOPPIES,25-08-35-170169,261,Male,Brahman,Batch 1025 - SVC Farming,,,,,,,
54426 - ROODEKOPPIES,25-08-35-119498,248,Male,Simmentaler,Batch 1025 - SVC Farming,,,,,,,
54426 - ROODEKOPPIES,25-08-35-132176,218,Male,Cross Breed,Batch 1025 - SVC Farming,,,,,,,
54426 - ROODEKOPPIES,25-08-35-082800,254,Male,Cross Breed,Batch 1025 - SVC Farming,,,,,,,
54426 - ROODEKOPPIES,25-08-35-136997,232,Male,Brahman Cross,Batch 1025 - SVC Farming,,,,,,,
54426 - ROODEKOPPIES,25-08-35-156775,218,Male,Brahman Cross,Batch 1025 - SVC Farming,,,,,,,
54426 - ROODEKOPPIES,25-08-35-143152,216,Male,Brahman Cross,Batch 1025 - SVC Farming,,,,,,,
54426 - ROODEKOPPIES,25-08-35-151784,175,Male,Brahman Cross,Batch 1025 - SVC Farming,,,,,,,
54426 - ROODEKOPPIES,25-08-35-114011,257,Male,Brahman,Batch 1025 - SVC Farming,,,,,,,
54426 - ROODEKOPPIES,25-08-35-116230,280,Male,Sussex,Batch 1025 - SVC Farming,,,,,,,
54426 - ROODEKOPPIES,25-08-35-092400,242,Male,Brahman,Batch 1025 - SVC Farming,,,,,,,
54426 - ROODEKOPPIES,25-08-35-144741,209,Male,Tuli,Batch 1025 - SVC Farming,,,,,,,
54426 - ROODEKOPPIES,25-08-35-108175,246,Male,Brahman Cross,Batch 1025 - SVC Farming,,,,,,,
54426 - ROODEKOPPIES,25-08-35-137141,259,Male,Bonsmara,Batch 1025 - SVC Farming,,,,,,,
54426 - ROODEKOPPIES,25-08-35-114040,219,Female,Brahman Cross,Batch 1025 - SVC Farming,,,,,,,
54426 - ROODEKOPPIES,25-08-35-079604,249,Male,Brahman Cross,Batch 1025 - SVC Farming,,,,,,,
54426 - ROODEKOPPIES,25-08-35-109078,251,Male,Brahman Cross,Batch 1025 - SVC Farming,,,,,,,
54426 - ROODEKOPPIES,25-08-35-133658,257,Male,Brahman Cross,Batch 1025 - SVC Farming,,,,,,,
54426 - ROODEKOPPIES,25-08-35-117376,229,Female,Brahman,Batch 1025 - SVC Farming,,,,,,,
54426 - ROODEKOPPIES,25-08-35-089210,258,Female,Brahman Cross,Batch 1025 - SVC Farming,,,,,,,
54426 - ROODEKOPPIES,25-08-35-113524,248,Male,Brahman Cross,Batch 1025 - SVC Farming,,,,,,,
54426 - ROODEKOPPIES,25-08-35-130769,209,Male,Cross Breed,Batch 1025 - SVC Farming,,,,,,,
54426 - ROODEKOPPIES,25-08-35-122478,228,Female,Bonsmara,Batch 1025 - SVC Farming,,,,,,,
54426 - ROODEKOPPIES,25-08-35-114852,233,Male,Brahman,Batch 1025 - SVC Farming,,,,,,,
54426 - ROODEKOPPIES,25-08-35-111779,261,Male,Sussex,Batch 1025 - SVC Farming,,,,,,,
54426 - ROODEKOPPIES,25-08-35-127476,245,Male,Brahman Cross,Batch 1025 - SVC Farming,,,,,,,
54426 - ROODEKOPPIES,25-08-35-095070,181,Male,Brahman,Batch 1025 - SVC Farming,,,,,,,
54426 - ROODEKOPPIES,25-08-35-050335,260,Male,Brahman,Batch 1025 - SVC Farming,,,,,,,
54426 - ROODEKOPPIES,25-08-35-175782,203,Male,Brahman Cross,Batch 1025 - SVC Farming,,,,,,,
54426 - ROODEKOPPIES,25-08-35-080737,214,Male,Cross Breed,Batch 1025 - SVC Farming,,,,,,,
54426 - ROODEKOPPIES,25-08-35-129907,228,Male,Cross Breed,Batch 1025 - SVC Farming,,,,,,,
54426 - ROODEKOPPIES,25-08-35-108911,178,Male,Brahman Cross,Batch 1025 - SVC Farming,,,,,,,
54426 - ROODEKOPPIES,25-08-35-148771,227,Male,Brahman Cross,Batch 1025 - SVC Farming,,,,,,,
54426 - ROODEKOPPIES,25-08-35-078920,210,Male,Brahman Cross,Batch 1025 - SVC Farming,,,,,,,
54426 - ROODEKOPPIES,25-08-35-116706,225,Male,Simmentaler,Batch 1025 - SVC Farming,,,,,,,
54426 - ROODEKOPPIES,25-08-35-106611,228,Male,Brahman Cross,Batch 1025 - SVC Farming,,,,,,,
54426 - ROODEKOPPIES,25-08-35-137946,185,Male,Hugenot,Batch 1025 - SVC Farming,,,,,,,
54426 - ROODEKOPPIES,25-08-35-115624,189,Female,Cross Breed,Batch 1025 - SVC Farming,,,,,,,
54426 - ROODEKOPPIES,25-08-35-090607,288,Male,Brahman Cross,Batch 1025 - SVC Farming,,,,,,,
54426 - ROODEKOPPIES,25-08-35-115086,250,Male,Simmentaler,Batch 1025 - SVC Farming,,,,,,,
54426 - ROODEKOPPIES,25-08-35-143722,195,Male,Brahman Cross,Batch 1025 - SVC Farming,,,,,,,
54426 - ROODEKOPPIES,25-08-35-114969,273,Male,Brahman Cross,Batch 1025 - SVC Farming,,,,,,,
54426 - ROODEKOPPIES,25-08-35-155232,246,Male,Sussex,Batch 1025 - SVC Farming,,,,,,,
54426 - ROODEKOPPIES,25-08-35-115812,215,Male,Hereford,Batch 1025 - SVC Farming,,,,,,,
54426 - ROODEKOPPIES,25-08-35-113965,225,Male,Simmentaler,Batch 1025 - SVC Farming,,,,,,,
54426 - ROODEKOPPIES,25-08-35-140116,243,Male,Brahman,Batch 1025 - SVC Farming,,,,,,,
54426 - ROODEKOPPIES,25-08-35-115390,218,Male,Brahman Cross,Batch 1025 - SVC Farming,,,,,,,
54426 - ROODEKOPPIES,25-08-35-111397,229,Male,Brahman Cross,Batch 1025 - SVC Farming,,,,,,,
54426 - ROODEKOPPIES,25-08-35-116098,251,Male,Brahman Cross,Batch 1025 - SVC Farming,,,,,,,
54426 - ROODEKOPPIES,25-08-35-145632,203,Male,Brahman Cross,Batch 1025 - SVC Farming,,,,,,,
54426 - ROODEKOPPIES,25-08-35-106626,213,Male,Brahman Cross,Batch 1025 - SVC Farming,,,,,,,
54426 - ROODEKOPPIES,25-08-35-115164,242,Male,Brahman Cross,Batch 1025 - SVC Farming,,,,,,,
54426 - ROODEKOPPIES,25-08-35-116806,290,Male,Brahman,Batch 1025 - SVC Farming,,,,,,,
54426 - ROODEKOPPIES,25-08-35-128749,238,Male,Brahman Cross,Batch 1025 - SVC Farming,,,,,,,
54426 - ROODEKOPPIES,25-08-35-112521,268,Female,Cross Breed,Batch 1025 - SVC Farming,,,,,,,
54426 - ROODEKOPPIES,25-08-35-115506,248,Female,Simmentaler,Batch 1025 - SVC Farming,,,,,,,
54426 - ROODEKOPPIES,25-08-35-087218,215,Male,Brahman Cross,Batch 1025 - SVC Farming,,,,,,,
54426 - ROODEKOPPIES,25-08-35-085536,249,Male,Brahman,Batch 1025 - SVC Farming,,,,,,,
54426 - ROODEKOPPIES,25-08-35-129825,241,Male,Bonsmara,Batch 1025 - SVC Farming,,,,,,,
54426 - ROODEKOPPIES,25-08-35-076922,216,Male,Brahman Cross,Batch 1025 - SVC Farming,,,,,,,
54426 - ROODEKOPPIES,25-08-35-109717,249,Male,Braunvieh,Batch 1025 - SVC Farming,,,,,,,
54426 - ROODEKOPPIES,25-08-35-142681,254,Female,Brahman Cross,Batch 1025 - SVC Farming,,,,,,,
54426 - ROODEKOPPIES,25-08-35-183993,236,Female,Brahman Cross,Batch 1025 - SVC Farming,,,,,,,
54426 - ROODEKOPPIES,25-08-35-115396,261,Male,Hugenot,Batch 1025 - SVC Farming,,,,,,,
54426 - ROODEKOPPIES,25-08-35-102140,251,Male,Cross Breed,Batch 1025 - SVC Farming,,,,,,,
54426 - ROODEKOPPIES,25-08-35-117760,277,Male,Hugenot,Batch 1025 - SVC Farming,,,,,,,
54426 - ROODEKOPPIES,25-08-35-061539,290,Male,Brahman Cross,Batch 1025 - SVC Farming,,,,,,,
54426 - ROODEKOPPIES,25-08-35-106799,220,Male,Brahman Cross,Batch 1025 - SVC Farming,,,,,,,
54426 - ROODEKOPPIES,25-08-35-110143,254,Female,Nguni Cross,Batch 1025 - SVC Farming,,,,,,,
54426 - ROODEKOPPIES,25-08-35-116482,214,Male,Brahman,Batch 1025 - SVC Farming,,,,,,,
54426 - ROODEKOPPIES,25-08-35-049188,216,Male,Brahman Cross,Batch 1025 - SVC Farming,,,,,,,
54426 - ROODEKOPPIES,25-08-35-095130,263,Male,Brahman Cross,Batch 1025 - SVC Farming,,,,,,,
54426 - ROODEKOPPIES,25-08-35-080885,188,Male,Cross Breed,Batch 1025 - SVC Farming,,,,,,,
54426 - ROODEKOPPIES,25-08-35-127199,217,Male,Brahman Cross,Batch 1025 - SVC Farming,,,,,,,
54426 - ROODEKOPPIES,25-08-35-139812,250,Male,Brahman Cross,Batch 1025 - SVC Farming,,,,,,,
54426 - ROODEKOPPIES,25-08-35-049341,267,Male,Beefmaster,Batch 1025 - SVC Farming,,,,,,,
54426 - ROODEKOPPIES,25-08-35-144125,233,Female,Bonsmara,Batch 1025 - SVC Farming,,,,,,,
54426 - ROODEKOPPIES,25-08-35-134271,232,Male,Brahman Cross,Batch 1025 - SVC Farming,,,,,,,
54426 - ROODEKOPPIES,25-08-35-099903,299,Male,Tuli,Batch 1025 - SVC Farming,,,,,,,
54426 - ROODEKOPPIES,25-08-35-128343,218,Male,Hugenot,Batch 1025 - SVC Farming,,,,,,,
54426 - ROODEKOPPIES,25-08-35-102868,271,Female,Bonsmara,Batch 1025 - SVC Farming,,,,,,,
54426 - ROODEKOPPIES,25-08-35-115970,277,Male,Cross Breed,Batch 1025 - SVC Farming,,,,,,,
54426 - ROODEKOPPIES,25-08-35-115872,220,Female,Brahman,Batch 1025 - SVC Farming,,,,,,,
54426 - ROODEKOPPIES,25-08-35-145082,214,Female,Dexter,Batch 1025 - SVC Farming,,,,,,,
54426 - ROODEKOPPIES,25-08-35-062816,242,Male,Cross Breed,Batch 1025 - SVC Farming,,,,,,,
54426 - ROODEKOPPIES,25-08-35-156664,272,Male,Simmentaler,Batch 1025 - SVC Farming,,,,,,,
54426 - ROODEKOPPIES,25-08-35-133849,250,Male,Brahman Cross,Batch 1025 - SVC Farming,,,,,,,
54426 - ROODEKOPPIES,25-08-35-029401,189,Male,Bonsmara,Batch 1025 - SVC Farming,,,,,,,
54426 - ROODEKOPPIES,25-08-35-144959,272,Male,Hereford,Batch 1025 - SVC Farming,,,,,,,
54426 - ROODEKOPPIES,25-08-35-142182,254,Male,Beefmaster,Batch 1025 - SVC Farming,,,,,,,
54426 - ROODEKOPPIES,25-08-35-133571,271,Male,Cross Breed,Batch 1025 - SVC Farming,,,,,,,
54426 - ROODEKOPPIES,25-08-35-067998,251,Male,Simmentaler,Batch 1025 - SVC Farming,,,,,,,